3.482448458671569824e-01,8.082900047302246094e-01,-1.349260685401532101e-07,2.932420969009399414e-01,8.608942031860351562e-01,2.922659274190664291e-03,2.445321083068847656e-01,8.629283905029296875e-01,-6.872870028018951416e-03,2.052716910839080811e-01,8.626871109008789062e-01,-2.166766300797462463e-02,1.732365489006042480e-01,8.519425392150878906e-01,-3.680577501654624939e-02,2.212107330560684204e-01,7.246567606925964355e-01,-1.423628767952322960e-03,1.552530080080032349e-01,7.258837223052978516e-01,-1.735800132155418396e-02,1.106295436620712280e-01,7.277345061302185059e-01,-2.509310841560363770e-02,7.470680773258209229e-02,7.248643040657043457e-01,-3.112984076142311096e-02,2.299412637948989868e-01,7.154999971389770508e-01,-1.647336967289447784e-02,1.575511395931243896e-01,7.788392305374145508e-01,-4.109574481844902039e-02,1.865146011114120483e-01,8.254145383834838867e-01,-3.916538506746292114e-02,2.152935117483139038e-01,8.224045634269714355e-01,-3.133745864033699036e-02,2.405745238065719604e-01,7.271344661712646484e-01,-3.272362425923347473e-02,1.789384782314300537e-01,8.020625710487365723e-01,-5.565616488456726074e-02,2.080931365489959717e-01,8.431532979011535645e-01,-4.082611948251724243e-02,2.361131310462951660e-01,8.348301053047180176e-01,-2.494901604950428009e-02,2.523950338363647461e-01,7.537956237792968750e-01,-4.967416822910308838e-02,2.076336741447448730e-01,8.180910348892211914e-01,-6.671857833862304688e-02,2.292193025350570679e-01,8.480633497238159180e-01,-5.809293687343597412e-02,2.560430765151977539e-01,8.412891626358032227e-01,-4.699190333485603333e-02
3.547069132328033447e-01,8.082890510559082031e-01,-2.517570862892171135e-07,2.921486198902130127e-01,8.575931191444396973e-01,-1.499647740274667740e-03,2.451655119657516479e-01,8.619166016578674316e-01,-1.394065190106630325e-02,2.050580382347106934e-01,8.630681037902832031e-01,-2.987156435847282410e-02,1.731247603893280029e-01,8.535999059677124023e-01,-4.525989666581153870e-02,2.187972813844680786e-01,7.223267555236816406e-01,-7.030180189758539200e-03,1.543792486190795898e-01,7.251452207565307617e-01,-2.556940540671348572e-02,1.108776256442070007e-01,7.275087237358093262e-01,-3.699617460370063782e-02,7.494129240512847900e-02,7.275819182395935059e-01,-4.602047055959701538e-02,2.288099080324172974e-01,7.133112549781799316e-01,-1.938031427562236786e-02,1.572117060422897339e-01,7.809577584266662598e-01,-4.426326975226402283e-02,1.853072494268417358e-01,8.257248401641845703e-01,-4.381253942847251892e-02,2.146166712045669556e-01,8.264546394348144531e-01,-3.870197385549545288e-02,2.392054796218872070e-01,7.261617779731750488e-01,-3.337933123111724854e-02,1.785802245140075684e-01,8.039383888244628906e-01,-5.697762593626976013e-02,2.084672003984451294e-01,8.392621874809265137e-01,-4.281233251094818115e-02,2.375296950340270996e-01,8.349388837814331055e-01,-2.870714664459228516e-02,2.498188167810440063e-01,7.559943199157714844e-01,-4.839304089546203613e-02,2.070460766553878784e-01,8.185817599296569824e-01,-6.565794348716735840e-02,2.294221818447113037e-01,8.440727591514587402e-01,-5.736422166228294373e-02,2.555441558361053467e-01,8.412524461746215820e-01,-4.726621508598327637e-02
3.578315377235412598e-01,8.074312210083007812e-01,-2.471367110956634860e-07,2.920877337455749512e-01,8.569120764732360840e-01,-4.803692354471422732e-05,2.448331415653228760e-01,8.612657785415649414e-01,-1.215031370520591736e-02,2.045588940382003784e-01,8.634744882583618164e-01,-2.813589572906494141e-02,1.750146001577377319e-01,8.556422591209411621e-01,-4.384046792984008789e-02,2.183946073055267334e-01,7.209736108779907227e-01,-5.414221901446580887e-03,1.540698111057281494e-01,7.240833044052124023e-01,-2.315268665552139282e-02,1.110672131180763245e-01,7.265460491180419922e-01,-3.458446636795997620e-02,7.533048093318939209e-02,7.257581949234008789e-01,-4.390980303287506104e-02,2.285745441913604736e-01,7.121084928512573242e-01,-1.817304827272891998e-02,1.575734615325927734e-01,7.803074717521667480e-01,-4.253335669636726379e-02,1.863569170236587524e-01,8.241729736328125000e-01,-4.243209213018417358e-02,2.163233608007431030e-01,8.240800499916076660e-01,-3.784706071019172668e-02,2.392777353525161743e-01,7.257212400436401367e-01,-3.237045183777809143e-02,1.784470975399017334e-01,8.043935298919677734e-01,-5.601359531283378601e-02,2.088994085788726807e-01,8.394331932067871094e-01,-4.244818910956382751e-02,2.388925254344940186e-01,8.349552154541015625e-01,-2.879058569669723511e-02,2.502042651176452637e-01,7.571091651916503906e-01,-4.734436422586441040e-02,2.071513831615447998e-01,8.212534785270690918e-01,-6.456014513969421387e-02,2.304222583770751953e-01,8.464024662971496582e-01,-5.632379278540611267e-02,2.578756511211395264e-01,8.435660600662231445e-01,-4.639846459031105042e-02
3.593994379043579102e-01,8.093219995498657227e-01,-2.532682401579222642e-07,2.935256361961364746e-01,8.585162162780761719e-01,-1.780153252184391022e-03,2.460176944732666016e-01,8.632228970527648926e-01,-1.426435261964797974e-02,2.056967914104461670e-01,8.647000193595886230e-01,-3.004739992320537567e-02,1.749061197042465210e-01,8.564632534980773926e-01,-4.544838145375251770e-02,2.195068299770355225e-01,7.213343381881713867e-01,-8.188169449567794800e-03,1.554078161716461182e-01,7.227506041526794434e-01,-2.657226473093032837e-02,1.128758490085601807e-01,7.254160642623901367e-01,-3.819157928228378296e-02,7.723663747310638428e-02,7.252179980278015137e-01,-4.746875911951065063e-02,2.304577827453613281e-01,7.123349905014038086e-01,-2.011739835143089294e-02,1.588409841060638428e-01,7.794616222381591797e-01,-4.553011804819107056e-02,1.876873224973678589e-01,8.243556618690490723e-01,-4.585565254092216492e-02,2.176578491926193237e-01,8.256740570068359375e-01,-4.135691002011299133e-02,2.419420778751373291e-01,7.259309291839599609e-01,-3.346943110227584839e-02,1.824477612972259521e-01,8.034434914588928223e-01,-5.789748951792716980e-02,2.123838365077972412e-01,8.385626673698425293e-01,-4.454157128930091858e-02,2.413362860679626465e-01,8.349587917327880859e-01,-3.082345239818096161e-02,2.534870803356170654e-01,7.570147514343261719e-01,-4.760370030999183655e-02,2.113143801689147949e-01,8.191387057304382324e-01,-6.474602222442626953e-02,2.337388992309570312e-01,8.437463641166687012e-01,-5.621201172471046448e-02,2.598936259746551514e-01,8.408794403076171875e-01,-4.604312777519226074e-02
3.611687421798706055e-01,8.102986216545104980e-01,-2.547744486491865246e-07,2.954099178314208984e-01,8.587551116943359375e-01,-1.338944886811077595e-03,2.473131716251373291e-01,8.645094037055969238e-01,-1.387184858322143555e-02,2.065612673759460449e-01,8.657693266868591309e-01,-3.005070798099040985e-02,1.762812435626983643e-01,8.551617860794067383e-01,-4.577083885669708252e-02,2.201302796602249146e-01,7.209427356719970703e-01,-5.822572391480207443e-03,1.571496427059173584e-01,7.217462658882141113e-01,-2.397878654301166534e-02,1.148085072636604309e-01,7.235797047615051270e-01,-3.569083288311958313e-02,7.967473566532135010e-02,7.222071290016174316e-01,-4.523298144340515137e-02,2.310393005609512329e-01,7.116014361381530762e-01,-1.807251572608947754e-02,1.610905379056930542e-01,7.787009477615356445e-01,-4.360108077526092529e-02,1.901144087314605713e-01,8.242031931877136230e-01,-4.406859353184700012e-02,2.194197177886962891e-01,8.237048387527465820e-01,-3.963772207498550415e-02,2.424174100160598755e-01,7.248888611793518066e-01,-3.188404440879821777e-02,1.838233917951583862e-01,8.025103807449340820e-01,-5.627670139074325562e-02,2.138355076313018799e-01,8.381593227386474609e-01,-4.279303550720214844e-02,2.416775971651077271e-01,8.321294784545898438e-01,-2.911448292434215546e-02,2.540614008903503418e-01,7.554523944854736328e-01,-4.647156223654747009e-02,2.121693789958953857e-01,8.185238242149353027e-01,-6.315797567367553711e-02,2.352146208286285400e-01,8.426536321640014648e-01,-5.423595011234283447e-02,2.608363330364227295e-01,8.367359638214111328e-01,-4.391416534781455994e-02
3.661588132381439209e-01,8.114663958549499512e-01,-2.723981538110820111e-07,2.980216741561889648e-01,8.590022921562194824e-01,-1.515205367468297482e-04,2.479881644248962402e-01,8.627967238426208496e-01,-1.121977437287569046e-02,2.073622792959213257e-01,8.637902736663818359e-01,-2.601216733455657959e-02,1.774434894323348999e-01,8.527462482452392578e-01,-4.052098840475082397e-02,2.241066843271255493e-01,7.199909090995788574e-01,-4.442670848220586777e-03,1.606115996837615967e-01,7.207977175712585449e-01,-2.171815931797027588e-02,1.190431267023086548e-01,7.231855988502502441e-01,-3.287784755229949951e-02,8.389624953269958496e-02,7.221883535385131836e-01,-4.192452132701873779e-02,2.350510954856872559e-01,7.119247317314147949e-01,-1.693267561495304108e-02,1.632527709007263184e-01,7.769700884819030762e-01,-4.185822606086730957e-02,1.902152597904205322e-01,8.247567415237426758e-01,-4.276316985487937927e-02,2.192424237728118896e-01,8.281424641609191895e-01,-3.857693076133728027e-02,2.463700324296951294e-01,7.262327075004577637e-01,-3.079361841082572937e-02,1.874164938926696777e-01,8.019782900810241699e-01,-5.448981374502182007e-02,2.152607589960098267e-01,8.389958143234252930e-01,-4.194824770092964172e-02,2.430314868688583374e-01,8.361505270004272461e-01,-2.877001091837882996e-02,2.573473453521728516e-01,7.574380040168762207e-01,-4.533429816365242004e-02,2.151482552289962769e-01,8.169741630554199219e-01,-6.146186590194702148e-02,2.362923920154571533e-01,8.416640162467956543e-01,-5.306847393512725830e-02,2.617667913436889648e-01,8.378180265426635742e-01,-4.307356104254722595e-02
3.714399337768554688e-01,8.101612925529479980e-01,-2.618850487579038600e-07,3.026777505874633789e-01,8.578719496726989746e-01,-1.017814734950661659e-03,2.518637478351593018e-01,8.621123433113098145e-01,-1.203972939401865005e-02,2.111076265573501587e-01,8.624814152717590332e-01,-2.664474211633205414e-02,1.808366477489471436e-01,8.523310422897338867e-01,-4.086557775735855103e-02,2.291964292526245117e-01,7.214431762695312500e-01,-5.154883489012718201e-03,1.648427993059158325e-01,7.214459180831909180e-01,-2.331341058015823364e-02,1.224686801433563232e-01,7.228057980537414551e-01,-3.511281684041023254e-02,8.683852851390838623e-02,7.209507226943969727e-01,-4.448669031262397766e-02,2.400491535663604736e-01,7.129342555999755859e-01,-1.706278137862682343e-02,1.682007759809494019e-01,7.757481932640075684e-01,-4.291840642690658569e-02,1.944519132375717163e-01,8.219436407089233398e-01,-4.435430467128753662e-02,2.234716415405273438e-01,8.242065310478210449e-01,-4.036064445972442627e-02,2.516675293445587158e-01,7.264738082885742188e-01,-3.041974827647209167e-02,1.929033696651458740e-01,8.010815978050231934e-01,-5.504075065255165100e-02,2.206679582595825195e-01,8.372683525085449219e-01,-4.284508526325225830e-02,2.484599351882934570e-01,8.334435224533081055e-01,-2.959228307008743286e-02,2.633292973041534424e-01,7.566364407539367676e-01,-4.449671134352684021e-02,2.212469279766082764e-01,8.154991269111633301e-01,-6.071861088275909424e-02,2.424457669258117676e-01,8.403215408325195312e-01,-5.217744782567024231e-02,2.676337361335754395e-01,8.358157873153686523e-01,-4.205140843987464905e-02
3.780991137027740479e-01,8.101682662963867188e-01,-2.684468540792295244e-07,3.085747361183166504e-01,8.574870824813842773e-01,-3.581949858926236629e-04,2.561126649379730225e-01,8.605588674545288086e-01,-1.059389300644397736e-02,2.155691534280776978e-01,8.605268597602844238e-01,-2.456638216972351074e-02,1.862335652112960815e-01,8.516838550567626953e-01,-3.826214000582695007e-02,2.316975891590118408e-01,7.224156856536865234e-01,-4.715156275779008865e-03,1.694541871547698975e-01,7.170498371124267578e-01,-2.267923951148986816e-02,1.282319426536560059e-01,7.191472649574279785e-01,-3.431643545627593994e-02,9.287664294242858887e-02,7.188365459442138672e-01,-4.351707547903060913e-02,2.444153279066085815e-01,7.137634754180908203e-01,-1.754428073763847351e-02,1.737051010131835938e-01,7.739273905754089355e-01,-4.265423491597175598e-02,1.997984349727630615e-01,8.223524689674377441e-01,-4.363561794161796570e-02,2.282050698995590210e-01,8.263130784034729004e-01,-3.944681584835052490e-02,2.584108114242553711e-01,7.275038361549377441e-01,-3.188100084662437439e-02,2.001404613256454468e-01,7.988848090171813965e-01,-5.609774217009544373e-02,2.266138494014739990e-01,8.366473913192749023e-01,-4.367760568857192993e-02,2.536849379539489746e-01,8.343963027000427246e-01,-3.025538474321365356e-02,2.723967432975769043e-01,7.574458718299865723e-01,-4.690298065543174744e-02,2.285655587911605835e-01,8.115295767784118652e-01,-6.242818012833595276e-02,2.474478483200073242e-01,8.378607034683227539e-01,-5.309343710541725159e-02,2.721875309944152832e-01,8.360218405723571777e-01,-4.247385635972023010e-02
3.869569003582000732e-01,8.077082037925720215e-01,-2.575064002030558186e-07,3.175362944602966309e-01,8.539348244667053223e-01,-3.492230316624045372e-03,2.648353576660156250e-01,8.571754097938537598e-01,-1.532243378460407257e-02,2.234027385711669922e-01,8.577629327774047852e-01,-3.052867017686367035e-02,1.944135874509811401e-01,8.454979062080383301e-01,-4.514474421739578247e-02,2.420116811990737915e-01,7.153109908103942871e-01,-5.215288605540990829e-03,1.775623261928558350e-01,7.131188511848449707e-01,-2.338593266904354095e-02,1.358615159988403320e-01,7.144109010696411133e-01,-3.490419313311576843e-02,1.006588935852050781e-01,7.116642594337463379e-01,-4.389526695013046265e-02,2.541043460369110107e-01,7.076338529586791992e-01,-1.655737683176994324e-02,1.834016591310501099e-01,7.708989381790161133e-01,-4.345928877592086792e-02,2.099285125732421875e-01,8.178564310073852539e-01,-4.561050236225128174e-02,2.393209487199783325e-01,8.199591040611267090e-01,-4.161348566412925720e-02,2.666489481925964355e-01,7.223591804504394531e-01,-2.962161973118782043e-02,2.093498706817626953e-01,7.969694733619689941e-01,-5.527553334832191467e-02,2.368973344564437866e-01,8.336240053176879883e-01,-4.317783191800117493e-02,2.645842134952545166e-01,8.301407694816589355e-01,-2.945193834602832794e-02,2.788465619087219238e-01,7.536286115646362305e-01,-4.377010092139244080e-02,2.364208251237869263e-01,8.086047768592834473e-01,-6.083126738667488098e-02,2.570040822029113770e-01,8.350915312767028809e-01,-5.193349719047546387e-02,2.827523648738861084e-01,8.337020277976989746e-01,-4.102861508727073669e-02
3.954495191574096680e-01,8.041915297508239746e-01,-2.498813955753576010e-07,3.276048302650451660e-01,8.469194173812866211e-01,-6.663670763373374939e-03,2.745401561260223389e-01,8.512662649154663086e-01,-1.945660077035427094e-02,2.328768819570541382e-01,8.526096940040588379e-01,-3.507762774825096130e-02,2.069755643606185913e-01,8.378095030784606934e-01,-4.979158937931060791e-02,2.519741356372833252e-01,7.098359465599060059e-01,-7.467924617230892181e-03,1.865183413028717041e-01,7.061886787414550781e-01,-2.709352970123291016e-02,1.438249349594116211e-01,7.069888710975646973e-01,-3.944931179285049438e-02,1.084181219339370728e-01,7.049546241760253906e-01,-4.859774187207221985e-02,2.649460434913635254e-01,7.036627531051635742e-01,-1.736513897776603699e-02,1.942987442016601562e-01,7.623310089111328125e-01,-4.683512821793556213e-02,2.188645750284194946e-01,8.088017702102661133e-01,-5.091530829668045044e-02,2.479195296764373779e-01,8.141258358955383301e-01,-4.735488444566726685e-02,2.781921327114105225e-01,7.186554670333862305e-01,-2.915425412356853485e-02,2.207052558660507202e-01,7.890493273735046387e-01,-5.729649215936660767e-02,2.472915053367614746e-01,8.262259364128112793e-01,-4.694136604666709900e-02,2.749371528625488281e-01,8.263338208198547363e-01,-3.307433798909187317e-02,2.909178435802459717e-01,7.504621744155883789e-01,-4.215569049119949341e-02,2.469975501298904419e-01,8.014302849769592285e-01,-6.046963483095169067e-02,2.656678855419158936e-01,8.281014561653137207e-01,-5.236159637570381165e-02,2.903820276260375977e-01,8.291242122650146484e-01,-4.128318652510643005e-02
4.052637219429016113e-01,8.038670420646667480e-01,-2.644247274474764708e-07,3.376531302928924561e-01,8.420199155807495117e-01,-6.506451405584812164e-03,2.859633564949035645e-01,8.459544777870178223e-01,-2.075115777552127838e-02,2.459370344877243042e-01,8.476254940032958984e-01,-3.827104717493057251e-02,2.184373736381530762e-01,8.327302336692810059e-01,-5.504915490746498108e-02,2.638888955116271973e-01,7.037883996963500977e-01,-8.786949329078197479e-03,1.987714469432830811e-01,7.004876136779785156e-01,-2.973967790603637695e-02,1.556836366653442383e-01,7.001927495002746582e-01,-4.328801110386848450e-02,1.205932646989822388e-01,6.959274411201477051e-01,-5.334973707795143127e-02,2.771304547786712646e-01,6.987050771713256836e-01,-1.971409283578395844e-02,2.077886611223220825e-01,7.594538927078247070e-01,-5.046508833765983582e-02,2.315822243690490723e-01,8.066528439521789551e-01,-5.536489933729171753e-02,2.601578533649444580e-01,8.111968040466308594e-01,-5.264031887054443359e-02,2.905923426151275635e-01,7.136825323104858398e-01,-3.256229311227798462e-02,2.345125675201416016e-01,7.848010063171386719e-01,-6.157062202692031860e-02,2.614097595214843750e-01,8.224263191223144531e-01,-5.089859664440155029e-02,2.891970574855804443e-01,8.212812542915344238e-01,-3.710909187793731689e-02,3.040377497673034668e-01,7.442660331726074219e-01,-4.668011143803596497e-02,2.599157094955444336e-01,7.947534322738647461e-01,-6.582244485616683960e-02,2.787270247936248779e-01,8.231050372123718262e-01,-5.734008550643920898e-02,3.038080930709838867e-01,8.244983553886413574e-01,-4.609042406082153320e-02
4.185255765914916992e-01,8.016390204429626465e-01,-2.621942201130877947e-07,3.518875837326049805e-01,8.411486148834228516e-01,-6.735381670296192169e-03,2.998017370700836182e-01,8.417767882347106934e-01,-2.091600373387336731e-02,2.599035799503326416e-01,8.411505222320556641e-01,-3.790210932493209839e-02,2.339291125535964966e-01,8.267268538475036621e-01,-5.407630652189254761e-02,2.759912610054016113e-01,7.028443217277526855e-01,-1.179666444659233093e-02,2.115099132061004639e-01,6.960201263427734375e-01,-3.254712000489234924e-02,1.685775518417358398e-01,6.953312158584594727e-01,-4.624645411968231201e-02,1.328762173652648926e-01,6.924676895141601562e-01,-5.688649788498878479e-02,2.897086143493652344e-01,6.971920728683471680e-01,-2.254892699420452118e-02,2.224912643432617188e-01,7.584698796272277832e-01,-5.113076046109199524e-02,2.491761296987533569e-01,7.999163269996643066e-01,-5.393584817647933960e-02,2.777225077152252197e-01,7.997300624847412109e-01,-5.097770690917968750e-02,3.042653799057006836e-01,7.122101783752441406e-01,-3.518684953451156616e-02,2.485212236642837524e-01,7.837013006210327148e-01,-6.150307878851890564e-02,2.768263220787048340e-01,8.175374865531921387e-01,-4.851557686924934387e-02,3.039965629577636719e-01,8.135215044021606445e-01,-3.483228012919425964e-02,3.190737366676330566e-01,7.429264783859252930e-01,-4.938784614205360413e-02,2.758625745773315430e-01,7.942388057708740234e-01,-6.725876033306121826e-02,2.954306602478027344e-01,8.215269446372985840e-01,-5.790288373827934265e-02,3.199947178363800049e-01,8.228244185447692871e-01,-4.694482684135437012e-02
4.160509109497070312e-01,8.035781979560852051e-01,-4.011600083231314784e-07,3.673992156982421875e-01,8.370417356491088867e-01,-2.170554034819360822e-05,3.176867663860321045e-01,8.322525620460510254e-01,-6.707205902785062790e-03,2.811066210269927979e-01,8.301487565040588379e-01,-1.651002839207649231e-02,2.549759745597839355e-01,8.185428380966186523e-01,-2.479429170489311218e-02,3.111178874969482422e-01,6.970384716987609863e-01,-5.051992367953062057e-03,2.489366829395294189e-01,7.286885976791381836e-01,-2.608962170779705048e-02,2.510795295238494873e-01,7.622513175010681152e-01,-3.647820279002189636e-02,2.672533392906188965e-01,7.691963911056518555e-01,-4.027445614337921143e-02,3.205738067626953125e-01,6.989042758941650391e-01,-1.458914484828710556e-02,2.548564076423645020e-01,7.581998705863952637e-01,-3.529775887727737427e-02,2.740512490272521973e-01,8.011427521705627441e-01,-3.827126696705818176e-02,2.957630455493927002e-01,7.979572415351867676e-01,-3.623109310865402222e-02,3.301506936550140381e-01,7.159669995307922363e-01,-2.578611113131046295e-02,2.714488804340362549e-01,7.798392772674560547e-01,-4.798889905214309692e-02,2.926756441593170166e-01,8.187848925590515137e-01,-4.274929687380790710e-02,3.151359558105468750e-01,8.141841292381286621e-01,-3.390653431415557861e-02,3.395388424396514893e-01,7.449320554733276367e-01,-3.678850084543228149e-02,2.933101356029510498e-01,7.940421104431152344e-01,-5.438382178544998169e-02,3.093222081661224365e-01,8.221343159675598145e-01,-5.068956315517425537e-02,3.321266770362854004e-01,8.191425204277038574e-01,-4.315001517534255981e-02
4.498058557510375977e-01,8.030166625976562500e-01,-2.826485854257043684e-07,3.848479688167572021e-01,8.354539871215820312e-01,-5.520225502550601959e-03,3.316682279109954834e-01,8.346568346023559570e-01,-1.945535652339458466e-02,2.929363548755645752e-01,8.342121243476867676e-01,-3.636719658970832825e-02,2.683047950267791748e-01,8.209438920021057129e-01,-5.264245346188545227e-02,3.095021843910217285e-01,7.000755071640014648e-01,-1.254897192120552063e-02,2.450345009565353394e-01,6.858935952186584473e-01,-3.271887078881263733e-02,2.026271373033523560e-01,6.826195120811462402e-01,-4.526559263467788696e-02,1.679604351520538330e-01,6.777685284614562988e-01,-5.488002672791481018e-02,3.252959847450256348e-01,6.957795023918151855e-01,-2.372527681291103363e-02,2.597453892230987549e-01,7.529408931732177734e-01,-5.260961875319480896e-02,2.827994823455810547e-01,7.984706759452819824e-01,-5.567690357565879822e-02,3.103770613670349121e-01,8.014318943023681641e-01,-5.284336581826210022e-02,3.411871790885925293e-01,7.116606831550598145e-01,-3.643285110592842102e-02,2.842767536640167236e-01,7.777221798896789551e-01,-6.287464499473571777e-02,3.097930252552032471e-01,8.151539564132690430e-01,-4.990857094526290894e-02,3.360558748245239258e-01,8.124807476997375488e-01,-3.613363951444625854e-02,3.569858372211456299e-01,7.419987916946411133e-01,-5.038662254810333252e-02,3.113739192485809326e-01,7.891556620597839355e-01,-6.734089553356170654e-02,3.288588523864746094e-01,8.197560310363769531e-01,-5.705088376998901367e-02,3.527650833129882812e-01,8.220369219779968262e-01,-4.561031982302665710e-02
4.364353120326995850e-01,7.969647645950317383e-01,-2.596079085037672485e-08,3.941536545753479004e-01,8.186624646186828613e-01,2.759759081527590752e-03,3.455236852169036865e-01,8.104670643806457520e-01,-2.652526833117008209e-03,3.098521232604980469e-01,8.029575347900390625e-01,-1.094995718449354172e-02,2.819394469261169434e-01,7.929596900939941406e-01,-2.054509148001670837e-02,3.432767391204833984e-01,7.006443738937377930e-01,-1.002500485628843307e-02,2.917012572288513184e-01,6.848236322402954102e-01,-2.280654199421405792e-02,2.526927292346954346e-01,6.803466677665710449e-01,-2.870439738035202026e-02,2.260688692331314087e-01,6.739359498023986816e-01,-3.285280242562294006e-02,3.539885580539703369e-01,7.010682225227355957e-01,-2.100321464240550995e-02,2.913164794445037842e-01,7.415819168090820312e-01,-3.750333935022354126e-02,2.975433468818664551e-01,7.770119309425354004e-01,-3.912151977419853210e-02,3.129155635833740234e-01,7.798346281051635742e-01,-3.690196946263313293e-02,3.672619163990020752e-01,7.186578512191772461e-01,-3.141846507787704468e-02,3.124050796031951904e-01,7.714876532554626465e-01,-4.989734664559364319e-02,3.249625265598297119e-01,8.023780584335327148e-01,-4.313859716057777405e-02,3.413503170013427734e-01,7.983443140983581543e-01,-3.419056907296180725e-02,3.800563812255859375e-01,7.469344139099121094e-01,-4.125570878386497498e-02,3.342320919036865234e-01,7.930059432983398438e-01,-5.765970051288604736e-02,3.457282483577728271e-01,8.173640966415405273e-01,-5.238663777709007263e-02,3.662157058715820312e-01,8.143913149833679199e-01,-4.433045908808708191e-02
4.928717017173767090e-01,8.069920539855957031e-01,-2.885685432829632191e-07,4.237540960311889648e-01,8.359307646751403809e-01,-4.693639464676380157e-03,3.678624629974365234e-01,8.335382938385009766e-01,-1.902099885046482086e-02,3.275973498821258545e-01,8.317155838012695312e-01,-3.652987629175186157e-02,3.047405779361724854e-01,8.159641623497009277e-01,-5.360314249992370605e-02,3.502056002616882324e-01,6.977264881134033203e-01,-1.392737682908773422e-02,2.839035391807556152e-01,6.794052720069885254e-01,-3.517912700772285461e-02,2.387254238128662109e-01,6.754199266433715820e-01,-4.811087623238563538e-02,2.015346288681030273e-01,6.702811717987060547e-01,-5.809418112039566040e-02,3.669100105762481689e-01,6.937852501869201660e-01,-2.622907608747482300e-02,2.972681522369384766e-01,7.476474642753601074e-01,-5.748683214187622070e-02,3.196839988231658936e-01,7.941222786903381348e-01,-6.138728559017181396e-02,3.480126857757568359e-01,7.979944348335266113e-01,-5.860179662704467773e-02,3.837205469608306885e-01,7.106378078460693359e-01,-3.975680097937583923e-02,3.241776525974273682e-01,7.761067748069763184e-01,-6.743869930505752563e-02,3.487333655357360840e-01,8.144823312759399414e-01,-5.434599518775939941e-02,3.747091591358184814e-01,8.113656640052795410e-01,-4.018339887261390686e-02,3.997579514980316162e-01,7.418875694274902344e-01,-5.438947305083274841e-02,3.521351814270019531e-01,7.916946411132812500e-01,-7.134324312210083008e-02,3.689236640930175781e-01,8.225054144859313965e-01,-6.068467721343040466e-02,3.919047713279724121e-01,8.228819370269775391e-01,-4.899209737777709961e-02
5.001432895660400391e-01,8.090462088584899902e-01,5.956167470344553294e-08,4.566563069820404053e-01,8.151994943618774414e-01,4.987938329577445984e-03,4.177716076374053955e-01,8.032658100128173828e-01,4.435466602444648743e-03,3.908624351024627686e-01,7.919315695762634277e-01,1.552336965687572956e-03,3.681510090827941895e-01,7.861703634262084961e-01,-1.288826926611363888e-03,4.186222255229949951e-01,7.231507301330566406e-01,2.383440500125288963e-03,3.831471204757690430e-01,7.176829576492309570e-01,-5.530212540179491043e-03,3.526840806007385254e-01,7.318592667579650879e-01,-1.340030319988727570e-02,3.315088450908660889e-01,7.481775283813476562e-01,-1.842899248003959656e-02,4.256381094455718994e-01,7.225693464279174805e-01,-6.092311814427375793e-03,3.817886114120483398e-01,7.209755778312683105e-01,-1.089276839047670364e-02,3.496674299240112305e-01,7.387919425964355469e-01,-1.595081761479377747e-02,3.301273286342620850e-01,7.583476305007934570e-01,-1.974148117005825043e-02,4.309844970703125000e-01,7.362661361694335938e-01,-1.450657192617654800e-02,3.872413933277130127e-01,7.407575249671936035e-01,-2.017945237457752228e-02,3.586756587028503418e-01,7.624042630195617676e-01,-2.181396447122097015e-02,3.431985974311828613e-01,7.848063111305236816e-01,-2.222127467393875122e-02,4.366189539432525635e-01,7.622669935226440430e-01,-2.267982624471187592e-02,4.001746177673339844e-01,7.725256085395812988e-01,-2.839135192334651947e-02,3.795195221900939941e-01,7.887884974479675293e-01,-2.775523625314235687e-02,3.672717213630676270e-01,8.088389635086059570e-01,-2.588185854256153107e-02
5.081062316894531250e-01,7.962414026260375977e-01,-1.302191208196745720e-07,4.613422751426696777e-01,8.066609501838684082e-01,4.107438144274055958e-04,4.118186235427856445e-01,7.904111146926879883e-01,-6.514437962323427200e-03,3.740806579589843750e-01,7.780536413192749023e-01,-1.514425687491893768e-02,3.455581665039062500e-01,7.671853303909301758e-01,-2.434574253857135773e-02,4.156298339366912842e-01,6.937555074691772461e-01,-9.945500642061233521e-03,3.675206601619720459e-01,6.958479881286621094e-01,-2.649705111980438232e-02,3.347974717617034912e-01,6.882209181785583496e-01,-3.853642567992210388e-02,3.100997805595397949e-01,6.769702434539794922e-01,-4.764848202466964722e-02,4.251070618629455566e-01,6.985223293304443359e-01,-1.920353434979915619e-02,3.657883703708648682e-01,7.583345770835876465e-01,-3.914412856101989746e-02,3.754558265209197998e-01,7.887822389602661133e-01,-4.203695058822631836e-02,3.940461874008178711e-01,7.870084047317504883e-01,-4.182367399334907532e-02,4.351486265659332275e-01,7.207854390144348145e-01,-2.899341285228729248e-02,3.805822432041168213e-01,7.814739942550659180e-01,-5.017707869410514832e-02,3.942091464996337891e-01,8.089114427566528320e-01,-4.453449696302413940e-02,4.126868546009063721e-01,8.036532402038574219e-01,-3.728358075022697449e-02,4.455462396144866943e-01,7.519357204437255859e-01,-3.860723972320556641e-02,3.986538350582122803e-01,8.006608486175537109e-01,-5.673959851264953613e-02,4.108087718486785889e-01,8.221951723098754883e-01,-5.364149063825607300e-02,4.295202493667602539e-01,8.175426125526428223e-01,-4.774510860443115234e-02
5.260928273200988770e-01,7.935365438461303711e-01,-1.642569174009622657e-07,4.747531414031982422e-01,8.087778687477111816e-01,-5.147004849277436733e-04,4.240312576293945312e-01,7.936509847640991211e-01,-1.064057368785142899e-02,3.871141970157623291e-01,7.820839881896972656e-01,-2.209884487092494965e-02,3.586825132369995117e-01,7.716130018234252930e-01,-3.447994589805603027e-02,4.231353104114532471e-01,6.943431496620178223e-01,-2.381514012813568115e-02,3.597211837768554688e-01,6.813847422599792480e-01,-4.500867798924446106e-02,3.146766126155853271e-01,6.712436676025390625e-01,-5.825434625148773193e-02,2.800397872924804688e-01,6.617791056632995605e-01,-6.826855987310409546e-02,4.374969303607940674e-01,6.973699927330017090e-01,-3.463348001241683960e-02,3.715894520282745361e-01,7.510868906974792480e-01,-5.925293639302253723e-02,3.869329690933227539e-01,7.872083783149719238e-01,-5.963014066219329834e-02,4.103782474994659424e-01,7.850278615951538086e-01,-5.693372711539268494e-02,4.530669748783111572e-01,7.219769358634948730e-01,-4.528379812836647034e-02,3.968184590339660645e-01,7.858229279518127441e-01,-6.927358359098434448e-02,4.152616262435913086e-01,8.140214085578918457e-01,-5.814694985747337341e-02,4.369384348392486572e-01,8.030710816383361816e-01,-4.728023335337638855e-02,4.679654836654663086e-01,7.570893168449401855e-01,-5.571950599551200867e-02,4.197882413864135742e-01,8.049708604812622070e-01,-7.448124885559082031e-02,4.353971779346466064e-01,8.282929062843322754e-01,-6.586561352014541626e-02,4.561570286750793457e-01,8.213745355606079102e-01,-5.611714720726013184e-02
5.898137092590332031e-01,8.216698169708251953e-01,-3.353071349465608364e-07,5.124646425247192383e-01,8.446968793869018555e-01,-6.417647469788789749e-03,4.512153267860412598e-01,8.370201587677001953e-01,-2.499932982027530670e-02,4.029375314712524414e-01,8.320120573043823242e-01,-4.659360647201538086e-02,3.855595588684082031e-01,8.188894391059875488e-01,-6.794030964374542236e-02,4.447406828403472900e-01,6.855288743972778320e-01,-2.043090760707855225e-02,3.692372441291809082e-01,6.703822612762451172e-01,-4.499327018857002258e-02,3.214746415615081787e-01,6.657373905181884766e-01,-6.000616028904914856e-02,2.812067866325378418e-01,6.596729755401611328e-01,-7.174196094274520874e-02,4.632714986801147461e-01,6.847535967826843262e-01,-3.379646688699722290e-02,3.830183744430541992e-01,7.470827102661132812e-01,-6.599901616573333740e-02,4.083128273487091064e-01,7.959077954292297363e-01,-6.690854579210281372e-02,4.384270906448364258e-01,8.002625107765197754e-01,-6.310081481933593750e-02,4.802511334419250488e-01,7.091677188873291016e-01,-4.867263510823249817e-02,4.115560352802276611e-01,7.826368808746337891e-01,-7.705083489418029785e-02,4.397872090339660645e-01,8.232026100158691406e-01,-6.075241044163703918e-02,4.694014489650726318e-01,8.219101428985595703e-01,-4.538043588399887085e-02,4.953160285949707031e-01,7.497672438621520996e-01,-6.511586904525756836e-02,4.409393668174743652e-01,8.007739186286926270e-01,-8.445407450199127197e-02,4.600883424282073975e-01,8.349513411521911621e-01,-7.336129993200302124e-02,4.870368540287017822e-01,8.391930460929870605e-01,-6.158099323511123657e-02
5.732855796813964844e-01,7.819814682006835938e-01,1.229948196623809054e-07,5.382078289985656738e-01,7.578868269920349121e-01,-1.362852985039353371e-03,4.932081103324890137e-01,7.396615147590637207e-01,-8.284925483167171478e-03,4.570716321468353271e-01,7.371560931205749512e-01,-1.547556836158037186e-02,4.280153512954711914e-01,7.440903782844543457e-01,-2.428702823817729950e-02,4.920648336410522461e-01,6.839491128921508789e-01,-2.581219375133514404e-02,4.405008256435394287e-01,6.795803904533386230e-01,-4.017472267150878906e-02,4.045654535293579102e-01,6.748799681663513184e-01,-5.039221420884132385e-02,3.752914667129516602e-01,6.687251925468444824e-01,-5.773558467626571655e-02,5.028325915336608887e-01,6.984587311744689941e-01,-3.387401252985000610e-02,4.538992047309875488e-01,7.117691636085510254e-01,-4.597974568605422974e-02,4.200592041015625000e-01,7.278925180435180664e-01,-5.256023257970809937e-02,3.945976495742797852e-01,7.411677837371826172e-01,-5.848209559917449951e-02,5.170495510101318359e-01,7.271201014518737793e-01,-4.057503864169120789e-02,4.724590182304382324e-01,7.478991746902465820e-01,-5.239761248230934143e-02,4.491153359413146973e-01,7.746430039405822754e-01,-5.311287194490432739e-02,4.355193972587585449e-01,7.951938509941101074e-01,-5.341827124357223511e-02,5.325570106506347656e-01,7.639447450637817383e-01,-4.688005521893501282e-02,4.964714944362640381e-01,7.849516272544860840e-01,-5.844125151634216309e-02,4.802589714527130127e-01,8.036465644836425781e-01,-5.816875770688056946e-02,4.715190529823303223e-01,8.195472359657287598e-01,-5.655590444803237915e-02
5.889239907264709473e-01,7.770032882690429688e-01,-7.478327290755260037e-08,5.536099672317504883e-01,7.614422440528869629e-01,-2.758000744506716728e-03,5.038821101188659668e-01,7.462940812110900879e-01,-1.533158775418996811e-02,4.630028605461120605e-01,7.487473487854003906e-01,-2.872235700488090515e-02,4.334345757961273193e-01,7.508414387702941895e-01,-4.345858469605445862e-02,4.963499903678894043e-01,6.826538443565368652e-01,-2.912568859755992889e-02,4.323420524597167969e-01,6.705244779586791992e-01,-5.160719156265258789e-02,3.881524205207824707e-01,6.603837013244628906e-01,-6.470299512147903442e-02,3.548106551170349121e-01,6.504139304161071777e-01,-7.436592876911163330e-02,5.093045830726623535e-01,6.929742693901062012e-01,-3.967868536710739136e-02,4.432024359703063965e-01,7.433165907859802246e-01,-6.555179506540298462e-02,4.586352705955505371e-01,7.693707942962646484e-01,-6.672060489654541016e-02,4.808143973350524902e-01,7.649117708206176758e-01,-6.449599564075469971e-02,5.252341628074645996e-01,7.228732109069824219e-01,-4.987168312072753906e-02,4.687421321868896484e-01,7.824967503547668457e-01,-7.358200103044509888e-02,4.865991771221160889e-01,8.022271394729614258e-01,-6.276217103004455566e-02,5.054478645324707031e-01,7.886491417884826660e-01,-5.244269594550132751e-02,5.410293936729431152e-01,7.604914307594299316e-01,-5.984580889344215393e-02,4.923260807991027832e-01,8.076882958412170410e-01,-7.793199270963668823e-02,5.083953142166137695e-01,8.228327035903930664e-01,-6.912564486265182495e-02,5.272182226181030273e-01,8.120931386947631836e-01,-5.958785116672515869e-02
6.185334324836730957e-01,8.032273054122924805e-01,-1.339952433454527636e-07,5.654852390289306641e-01,8.268808722496032715e-01,-7.904882542788982391e-03,5.124541521072387695e-01,8.187209367752075195e-01,-2.345734462141990662e-02,4.759149551391601562e-01,8.179492950439453125e-01,-3.956430405378341675e-02,4.561514854431152344e-01,8.193377256393432617e-01,-5.663746222853660583e-02,5.167967677116394043e-01,6.865394115447998047e-01,-3.478847816586494446e-02,4.427171349525451660e-01,6.652823686599731445e-01,-5.864579975605010986e-02,3.923497498035430908e-01,6.540452837944030762e-01,-7.285684347152709961e-02,3.536332249641418457e-01,6.439378261566162109e-01,-8.442579209804534912e-02,5.360787510871887207e-01,6.903573870658874512e-01,-4.555793106555938721e-02,4.614738821983337402e-01,7.392548918724060059e-01,-7.434659451246261597e-02,4.778161048889160156e-01,7.779346108436584473e-01,-7.569446414709091187e-02,5.014472603797912598e-01,7.741140127182006836e-01,-7.349346578121185303e-02,5.550743341445922852e-01,7.177312374114990234e-01,-5.643982812762260437e-02,4.915786981582641602e-01,7.850820422172546387e-01,-7.997518032789230347e-02,5.107717514038085938e-01,8.126263618469238281e-01,-6.567902117967605591e-02,5.316048264503479004e-01,7.971398234367370605e-01,-5.387393012642860413e-02,5.718668699264526367e-01,7.577908635139465332e-01,-6.849257647991180420e-02,5.193397998809814453e-01,8.103875517845153809e-01,-8.651915192604064941e-02,5.357635617256164551e-01,8.324096798896789551e-01,-7.581925392150878906e-02,5.560646653175354004e-01,8.199928402900695801e-01,-6.543326377868652344e-02
6.780068874359130859e-01,8.303941488265991211e-01,-3.010345608345232904e-07,5.991450548171997070e-01,8.446263074874877930e-01,-8.678099140524864197e-03,5.379700660705566406e-01,8.334289193153381348e-01,-2.850612811744213104e-02,4.905367791652679443e-01,8.267199397087097168e-01,-5.050863698124885559e-02,4.738930463790893555e-01,8.189089298248291016e-01,-7.195364683866500854e-02,5.374205708503723145e-01,6.817471981048583984e-01,-2.500123158097267151e-02,4.604942798614501953e-01,6.593053340911865234e-01,-5.171508714556694031e-02,4.104502499103546143e-01,6.493750810623168945e-01,-6.769464164972305298e-02,3.693955838680267334e-01,6.399456858634948730e-01,-8.015988022089004517e-02,5.604383945465087891e-01,6.822223663330078125e-01,-3.789003565907478333e-02,4.777152538299560547e-01,7.402703166007995605e-01,-7.123739272356033325e-02,4.989126622676849365e-01,7.887212038040161133e-01,-7.233238220214843750e-02,5.261862874031066895e-01,7.923885583877563477e-01,-6.897246837615966797e-02,5.802004933357238770e-01,7.092475295066833496e-01,-5.241980776190757751e-02,5.112537145614624023e-01,7.856441140174865723e-01,-7.991605997085571289e-02,5.354691147804260254e-01,8.191585540771484375e-01,-6.347569078207015991e-02,5.596551299095153809e-01,8.097512125968933105e-01,-4.906104505062103271e-02,5.962238311767578125e-01,7.528296113014221191e-01,-6.880050897598266602e-02,5.426066517829895020e-01,8.108130693435668945e-01,-8.524476736783981323e-02,5.606887936592102051e-01,8.381268978118896484e-01,-7.257597148418426514e-02,5.824619531631469727e-01,8.326364755630493164e-01,-6.074839830398559570e-02
7.019650936126708984e-01,8.340148925781250000e-01,-3.099259799910214497e-07,6.215663552284240723e-01,8.504615426063537598e-01,-8.782454766333103180e-03,5.620694756507873535e-01,8.359767198562622070e-01,-2.834471315145492554e-02,5.155936479568481445e-01,8.263164758682250977e-01,-5.010078847408294678e-02,4.948373436927795410e-01,8.172845840454101562e-01,-7.133823633193969727e-02,5.589943528175354004e-01,6.836224198341369629e-01,-2.489354275166988373e-02,4.828564524650573730e-01,6.569268107414245605e-01,-5.225835368037223816e-02,4.325907230377197266e-01,6.463413834571838379e-01,-6.863580644130706787e-02,3.924780488014221191e-01,6.354569196701049805e-01,-8.102908730506896973e-02,5.835377573966979980e-01,6.823076605796813965e-01,-3.792565688490867615e-02,4.993903040885925293e-01,7.348071336746215820e-01,-7.152333110570907593e-02,5.191496014595031738e-01,7.878487110137939453e-01,-7.254074513912200928e-02,5.472792983055114746e-01,7.955071330070495605e-01,-6.854408979415893555e-02,6.050130128860473633e-01,7.086942791938781738e-01,-5.261936411261558533e-02,5.352988243103027344e-01,7.864241003990173340e-01,-7.919766753911972046e-02,5.582292079925537109e-01,8.233119249343872070e-01,-6.189664453268051147e-02,5.829911828041076660e-01,8.166282176971435547e-01,-4.677866771817207336e-02,6.223852634429931641e-01,7.536308765411376953e-01,-6.933620572090148926e-02,5.680615305900573730e-01,8.141967654228210449e-01,-8.449281007051467896e-02,5.849420428276062012e-01,8.421792984008789062e-01,-7.086527347564697266e-02,6.070522069931030273e-01,8.375805020332336426e-01,-5.824509635567665100e-02
6.668069362640380859e-01,7.773555517196655273e-01,5.713413386843058106e-08,6.284071803092956543e-01,7.571355104446411133e-01,-3.455187659710645676e-03,5.804864168167114258e-01,7.472472190856933594e-01,-1.819003000855445862e-02,5.458996295928955078e-01,7.559077143669128418e-01,-3.311854973435401917e-02,5.177721977233886719e-01,7.669267654418945312e-01,-5.035592988133430481e-02,5.776681900024414062e-01,6.799698472023010254e-01,-4.342347383499145508e-02,5.091212987899780273e-01,6.651748418807983398e-01,-6.923577189445495605e-02,4.627668857574462891e-01,6.552310585975646973e-01,-8.342903107404708862e-02,4.283528625965118408e-01,6.440048813819885254e-01,-9.303195774555206299e-02,5.957686305046081543e-01,6.933783888816833496e-01,-5.573148280382156372e-02,5.300145745277404785e-01,7.352770566940307617e-01,-8.544337749481201172e-02,5.439808368682861328e-01,7.671270966529846191e-01,-8.807079493999481201e-02,5.651186704635620117e-01,7.675150036811828613e-01,-8.586901426315307617e-02,6.180676817893981934e-01,7.264044880867004395e-01,-6.638395786285400391e-02,5.638689994812011719e-01,7.846022248268127441e-01,-9.333499521017074585e-02,5.781943202018737793e-01,8.059556484222412109e-01,-8.111038058996200562e-02,5.955019593238830566e-01,7.949884533882141113e-01,-6.826493889093399048e-02,6.398163437843322754e-01,7.647639513015747070e-01,-7.628666609525680542e-02,5.908321142196655273e-01,8.143671154975891113e-01,-9.587026387453079224e-02,6.023015975952148438e-01,8.292402029037475586e-01,-8.375322073698043823e-02,6.192083358764648438e-01,8.186274170875549316e-01,-7.090830057859420776e-02
7.002441883087158203e-01,7.976937294006347656e-01,-9.003810674812484649e-08,6.517018675804138184e-01,8.182069063186645508e-01,-1.580584980547428131e-02,6.065244674682617188e-01,8.140669465065002441e-01,-3.858573362231254578e-02,5.730755925178527832e-01,8.188617229461669922e-01,-6.043181940913200378e-02,5.427589416503906250e-01,8.299251794815063477e-01,-8.337965607643127441e-02,6.005683541297912598e-01,6.902891397476196289e-01,-4.926158115267753601e-02,5.253860354423522949e-01,6.628978848457336426e-01,-7.950858771800994873e-02,4.745336771011352539e-01,6.473518013954162598e-01,-9.760405123233795166e-02,4.364311099052429199e-01,6.343230605125427246e-01,-1.108261272311210632e-01,6.223264932632446289e-01,6.931334137916564941e-01,-5.735669285058975220e-02,5.475766062736511230e-01,7.348561286926269531e-01,-8.742891252040863037e-02,5.601247549057006836e-01,7.811711430549621582e-01,-8.709131926298141479e-02,5.822234153747558594e-01,7.854443788528442383e-01,-8.378414809703826904e-02,6.441260576248168945e-01,7.226371765136718750e-01,-6.623411923646926880e-02,5.802567601203918457e-01,7.858400344848632812e-01,-9.114936739206314087e-02,5.945090055465698242e-01,8.190022706985473633e-01,-7.473977655172348022e-02,6.137124896049499512e-01,8.086375594139099121e-01,-6.133863329887390137e-02,6.629734039306640625e-01,7.648306488990783691e-01,-7.668657600879669189e-02,6.104963421821594238e-01,8.160499334335327148e-01,-9.515119343996047974e-02,6.224772930145263672e-01,8.403794765472412109e-01,-8.217596262693405151e-02,6.405945420265197754e-01,8.301533460617065430e-01,-6.985697150230407715e-02
7.728161811828613281e-01,8.480167388916015625e-01,-3.001726440743368585e-07,6.872418522834777832e-01,8.606170415878295898e-01,-6.019647233188152313e-03,6.263305544853210449e-01,8.415568470954895020e-01,-2.465035580098628998e-02,5.810984969139099121e-01,8.281860351562500000e-01,-4.650015756487846375e-02,5.596508979797363281e-01,8.275316357612609863e-01,-6.790382415056228638e-02,6.214318275451660156e-01,6.948486566543579102e-01,-2.155466563999652863e-02,5.438994169235229492e-01,6.623986363410949707e-01,-4.756147414445877075e-02,4.926478266716003418e-01,6.479990482330322266e-01,-6.174611300230026245e-02,4.519714117050170898e-01,6.326321363449096680e-01,-7.265903800725936890e-02,6.479864716529846191e-01,6.929475069046020508e-01,-3.692813590168952942e-02,5.618900656700134277e-01,7.434604763984680176e-01,-7.198014110326766968e-02,5.816078782081604004e-01,8.017663359642028809e-01,-7.215393334627151489e-02,6.123445630073547363e-01,8.133028149604797363e-01,-6.626560539007186890e-02,6.713269352912902832e-01,7.193892598152160645e-01,-5.393936112523078918e-02,6.004570722579956055e-01,7.960861325263977051e-01,-8.110502362251281738e-02,6.224951744079589844e-01,8.369328975677490234e-01,-6.321110576391220093e-02,6.481202840805053711e-01,8.313381671905517578e-01,-4.682914540171623230e-02,6.910659074783325195e-01,7.628057599067687988e-01,-7.282374799251556396e-02,6.368653178215026855e-01,8.231285810470581055e-01,-8.545739948749542236e-02,6.506320834159851074e-01,8.518392443656921387e-01,-7.071084529161453247e-02,6.712976694107055664e-01,8.464280366897583008e-01,-5.745148286223411560e-02
7.228730320930480957e-01,7.646198868751525879e-01,1.578675750124602928e-07,6.919959783554077148e-01,7.396425008773803711e-01,-3.432294353842735291e-03,6.466673612594604492e-01,7.267165184020996094e-01,-1.640854775905609131e-02,6.134407520294189453e-01,7.326474189758300781e-01,-2.871950529515743256e-02,5.910893082618713379e-01,7.455607652664184570e-01,-4.379094392061233521e-02,6.423875689506530762e-01,6.852800250053405762e-01,-4.581645131111145020e-02,5.788928866386413574e-01,6.724499464035034180e-01,-7.060291618108749390e-02,5.372177362442016602e-01,6.579744815826416016e-01,-8.464056998491287231e-02,5.071947574615478516e-01,6.420026421546936035e-01,-9.340984374284744263e-02,6.565651297569274902e-01,7.012921571731567383e-01,-5.613743886351585388e-02,5.960050225257873535e-01,7.286207079887390137e-01,-8.129481971263885498e-02,5.999880433082580566e-01,7.615228295326232910e-01,-8.346636593341827393e-02,6.141840815544128418e-01,7.715238332748413086e-01,-8.176237344741821289e-02,6.766237020492553711e-01,7.364619374275207520e-01,-6.460166722536087036e-02,6.259353756904602051e-01,7.798570990562438965e-01,-8.635115623474121094e-02,6.291779875755310059e-01,8.013339042663574219e-01,-7.635907828807830811e-02,6.392643451690673828e-01,7.980576753616333008e-01,-6.620808690786361694e-02,6.969048976898193359e-01,7.791965603828430176e-01,-7.234661281108856201e-02,6.561063528060913086e-01,8.188012242317199707e-01,-8.852805197238922119e-02,6.576411724090576172e-01,8.309576511383056641e-01,-7.901179045438766479e-02,6.665579676628112793e-01,8.248397111892700195e-01,-6.893634796142578125e-02
7.460765838623046875e-01,7.881508469581604004e-01,-8.296672149299411103e-08,7.097377181053161621e-01,7.742227911949157715e-01,-1.787287998013198376e-03,6.658727526664733887e-01,7.587327957153320312e-01,-1.636860333383083344e-02,6.345820426940917969e-01,7.606480121612548828e-01,-3.177024424076080322e-02,6.088641881942749023e-01,7.749361395835876465e-01,-4.988259449601173401e-02,6.583967804908752441e-01,6.879538297653198242e-01,-4.534109309315681458e-02,5.875223278999328613e-01,6.671664118766784668e-01,-7.284561544656753540e-02,5.398182868957519531e-01,6.543693542480468750e-01,-8.873528242111206055e-02,5.032806396484375000e-01,6.410928368568420410e-01,-1.004330813884735107e-01,6.784104108810424805e-01,6.989683508872985840e-01,-5.975100398063659668e-02,6.067487001419067383e-01,7.408794164657592773e-01,-8.908940106630325317e-02,6.193926334381103516e-01,7.780913114547729492e-01,-8.849900960922241211e-02,6.412948966026306152e-01,7.812159061431884766e-01,-8.501186966896057129e-02,7.019223570823669434e-01,7.334855198860168457e-01,-7.289804518222808838e-02,6.430057883262634277e-01,7.956181764602661133e-01,-9.806326776742935181e-02,6.577776670455932617e-01,8.185038566589355469e-01,-8.222378045320510864e-02,6.771537661552429199e-01,8.059651851654052734e-01,-6.869459152221679688e-02,7.244896888732910156e-01,7.756943702697753906e-01,-8.581511676311492920e-02,6.728376746177673340e-01,8.247944116592407227e-01,-1.039592102169990540e-01,6.844188570976257324e-01,8.417011499404907227e-01,-8.967477828264236450e-02,7.027080059051513672e-01,8.309214711189270020e-01,-7.657723128795623779e-02
7.770686745643615723e-01,8.091027140617370605e-01,-1.675596479344676482e-07,7.340211868286132812e-01,7.919375300407409668e-01,-3.026666818186640739e-03,6.861863732337951660e-01,7.770567536354064941e-01,-2.065383829176425934e-02,6.490081548690795898e-01,7.837286591529846191e-01,-3.996289521455764771e-02,6.203354597091674805e-01,7.939096689224243164e-01,-6.108262389898300171e-02,6.772146224975585938e-01,6.952276229858398438e-01,-4.133467003703117371e-02,6.010752916336059570e-01,6.691390872001647949e-01,-6.905465573072433472e-02,5.518816709518432617e-01,6.508662700653076172e-01,-8.495121449232101440e-02,5.135172605514526367e-01,6.344371438026428223e-01,-9.687972813844680786e-02,7.005796432495117188e-01,7.067589163780212402e-01,-5.588243156671524048e-02,6.287327408790588379e-01,7.521697282791137695e-01,-8.564579486846923828e-02,6.422108411788940430e-01,7.900762557983398438e-01,-8.483885228633880615e-02,6.635826230049133301e-01,7.925563454627990723e-01,-8.170448243618011475e-02,7.244838476181030273e-01,7.406418323516845703e-01,-6.990997493267059326e-02,6.640070080757141113e-01,8.007888793945312500e-01,-9.302656352519989014e-02,6.820708513259887695e-01,8.197671771049499512e-01,-7.611661404371261597e-02,7.024697661399841309e-01,8.035928010940551758e-01,-6.333990395069122314e-02,7.462573051452636719e-01,7.823837399482727051e-01,-8.435238897800445557e-02,6.934277415275573730e-01,8.269231319427490234e-01,-9.982074797153472900e-02,7.075121998786926270e-01,8.413036465644836426e-01,-8.525967597961425781e-02,7.260427474975585938e-01,8.283957839012145996e-01,-7.279484719038009644e-02
8.461631536483764648e-01,8.731971979141235352e-01,-3.410214048926718533e-07,7.610024809837341309e-01,8.745718598365783691e-01,-2.765746321529150009e-03,7.002335786819458008e-01,8.495165109634399414e-01,-2.049058675765991211e-02,6.560614109039306641e-01,8.353704810142517090e-01,-4.224384948611259460e-02,6.242182254791259766e-01,8.272049427032470703e-01,-6.392232328653335571e-02,6.990970969200134277e-01,6.990680694580078125e-01,-2.054606564342975616e-02,6.203576326370239258e-01,6.697312593460083008e-01,-4.584300145506858826e-02,5.687060952186584473e-01,6.518076062202453613e-01,-6.001443788409233093e-02,5.278012156486511230e-01,6.342692375183105469e-01,-7.094128429889678955e-02,7.275907993316650391e-01,7.015607357025146484e-01,-3.859335184097290039e-02,6.405084133148193359e-01,7.481565475463867188e-01,-7.219915837049484253e-02,6.537558436393737793e-01,8.109884262084960938e-01,-7.260555028915405273e-02,6.783727407455444336e-01,8.280881643295288086e-01,-6.764374673366546631e-02,7.524600625038146973e-01,7.321240305900573730e-01,-5.786572024226188660e-02,6.805941462516784668e-01,8.041973114013671875e-01,-8.370292931795120239e-02,7.000769972801208496e-01,8.461375236511230469e-01,-6.474548578262329102e-02,7.226244807243347168e-01,8.405114412307739258e-01,-4.872938990592956543e-02,7.732874751091003418e-01,7.781164050102233887e-01,-7.873222231864929199e-02,7.158150672912597656e-01,8.306421637535095215e-01,-9.036438912153244019e-02,7.268438339233398438e-01,8.608283400535583496e-01,-7.312158495187759399e-02,7.452692985534667969e-01,8.561761379241943359e-01,-5.847534537315368652e-02
7.983198761940002441e-01,8.135972023010253906e-01,7.544824853766840533e-08,7.510453462600708008e-01,8.040444850921630859e-01,-6.654155906289815903e-03,7.026610374450683594e-01,7.980912327766418457e-01,-2.504150569438934326e-02,6.696715354919433594e-01,8.135119080543518066e-01,-4.394383728504180908e-02,6.403284668922424316e-01,8.350455164909362793e-01,-6.541038304567337036e-02,7.035609483718872070e-01,6.974122524261474609e-01,-4.827331006526947021e-02,6.389025449752807617e-01,6.733614802360534668e-01,-7.941555231809616089e-02,5.926081538200378418e-01,6.560170650482177734e-01,-9.783229976892471313e-02,5.578883886337280273e-01,6.387619376182556152e-01,-1.104506030678749084e-01,7.299786210060119629e-01,7.051283121109008789e-01,-6.344390660524368286e-02,6.561088562011718750e-01,7.526426315307617188e-01,-9.887829422950744629e-02,6.693792939186096191e-01,8.001247644424438477e-01,-1.014172881841659546e-01,6.922909617424011230e-01,8.074267506599426270e-01,-9.767580777406692505e-02,7.609171867370605469e-01,7.383835911750793457e-01,-7.793372869491577148e-02,7.015940546989440918e-01,8.075510263442993164e-01,-1.105515733361244202e-01,7.171136736869812012e-01,8.321885466575622559e-01,-9.664476662874221802e-02,7.365304231643676758e-01,8.159917593002319336e-01,-8.114408701658248901e-02,7.899123430252075195e-01,7.794558405876159668e-01,-9.222363680601119995e-02,7.354379296302795410e-01,8.337132930755615234e-01,-1.173691973090171814e-01,7.463011145591735840e-01,8.516361117362976074e-01,-1.043576374650001526e-01,7.644314169883728027e-01,8.365486860275268555e-01,-8.971581608057022095e-02
8.234624266624450684e-01,8.292921781539916992e-01,-1.852984894412657013e-07,7.745928764343261719e-01,8.176162242889404297e-01,-8.103516884148120880e-03,7.266728878021240234e-01,8.074055910110473633e-01,-3.073458559811115265e-02,6.878485083580017090e-01,8.188509941101074219e-01,-5.428129062056541443e-02,6.559275984764099121e-01,8.335778713226318359e-01,-7.956969738006591797e-02,7.236877083778381348e-01,7.010294795036315918e-01,-4.950548708438873291e-02,6.498314142227172852e-01,6.695216894149780273e-01,-8.348958939313888550e-02,6.005671024322509766e-01,6.463618278503417969e-01,-1.034796610474586487e-01,5.627998709678649902e-01,6.278051137924194336e-01,-1.180519908666610718e-01,7.529343366622924805e-01,7.060876488685607910e-01,-6.373633444309234619e-02,6.723687052726745605e-01,7.524757385253906250e-01,-9.861838817596435547e-02,6.852558255195617676e-01,8.087668418884277344e-01,-9.532822668552398682e-02,7.082735300064086914e-01,8.188923597335815430e-01,-8.867831528186798096e-02,7.811272144317626953e-01,7.394152283668518066e-01,-7.848409563302993774e-02,7.128045558929443359e-01,8.079184889793395996e-01,-1.050028055906295776e-01,7.274843454360961914e-01,8.399292230606079102e-01,-8.398353308439254761e-02,7.489437460899353027e-01,8.261979818344116211e-01,-6.730562448501586914e-02,8.061341643333435059e-01,7.823985815048217773e-01,-9.424626082181930542e-02,7.479414939880371094e-01,8.349486589431762695e-01,-1.117025688290596008e-01,7.577795982360839844e-01,8.574730157852172852e-01,-9.505838900804519653e-02,7.758799791336059570e-01,8.445647358894348145e-01,-8.035542815923690796e-02
8.869217634201049805e-01,8.780804276466369629e-01,-3.077036296872392995e-07,8.012383580207824707e-01,8.762094378471374512e-01,-2.835872350260615349e-03,7.440436482429504395e-01,8.477189540863037109e-01,-2.057778090238571167e-02,7.003943324089050293e-01,8.327510356903076172e-01,-4.224153608083724976e-02,6.642805337905883789e-01,8.290554881095886230e-01,-6.390088796615600586e-02,7.393682599067687988e-01,7.000339031219482422e-01,-2.057849988341331482e-02,6.624217629432678223e-01,6.662585735321044922e-01,-4.468853026628494263e-02,6.124040484428405762e-01,6.447880268096923828e-01,-5.731857195496559143e-02,5.728416442871093750e-01,6.244625449180603027e-01,-6.727539747953414917e-02,7.704658508300781250e-01,6.997176408767700195e-01,-3.826580569148063660e-02,6.844864487648010254e-01,7.525318264961242676e-01,-7.003574818372726440e-02,7.018578052520751953e-01,8.124353885650634766e-01,-6.821455806493759155e-02,7.280715703964233398e-01,8.244214057922363281e-01,-6.201591715216636658e-02,7.965984940528869629e-01,7.299293279647827148e-01,-5.738350376486778259e-02,7.243390679359436035e-01,8.084527850151062012e-01,-8.136790245771408081e-02,7.450945377349853516e-01,8.478702306747436523e-01,-6.207320466637611389e-02,7.669432163238525391e-01,8.382200598716735840e-01,-4.661700502038002014e-02,8.173250555992126465e-01,7.763849496841430664e-01,-7.817361503839492798e-02,7.608357667922973633e-01,8.373263478279113770e-01,-8.910318464040756226e-02,7.738975286483764648e-01,8.642359375953674316e-01,-7.293125241994857788e-02,7.926994562149047852e-01,8.543144464492797852e-01,-5.947359278798103333e-02
8.321485519409179688e-01,8.144822716712951660e-01,2.300297907709136780e-08,7.872428297996520996e-01,7.975355982780456543e-01,-3.675687592476606369e-03,7.439636588096618652e-01,7.840942144393920898e-01,-1.922183856368064880e-02,7.110805511474609375e-01,7.990163564682006836e-01,-3.621454909443855286e-02,6.846303939819335938e-01,8.240392804145812988e-01,-5.607949197292327881e-02,7.509798407554626465e-01,6.965605616569519043e-01,-3.867220878601074219e-02,6.954333782196044922e-01,6.777033805847167969e-01,-6.371447443962097168e-02,6.547403335571289062e-01,6.620009541511535645e-01,-7.892554253339767456e-02,6.234665513038635254e-01,6.442035436630249023e-01,-9.098852425813674927e-02,7.745758295059204102e-01,7.068272233009338379e-01,-5.427569150924682617e-02,7.010188698768615723e-01,7.497688531875610352e-01,-8.290831744670867920e-02,7.101046442985534668e-01,7.950574755668640137e-01,-8.377473056316375732e-02,7.306743264198303223e-01,8.038385510444641113e-01,-8.062791824340820312e-02,8.023740053176879883e-01,7.403807044029235840e-01,-6.932047009468078613e-02,7.413687109947204590e-01,8.073537349700927734e-01,-9.520892798900604248e-02,7.546983361244201660e-01,8.276903033256530762e-01,-8.235207945108413696e-02,7.755675911903381348e-01,8.115554451942443848e-01,-7.009427994489669800e-02,8.286488056182861328e-01,7.818874120712280273e-01,-8.452503383159637451e-02,7.768602967262268066e-01,8.362733125686645508e-01,-1.061371564865112305e-01,7.851754426956176758e-01,8.501937985420227051e-01,-9.601574391126632690e-02,8.043373227119445801e-01,8.353840708732604980e-01,-8.515997976064682007e-02
8.456135392189025879e-01,8.184775710105895996e-01,-1.527176323179446626e-07,8.040715456008911133e-01,7.966968417167663574e-01,-4.740308970212936401e-03,7.615211606025695801e-01,7.784659266471862793e-01,-2.299292571842670441e-02,7.290552854537963867e-01,7.793478965759277344e-01,-4.199770465493202209e-02,7.084295153617858887e-01,8.013302087783813477e-01,-6.409989297389984131e-02,7.613568902015686035e-01,7.022153735160827637e-01,-5.360314622521400452e-02,6.899164915084838867e-01,6.697970628738403320e-01,-8.899164199829101562e-02,6.420544981956481934e-01,6.443442106246948242e-01,-1.119497194886207581e-01,6.026856303215026855e-01,6.242918968200683594e-01,-1.291013956069946289e-01,7.893110513687133789e-01,7.072985768318176270e-01,-6.772602349519729614e-02,7.098248600959777832e-01,7.529965639114379883e-01,-1.028732210397720337e-01,7.198814153671264648e-01,8.045157194137573242e-01,-9.923014044761657715e-02,7.417383790016174316e-01,8.192228078842163086e-01,-9.271749109029769897e-02,8.179255127906799316e-01,7.422234416007995605e-01,-8.179470896720886230e-02,7.502388358116149902e-01,8.105732202529907227e-01,-1.080809682607650757e-01,7.648667097091674805e-01,8.357065320014953613e-01,-8.853025734424591064e-02,7.885852456092834473e-01,8.234790563583374023e-01,-7.294432073831558228e-02,8.441446423530578613e-01,7.857804298400878906e-01,-9.644889831542968750e-02,7.874300479888916016e-01,8.364527821540832520e-01,-1.150182262063026428e-01,7.963803410530090332e-01,8.533827662467956543e-01,-1.002663522958755493e-01,8.154291510581970215e-01,8.393306136131286621e-01,-8.715016394853591919e-02
8.573733568191528320e-01,8.463454246520996094e-01,-2.006461841119744349e-07,8.090947866439819336e-01,8.347523212432861328e-01,-8.957627229392528534e-03,7.650268077850341797e-01,8.162961602210998535e-01,-3.003958240151405334e-02,7.294117808341979980e-01,8.158434629440307617e-01,-5.220815539360046387e-02,7.047746181488037109e-01,8.324671387672424316e-01,-7.663763314485549927e-02,7.638779878616333008e-01,7.072252631187438965e-01,-4.689319059252738953e-02,6.965083479881286621e-01,6.684995293617248535e-01,-8.168851584196090698e-02,6.487268209457397461e-01,6.399248242378234863e-01,-1.044675484299659729e-01,6.110470890998840332e-01,6.191031932830810547e-01,-1.215677559375762939e-01,7.968625426292419434e-01,7.058686614036560059e-01,-6.083935126662254333e-02,7.214868068695068359e-01,7.553654313087463379e-01,-9.764004498720169067e-02,7.323903441429138184e-01,8.173137903213500977e-01,-9.524999558925628662e-02,7.537907361984252930e-01,8.356084823608398438e-01,-8.844219893217086792e-02,8.281142115592956543e-01,7.375557422637939453e-01,-7.589702308177947998e-02,7.614184617996215820e-01,8.120554685592651367e-01,-1.023286357522010803e-01,7.758870124816894531e-01,8.471501469612121582e-01,-8.122250437736511230e-02,7.978593111038208008e-01,8.379646539688110352e-01,-6.429651379585266113e-02,8.555750250816345215e-01,7.830408811569213867e-01,-9.257575124502182007e-02,7.990764379501342773e-01,8.411036133766174316e-01,-1.095676943659782410e-01,8.078630566596984863e-01,8.647173643112182617e-01,-9.352847188711166382e-02,8.260160088539123535e-01,8.510548472404479980e-01,-7.935525476932525635e-02
9.134637713432312012e-01,8.958719372749328613e-01,-3.386205662536667660e-07,8.316737413406372070e-01,8.846886754035949707e-01,-8.029099553823471069e-03,7.749646306037902832e-01,8.502852320671081543e-01,-2.633752115070819855e-02,7.324273586273193359e-01,8.302199244499206543e-01,-4.794821888208389282e-02,7.016241550445556641e-01,8.354308009147644043e-01,-6.956872344017028809e-02,7.752955555915832520e-01,7.083887457847595215e-01,-2.449290454387664795e-02,7.057194709777832031e-01,6.654161214828491211e-01,-5.155761539936065674e-02,6.565076708793640137e-01,6.410645246505737305e-01,-6.552850455045700073e-02,6.186419129371643066e-01,6.194007992744445801e-01,-7.587466388940811157e-02,8.106482625007629395e-01,7.068142890930175781e-01,-4.062091559171676636e-02,7.304167151451110840e-01,7.565787434577941895e-01,-7.612828910350799561e-02,7.397703528404235840e-01,8.284074664115905762e-01,-7.392491400241851807e-02,7.628861069679260254e-01,8.504381179809570312e-01,-6.589260697364807129e-02,8.405351638793945312e-01,7.364768981933593750e-01,-5.904418230056762695e-02,7.700886130332946777e-01,8.156647682189941406e-01,-8.614346385002136230e-02,7.851948142051696777e-01,8.657569885253906250e-01,-6.632158160209655762e-02,8.079282045364379883e-01,8.631065487861633301e-01,-4.873095825314521790e-02,8.654672503471374512e-01,7.823380231857299805e-01,-7.978650182485580444e-02,8.096558451652526855e-01,8.444890975952148438e-01,-9.159136563539505005e-02,8.163721561431884766e-01,8.775585293769836426e-01,-7.517037540674209595e-02,8.343101143836975098e-01,8.715045452117919922e-01,-6.077229976654052734e-02
8.612744808197021484e-01,8.139113783836364746e-01,5.967546456986383419e-08,8.202193379402160645e-01,7.944231629371643066e-01,-9.194999933242797852e-03,7.809430956840515137e-01,7.813196778297424316e-01,-2.803657576441764832e-02,7.510731220245361328e-01,7.882754206657409668e-01,-4.736432060599327087e-02,7.260755300521850586e-01,8.031448125839233398e-01,-7.015313208103179932e-02,7.896000742912292480e-01,6.978145837783813477e-01,-4.778851568698883057e-02,7.425916194915771484e-01,6.887156367301940918e-01,-7.715032249689102173e-02,7.089320421218872070e-01,6.760442852973937988e-01,-9.595154970884323120e-02,6.816398501396179199e-01,6.596866846084594727e-01,-1.102875620126724243e-01,8.154795765876770020e-01,7.107442021369934082e-01,-6.175500154495239258e-02,7.434553503990173340e-01,7.581310868263244629e-01,-9.438954293727874756e-02,7.421920299530029297e-01,8.111456036567687988e-01,-9.684836119413375854e-02,7.533805966377258301e-01,8.331003189086914062e-01,-9.424289315938949585e-02,8.429650664329528809e-01,7.480564117431640625e-01,-7.565861940383911133e-02,7.811688184738159180e-01,8.183983564376831055e-01,-1.041403487324714661e-01,7.921513319015502930e-01,8.427766561508178711e-01,-9.135031700134277344e-02,8.118099570274353027e-01,8.306273221969604492e-01,-7.812442630529403687e-02,8.690317869186401367e-01,7.921895980834960938e-01,-9.019532799720764160e-02,8.164770603179931641e-01,8.470286726951599121e-01,-1.135670095682144165e-01,8.219254016876220703e-01,8.603720664978027344e-01,-1.036286801099777222e-01,8.402641415596008301e-01,8.452866673469543457e-01,-9.211362898349761963e-02
8.659356236457824707e-01,8.178500533103942871e-01,-8.661493922090812703e-08,8.213464021682739258e-01,8.031272292137145996e-01,-7.261108141392469406e-03,7.815651893615722656e-01,7.946397662162780762e-01,-2.825336158275604248e-02,7.519913911819458008e-01,8.096742033958435059e-01,-5.089024454355239868e-02,7.265848517417907715e-01,8.359012007713317871e-01,-7.690570503473281860e-02,7.903802394866943359e-01,7.039194703102111816e-01,-5.112558975815773010e-02,7.271428704261779785e-01,6.801904439926147461e-01,-8.625681698322296143e-02,6.845375895500183105e-01,6.550082564353942871e-01,-1.107316017150878906e-01,6.506043672561645508e-01,6.322486400604248047e-01,-1.292565464973449707e-01,8.194272518157958984e-01,7.106599211692810059e-01,-6.597632914781570435e-02,7.405493259429931641e-01,7.619552016258239746e-01,-1.015162393450737000e-01,7.447230219841003418e-01,8.232592344284057617e-01,-1.000558063387870789e-01,7.632746696472167969e-01,8.455696105957031250e-01,-9.406143426895141602e-02,8.487231135368347168e-01,7.466629147529602051e-01,-8.132261037826538086e-02,7.823950052261352539e-01,8.225609064102172852e-01,-1.061868667602539062e-01,7.934011220932006836e-01,8.551577925682067871e-01,-8.693159371614456177e-02,8.161963224411010742e-01,8.480508923530578613e-01,-7.115021347999572754e-02,8.748772740364074707e-01,7.924929857254028320e-01,-9.806963056325912476e-02,8.199930191040039062e-01,8.477753400802612305e-01,-1.161102354526519775e-01,8.248263001441955566e-01,8.685215115547180176e-01,-1.016857549548149109e-01,8.431401848793029785e-01,8.561971783638000488e-01,-8.828936517238616943e-02
8.672440648078918457e-01,8.406031727790832520e-01,-1.419078614617319545e-07,8.231102228164672852e-01,8.282496333122253418e-01,-1.175975427031517029e-02,7.825838327407836914e-01,8.160806298255920410e-01,-3.692111000418663025e-02,7.494434118270874023e-01,8.226184248924255371e-01,-6.342969834804534912e-02,7.216874957084655762e-01,8.406010270118713379e-01,-9.312238544225692749e-02,7.868066430091857910e-01,7.090306282043457031e-01,-5.726254731416702271e-02,7.218833565711975098e-01,6.736559271812438965e-01,-9.743764251470565796e-02,6.743201613426208496e-01,6.446844339370727539e-01,-1.236021369695663452e-01,6.373124718666076660e-01,6.208634376525878906e-01,-1.425295919179916382e-01,8.213164210319519043e-01,7.128400206565856934e-01,-7.162879407405853271e-02,7.419426441192626953e-01,7.653909921646118164e-01,-1.126291826367378235e-01,7.477042078971862793e-01,8.358540534973144531e-01,-1.094858720898628235e-01,7.673298120498657227e-01,8.554940223693847656e-01,-1.010207012295722961e-01,8.534777760505676270e-01,7.487241625785827637e-01,-8.738436549901962280e-02,7.820191979408264160e-01,8.257694244384765625e-01,-1.176886335015296936e-01,7.922087311744689941e-01,8.683972358703613281e-01,-9.508348256349563599e-02,8.162949085235595703e-01,8.621499538421630859e-01,-7.574985176324844360e-02,8.818072676658630371e-01,7.959131598472595215e-01,-1.050024703145027161e-01,8.227171897888183594e-01,8.526165485382080078e-01,-1.264556199312210083e-01,8.255862593650817871e-01,8.798069953918457031e-01,-1.108879595994949341e-01,8.456379771232604980e-01,8.677527904510498047e-01,-9.565321356058120728e-02
8.776216506958007812e-01,8.620759248733520508e-01,-2.496175852684245910e-07,8.268287777900695801e-01,8.480244874954223633e-01,-1.211467478424310684e-02,7.825846672058105469e-01,8.270738124847412109e-01,-3.517651185393333435e-02,7.455372810363769531e-01,8.261156678199768066e-01,-5.990549176931381226e-02,7.229451537132263184e-01,8.408328890800476074e-01,-8.640547096729278564e-02,7.858244776725769043e-01,7.125799059867858887e-01,-4.604339972138404846e-02,7.201603651046752930e-01,6.744167208671569824e-01,-8.460724353790283203e-02,6.726948618888854980e-01,6.470245718955993652e-01,-1.088520735502243042e-01,6.365935802459716797e-01,6.263730525970458984e-01,-1.261291950941085815e-01,8.216788172721862793e-01,7.121691107749938965e-01,-5.985426157712936401e-02,7.435050606727600098e-01,7.657370567321777344e-01,-1.007852852344512939e-01,7.535051703453063965e-01,8.403584957122802734e-01,-9.710611402988433838e-02,7.764763236045837402e-01,8.589059114456176758e-01,-8.699533343315124512e-02,8.550001978874206543e-01,7.458498477935791016e-01,-7.602559030055999756e-02,7.834737896919250488e-01,8.242561817169189453e-01,-1.050979644060134888e-01,7.955944538116455078e-01,8.687167167663574219e-01,-8.208922296762466431e-02,8.200369477272033691e-01,8.614645600318908691e-01,-6.217326968908309937e-02,8.831847310066223145e-01,7.942731976509094238e-01,-9.469811618328094482e-02,8.250499367713928223e-01,8.538281917572021484e-01,-1.138426065444946289e-01,8.287343382835388184e-01,8.826255798339843750e-01,-9.838499873876571655e-02,8.486030101776123047e-01,8.721028566360473633e-01,-8.320677280426025391e-02
