7.648375630378723145e-01,6.493338346481323242e-01,-1.478035756008466706e-07,8.074404001235961914e-01,6.168226599693298340e-01,-1.175996102392673492e-02,8.292137384414672852e-01,5.537161231040954590e-01,-1.495013292878866196e-02,8.238238096237182617e-01,4.921046793460845947e-01,-1.958601735532283783e-02,7.977936863899230957e-01,4.612374305725097656e-01,-2.277417667210102081e-02,7.898335456848144531e-01,5.020325779914855957e-01,6.854664534330368042e-03,8.004946112632751465e-01,4.673061072826385498e-01,-1.008401066064834595e-02,8.108142614364624023e-01,5.033960342407226562e-01,-2.122594974935054779e-02,8.067670464515686035e-01,5.255541205406188965e-01,-2.605883032083511353e-02,7.682664394378662109e-01,5.063044428825378418e-01,5.802545230835676193e-03,7.825562953948974609e-01,4.664559364318847656e-01,-1.251168083399534225e-02,7.952811121940612793e-01,5.166977643966674805e-01,-2.021229267120361328e-02,7.877774238586425781e-01,5.436157584190368652e-01,-2.031390182673931122e-02,7.471743822097778320e-01,5.161633491516113281e-01,1.253677881322801113e-03,7.649194002151489258e-01,4.790832400321960449e-01,-2.172859758138656616e-02,7.795249223709106445e-01,5.274647474288940430e-01,-2.011717297136783600e-02,7.728397846221923828e-01,5.547177791595458984e-01,-1.219901256263256073e-02,7.229973673820495605e-01,5.324103236198425293e-01,-3.778277896344661713e-03,7.481017112731933594e-01,4.999428391456604004e-01,-2.017967775464057922e-02,7.613751292228698730e-01,5.328541398048400879e-01,-1.655797846615314484e-02,7.561928629875183105e-01,5.557358264923095703e-01,-9.331707842648029327e-03
7.665419578552246094e-01,6.477612257003784180e-01,-1.502000941400183365e-07,8.079161643981933594e-01,6.139105558395385742e-01,-1.560799032449722290e-02,8.296698927879333496e-01,5.522355437278747559e-01,-2.066995762288570404e-02,8.231236338615417480e-01,4.916587471961975098e-01,-2.631798759102821350e-02,7.955418825149536133e-01,4.605922996997833252e-01,-2.961274795234203339e-02,7.901130914688110352e-01,5.045650005340576172e-01,2.965743187814950943e-03,8.016778230667114258e-01,4.651131033897399902e-01,-1.646887511014938354e-02,8.115015029907226562e-01,5.037398338317871094e-01,-2.794880792498588562e-02,8.056656718254089355e-01,5.275068879127502441e-01,-3.254715353250503540e-02,7.692912220954895020e-01,5.074220299720764160e-01,2.688786946237087250e-03,7.823640704154968262e-01,4.627371132373809814e-01,-1.758799888193607330e-02,7.949165701866149902e-01,5.125434994697570801e-01,-2.503835968673229218e-02,7.876069545745849609e-01,5.378414988517761230e-01,-2.467452548444271088e-02,7.481167316436767578e-01,5.165019035339355469e-01,-1.642440329305827618e-03,7.660895586013793945e-01,4.777309000492095947e-01,-2.756360918283462524e-02,7.798862457275390625e-01,5.288804769515991211e-01,-2.570087276399135590e-02,7.722209095954895020e-01,5.551970005035400391e-01,-1.677946187555789948e-02,7.229833006858825684e-01,5.328018069267272949e-01,-6.688792724162340164e-03,7.493778467178344727e-01,4.994165003299713135e-01,-2.463090419769287109e-02,7.627214193344116211e-01,5.334209799766540527e-01,-2.057055383920669556e-02,7.566743493080139160e-01,5.556523799896240234e-01,-1.267983205616474152e-02
7.654995918273925781e-01,6.485934257507324219e-01,-1.644482523488477455e-07,8.070093393325805664e-01,6.147646903991699219e-01,-1.645861566066741943e-02,8.297535181045532227e-01,5.539847016334533691e-01,-2.223294787108898163e-02,8.222261071205139160e-01,4.937822222709655762e-01,-2.858597971498966217e-02,7.943208813667297363e-01,4.626327753067016602e-01,-3.238543495535850525e-02,7.887455224990844727e-01,5.053736567497253418e-01,1.923294737935066223e-03,7.994546890258789062e-01,4.641682505607604980e-01,-1.914954371750354767e-02,8.095980286598205566e-01,5.036633610725402832e-01,-3.128891065716743469e-02,8.044679164886474609e-01,5.298243165016174316e-01,-3.578720241785049438e-02,7.675352096557617188e-01,5.084176063537597656e-01,2.023062668740749359e-03,7.808088064193725586e-01,4.638160169124603271e-01,-1.974874548614025116e-02,7.930337786674499512e-01,5.149635672569274902e-01,-2.761263214051723480e-02,7.850947976112365723e-01,5.413635969161987305e-01,-2.724888920783996582e-02,7.464400529861450195e-01,5.170868039131164551e-01,-2.157655544579029083e-03,7.648493647575378418e-01,4.792846441268920898e-01,-2.879279106855392456e-02,7.771269679069519043e-01,5.312893986701965332e-01,-2.720971591770648956e-02,7.680270671844482422e-01,5.577834248542785645e-01,-1.832763850688934326e-02,7.213860154151916504e-01,5.328538417816162109e-01,-7.156167179346084595e-03,7.484564781188964844e-01,4.995327293872833252e-01,-2.481140382587909698e-02,7.603571414947509766e-01,5.330863595008850098e-01,-2.098624408245086670e-02,7.525370121002197266e-01,5.547524690628051758e-01,-1.335371937602758408e-02
7.649041414260864258e-01,6.488906145095825195e-01,-1.642121532086093794e-07,8.060361742973327637e-01,6.160510182380676270e-01,-1.725994795560836792e-02,8.288941979408264160e-01,5.550824403762817383e-01,-2.322099357843399048e-02,8.215377330780029297e-01,4.944140911102294922e-01,-2.946973033249378204e-02,7.937510609626770020e-01,4.627111554145812988e-01,-3.293264657258987427e-02,7.882675528526306152e-01,5.061439275741577148e-01,9.400538983754813671e-04,7.987878322601318359e-01,4.644590020179748535e-01,-2.058183215558528900e-02,8.090491294860839844e-01,5.050766468048095703e-01,-3.236943483352661133e-02,8.035866618156433105e-01,5.313757061958312988e-01,-3.642842918634414673e-02,7.671386599540710449e-01,5.089799165725708008e-01,1.363162416964769363e-03,7.800543904304504395e-01,4.634870886802673340e-01,-2.103127352893352509e-02,7.924284338951110840e-01,5.150531530380249023e-01,-2.854239940643310547e-02,7.845379710197448730e-01,5.409739613533020020e-01,-2.763335034251213074e-02,7.457465529441833496e-01,5.173387527465820312e-01,-2.596271457150578499e-03,7.638828754425048828e-01,4.793054163455963135e-01,-2.994390390813350677e-02,7.764515876770019531e-01,5.319964289665222168e-01,-2.800233848392963409e-02,7.675065994262695312e-01,5.578876137733459473e-01,-1.860054023563861847e-02,7.202475070953369141e-01,5.326783061027526855e-01,-7.411229424178600311e-03,7.474080920219421387e-01,5.006601810455322266e-01,-2.552625723183155060e-02,7.593531608581542969e-01,5.349907279014587402e-01,-2.161980420351028442e-02,7.513934969902038574e-01,5.561671853065490723e-01,-1.373506430536508560e-02
7.642096281051635742e-01,6.492736935615539551e-01,-1.742738078291949932e-07,8.056497573852539062e-01,6.155179738998413086e-01,-1.672974415123462677e-02,8.286723494529724121e-01,5.545415282249450684e-01,-2.237820625305175781e-02,8.203629851341247559e-01,4.939791262149810791e-01,-2.830519154667854309e-02,7.927176952362060547e-01,4.628635644912719727e-01,-3.147215396165847778e-02,7.891951203346252441e-01,5.073259472846984863e-01,1.707526389509439468e-03,8.002272248268127441e-01,4.654476642608642578e-01,-1.930360309779644012e-02,8.094601631164550781e-01,5.063354372978210449e-01,-3.099579922854900360e-02,8.035914897918701172e-01,5.323304533958435059e-01,-3.521898388862609863e-02,7.672727108001708984e-01,5.094317197799682617e-01,1.861096825450658798e-03,7.798195481300354004e-01,4.626992344856262207e-01,-2.015444077551364899e-02,7.915280461311340332e-01,5.148216485977172852e-01,-2.759094908833503723e-02,7.837288379669189453e-01,5.410970449447631836e-01,-2.670684270560741425e-02,7.452460527420043945e-01,5.171860456466674805e-01,-2.272722311317920685e-03,7.630990743637084961e-01,4.784020781517028809e-01,-2.909331582486629486e-02,7.752796411514282227e-01,5.311231017112731934e-01,-2.683754637837409973e-02,7.664299607276916504e-01,5.568450093269348145e-01,-1.738550327718257904e-02,7.191929221153259277e-01,5.319030880928039551e-01,-7.240247447043657303e-03,7.462302446365356445e-01,4.992519021034240723e-01,-2.480175346136093140e-02,7.580291628837585449e-01,5.341680049896240234e-01,-2.039848826825618744e-02,7.500760555267333984e-01,5.555593371391296387e-01,-1.231583487242460251e-02
7.634812593460083008e-01,6.481300592422485352e-01,-1.416309913793156738e-07,8.047297000885009766e-01,6.170645356178283691e-01,-1.791832968592643738e-02,8.281342387199401855e-01,5.558323264122009277e-01,-2.431245148181915283e-02,8.205997943878173828e-01,4.940057396888732910e-01,-3.088020347058773041e-02,7.919530868530273438e-01,4.636214971542358398e-01,-3.479428961873054504e-02,7.865392565727233887e-01,5.066338181495666504e-01,-6.634444580413401127e-04,7.970279455184936523e-01,4.621388912200927734e-01,-2.296809665858745575e-02,8.063647747039794922e-01,4.987497329711914062e-01,-3.523813188076019287e-02,8.007221817970275879e-01,5.250137448310852051e-01,-3.950970619916915894e-02,7.646987438201904297e-01,5.091586709022521973e-01,-1.978174695977941155e-04,7.780615687370300293e-01,4.606668651103973389e-01,-2.358258143067359924e-02,7.901048660278320312e-01,5.123315453529357910e-01,-3.127682581543922424e-02,7.829615473747253418e-01,5.405136942863464355e-01,-3.007927909493446350e-02,7.431020736694335938e-01,5.172626972198486328e-01,-4.108743276447057724e-03,7.618829607963562012e-01,4.788182377815246582e-01,-3.234459459781646729e-02,7.736243605613708496e-01,5.317716002464294434e-01,-3.053416870534420013e-02,7.646428942680358887e-01,5.589549541473388672e-01,-2.078883349895477295e-02,7.174823284149169922e-01,5.324223041534423828e-01,-8.889355696737766266e-03,7.448594570159912109e-01,4.994796216487884521e-01,-2.740117907524108887e-02,7.568423748016357422e-01,5.338814854621887207e-01,-2.340605668723583221e-02,7.494717240333557129e-01,5.556157231330871582e-01,-1.530423108488321304e-02
7.627484202384948730e-01,6.462818384170532227e-01,-6.204264479947596556e-08,8.036603927612304688e-01,6.145144104957580566e-01,-1.767355017364025116e-02,8.260434865951538086e-01,5.527782440185546875e-01,-2.353958971798419952e-02,8.187146782875061035e-01,4.922790825366973877e-01,-2.977259084582328796e-02,7.905440926551818848e-01,4.617210626602172852e-01,-3.414114192128181458e-02,7.866126298904418945e-01,5.053388476371765137e-01,6.373052747221663594e-05,7.947019338607788086e-01,4.555982947349548340e-01,-1.988733001053333282e-02,8.029152154922485352e-01,4.703566431999206543e-01,-3.162063285708427429e-02,7.988711595535278320e-01,4.804413616657257080e-01,-3.676547855138778687e-02,7.639616727828979492e-01,5.078782439231872559e-01,5.437937215901911259e-04,7.763189673423767090e-01,4.584706127643585205e-01,-2.293102815747261047e-02,7.894560098648071289e-01,5.069602131843566895e-01,-3.052411600947380066e-02,7.846090793609619141e-01,5.363196730613708496e-01,-2.918198332190513611e-02,7.418481707572937012e-01,5.167132616043090820e-01,-3.071699524298310280e-03,7.601510286331176758e-01,4.777797460556030273e-01,-3.112554550170898438e-02,7.725377082824707031e-01,5.272805094718933105e-01,-2.892988175153732300e-02,7.656263709068298340e-01,5.545945763587951660e-01,-1.904162764549255371e-02,7.163985371589660645e-01,5.320940017700195312e-01,-7.673662621527910233e-03,7.429503798484802246e-01,4.989384710788726807e-01,-2.653714455664157867e-02,7.556505203247070312e-01,5.314823985099792480e-01,-2.275015972554683685e-02,7.500225901603698730e-01,5.537270307540893555e-01,-1.488245651125907898e-02
7.629598975181579590e-01,6.407326459884643555e-01,1.574767480860828073e-07,8.014960289001464844e-01,6.126638650894165039e-01,-1.858978159725666046e-02,8.239251971244812012e-01,5.522921681404113770e-01,-2.669183164834976196e-02,8.156568408012390137e-01,4.941757321357727051e-01,-3.512017801403999329e-02,7.884316444396972656e-01,4.621818959712982178e-01,-4.351340979337692261e-02,7.854903340339660645e-01,4.978466331958770752e-01,-5.661885719746351242e-03,7.839009761810302734e-01,4.383708834648132324e-01,-1.974119246006011963e-02,7.839970588684082031e-01,3.913336396217346191e-01,-2.689736336469650269e-02,7.789916396141052246e-01,3.534746468067169189e-01,-3.177236393094062805e-02,7.610029578208923340e-01,5.026207566261291504e-01,-5.496132653206586838e-03,7.769741415977478027e-01,4.545788168907165527e-01,-3.081609494984149933e-02,7.898514270782470703e-01,5.049313306808471680e-01,-3.478999808430671692e-02,7.846750617027282715e-01,5.361350178718566895e-01,-2.956820838153362274e-02,7.398884892463684082e-01,5.136115550994873047e-01,-8.217716589570045471e-03,7.607792019844055176e-01,4.764143824577331543e-01,-3.901590034365653992e-02,7.736145853996276855e-01,5.277113914489746094e-01,-3.267405927181243896e-02,7.666187882423400879e-01,5.565431714057922363e-01,-1.894337497651576996e-02,7.158709764480590820e-01,5.308730006217956543e-01,-1.202238071709871292e-02,7.434731125831604004e-01,4.995187222957611084e-01,-3.425770998001098633e-02,7.566415071487426758e-01,5.337862968444824219e-01,-2.934398129582405090e-02,7.500501871109008789e-01,5.569841265678405762e-01,-1.995809748768806458e-02
7.619577050209045410e-01,6.427767872810363770e-01,8.753079328016610816e-08,8.012822866439819336e-01,6.119193434715270996e-01,-1.708942092955112457e-02,8.223751783370971680e-01,5.492929816246032715e-01,-2.436342835426330566e-02,8.139722943305969238e-01,4.927873611450195312e-01,-3.249433264136314392e-02,7.879037261009216309e-01,4.612242579460144043e-01,-4.037243500351905823e-02,7.829895615577697754e-01,4.922197759151458740e-01,-5.424322094768285751e-03,7.833883166313171387e-01,4.289242327213287354e-01,-1.901367492973804474e-02,7.828204631805419922e-01,3.845441639423370361e-01,-2.591679245233535767e-02,7.784872055053710938e-01,3.466857671737670898e-01,-3.115324117243289948e-02,7.586355805397033691e-01,4.989107251167297363e-01,-6.419501733034849167e-03,7.782890796661376953e-01,4.580320715904235840e-01,-3.266054019331932068e-02,7.909698486328125000e-01,5.103885531425476074e-01,-3.749962151050567627e-02,7.848849296569824219e-01,5.388426780700683594e-01,-3.342917189002037048e-02,7.383370995521545410e-01,5.116914510726928711e-01,-1.004577800631523132e-02,7.612303495407104492e-01,4.774686694145202637e-01,-4.088333994150161743e-02,7.738077044486999512e-01,5.293423533439636230e-01,-3.493696451187133789e-02,7.658509612083435059e-01,5.551008582115173340e-01,-2.227930538356304169e-02,7.157182693481445312e-01,5.304009914398193359e-01,-1.470232941210269928e-02,7.439329028129577637e-01,4.999344050884246826e-01,-3.702827543020248413e-02,7.561672329902648926e-01,5.343636274337768555e-01,-3.226777538657188416e-02,7.486368417739868164e-01,5.552768111228942871e-01,-2.341425791382789612e-02
7.580329179763793945e-01,6.471275091171264648e-01,7.887790332006261451e-08,7.979490756988525391e-01,6.105081439018249512e-01,-1.871447451412677765e-02,8.192346096038818359e-01,5.494284629821777344e-01,-2.621813304722309113e-02,8.116232156753540039e-01,4.944918751716613770e-01,-3.434291481971740723e-02,7.864574790000915527e-01,4.605100154876708984e-01,-4.182814434170722961e-02,7.821089625358581543e-01,4.934875965118408203e-01,-5.233524832874536514e-03,7.827548384666442871e-01,4.279249310493469238e-01,-1.893017254769802094e-02,7.830147743225097656e-01,3.846096992492675781e-01,-2.551377937197685242e-02,7.791503071784973145e-01,3.472118377685546875e-01,-3.029970079660415649e-02,7.580077052116394043e-01,5.002353191375732422e-01,-5.635563284158706665e-03,7.741646170616149902e-01,4.558680057525634766e-01,-3.267144784331321716e-02,7.869186997413635254e-01,5.073624253273010254e-01,-3.786572441458702087e-02,7.823082208633422852e-01,5.374577641487121582e-01,-3.347518667578697205e-02,7.371985912322998047e-01,5.135462284088134766e-01,-8.980382233858108521e-03,7.585776448249816895e-01,4.785698354244232178e-01,-4.077183827757835388e-02,7.704306244850158691e-01,5.306894779205322266e-01,-3.531183302402496338e-02,7.628630995750427246e-01,5.557248592376708984e-01,-2.227863855659961700e-02,7.143992185592651367e-01,5.323024392127990723e-01,-1.344121992588043213e-02,7.413008809089660645e-01,5.014842152595520020e-01,-3.575094044208526611e-02,7.529716491699218750e-01,5.354268550872802734e-01,-3.090935386717319489e-02,7.451029419898986816e-01,5.553258061408996582e-01,-2.171454578638076782e-02
7.587572932243347168e-01,6.480466127395629883e-01,8.203853951727069216e-08,7.961423397064208984e-01,6.073482632637023926e-01,-1.683201454579830170e-02,8.157314062118530273e-01,5.465888381004333496e-01,-2.409848012030124664e-02,8.083492517471313477e-01,4.929134845733642578e-01,-3.237783908843994141e-02,7.825621962547302246e-01,4.604396224021911621e-01,-4.008746892213821411e-02,7.794184684753417969e-01,4.888441264629364014e-01,-4.111929330974817276e-03,7.800485491752624512e-01,4.249583482742309570e-01,-1.782742142677307129e-02,7.802405357360839844e-01,3.830672800540924072e-01,-2.469065599143505096e-02,7.759732604026794434e-01,3.460077643394470215e-01,-2.963218279182910919e-02,7.549279332160949707e-01,4.959992766380310059e-01,-5.341513082385063171e-03,7.705351710319519043e-01,4.546587467193603516e-01,-3.151715174317359924e-02,7.842291593551635742e-01,5.059356093406677246e-01,-3.700846806168556213e-02,7.805646657943725586e-01,5.345126986503601074e-01,-3.318629041314125061e-02,7.334153056144714355e-01,5.101435780525207520e-01,-9.281259030103683472e-03,7.543823122978210449e-01,4.792211949825286865e-01,-4.045391082763671875e-02,7.679380774497985840e-01,5.300261974334716797e-01,-3.555195778608322144e-02,7.620175480842590332e-01,5.538258552551269531e-01,-2.303163893520832062e-02,7.098209857940673828e-01,5.301781892776489258e-01,-1.418051682412624359e-02,7.362340688705444336e-01,5.023155808448791504e-01,-3.586170822381973267e-02,7.505043745040893555e-01,5.348529815673828125e-01,-3.092618845403194427e-02,7.457479238510131836e-01,5.541990399360656738e-01,-2.162811346352100372e-02
7.510139942169189453e-01,6.512112021446228027e-01,5.605547670484156697e-08,7.901021838188171387e-01,6.093714833259582520e-01,-1.568969525396823883e-02,8.097374439239501953e-01,5.476149916648864746e-01,-2.211332134902477264e-02,8.043153285980224609e-01,4.921988248825073242e-01,-2.997562289237976074e-02,7.775955796241760254e-01,4.616405963897705078e-01,-3.749128058552742004e-02,7.746596932411193848e-01,4.937062561511993408e-01,-2.913130447268486023e-03,7.751978635787963867e-01,4.269201457500457764e-01,-1.619845815002918243e-02,7.754599452018737793e-01,3.848191499710083008e-01,-2.275771275162696838e-02,7.708447575569152832e-01,3.472498059272766113e-01,-2.751824818551540375e-02,7.512497305870056152e-01,5.003895759582519531e-01,-4.747484810650348663e-03,7.655954957008361816e-01,4.561465978622436523e-01,-3.112770430743694305e-02,7.777776718139648438e-01,5.056852102279663086e-01,-3.691909089684486389e-02,7.727686762809753418e-01,5.335912108421325684e-01,-3.329896554350852966e-02,7.300965189933776855e-01,5.133602619171142578e-01,-9.197887964546680450e-03,7.501248717308044434e-01,4.776229858398437500e-01,-4.019092395901679993e-02,7.619466185569763184e-01,5.285694003105163574e-01,-3.502087295055389404e-02,7.549650669097900391e-01,5.530370473861694336e-01,-2.240396663546562195e-02,7.065075039863586426e-01,5.318808555603027344e-01,-1.454855687916278839e-02,7.322915196418762207e-01,5.000939965248107910e-01,-3.555754572153091431e-02,7.444732785224914551e-01,5.333314538002014160e-01,-3.008016943931579590e-02,7.382635474205017090e-01,5.535981059074401855e-01,-2.062481641769409180e-02
7.481586933135986328e-01,6.504288315773010254e-01,7.197863993724240572e-08,7.842337489128112793e-01,6.075513958930969238e-01,-1.562453527003526688e-02,8.032013773918151855e-01,5.474367737770080566e-01,-2.269857376813888550e-02,7.970776557922363281e-01,4.942766427993774414e-01,-3.117273561656475067e-02,7.710474133491516113e-01,4.618915319442749023e-01,-3.929654136300086975e-02,7.688588500022888184e-01,4.924750626087188721e-01,-4.640042781829833984e-03,7.688351273536682129e-01,4.241706132888793945e-01,-1.864199340343475342e-02,7.694640755653381348e-01,3.822249174118041992e-01,-2.638528496026992798e-02,7.658937573432922363e-01,3.441930413246154785e-01,-3.183969482779502869e-02,7.455103993415832520e-01,4.997117221355438232e-01,-6.559026427567005157e-03,7.591164112091064453e-01,4.589127302169799805e-01,-3.244831413030624390e-02,7.714589834213256836e-01,5.050349235534667969e-01,-3.901887312531471252e-02,7.679551839828491211e-01,5.342605710029602051e-01,-3.663973137736320496e-02,7.239676713943481445e-01,5.138935446739196777e-01,-1.093128975480794907e-02,7.424588799476623535e-01,4.790240526199340820e-01,-4.033593833446502686e-02,7.548710107803344727e-01,5.265529751777648926e-01,-3.534073010087013245e-02,7.496923208236694336e-01,5.528794527053833008e-01,-2.349465712904930115e-02,7.003689408302307129e-01,5.340054035186767578e-01,-1.632217317819595337e-02,7.239019870758056641e-01,5.021123886108398438e-01,-3.625428676605224609e-02,7.371714115142822266e-01,5.321055650711059570e-01,-3.057383745908737183e-02,7.326921820640563965e-01,5.532596707344055176e-01,-2.114054188132286072e-02
7.531449794769287109e-01,5.926257371902465820e-01,7.377961708243674366e-08,7.798901200294494629e-01,5.779420733451843262e-01,-1.425352785736322403e-02,7.948123216629028320e-01,5.220990777015686035e-01,-1.976384967565536499e-02,7.809808850288391113e-01,4.800427854061126709e-01,-2.489987947046756744e-02,7.581471800804138184e-01,4.576605856418609619e-01,-3.080567158758640289e-02,7.619863748550415039e-01,4.836372733116149902e-01,-1.370538864284753799e-02,7.592877149581909180e-01,4.254796504974365234e-01,-2.828707732260227203e-02,7.581764459609985352e-01,3.813441693782806396e-01,-3.719622641801834106e-02,7.560090422630310059e-01,3.470582962036132812e-01,-4.273782297968864441e-02,7.388097047805786133e-01,4.935391545295715332e-01,-1.313918549567461014e-02,7.427154779434204102e-01,4.606596827507019043e-01,-3.524238988757133484e-02,7.563486099243164062e-01,4.961684346199035645e-01,-3.995914012193679810e-02,7.606364488601684570e-01,5.270623564720153809e-01,-3.762173652648925781e-02,7.186489105224609375e-01,5.092841386795043945e-01,-1.401124894618988037e-02,7.259591817855834961e-01,4.799380004405975342e-01,-3.890750184655189514e-02,7.412135601043701172e-01,5.167344212532043457e-01,-3.312351182103157043e-02,7.436376214027404785e-01,5.448832511901855469e-01,-2.255421876907348633e-02,6.972206234931945801e-01,5.294668078422546387e-01,-1.533519849181175232e-02,7.076113224029541016e-01,4.985256791114807129e-01,-3.220912069082260132e-02,7.229641675949096680e-01,5.271803736686706543e-01,-2.509077452123165131e-02,7.250804901123046875e-01,5.516529083251953125e-01,-1.562952622771263123e-02
7.271064519882202148e-01,6.487311720848083496e-01,5.907472200306074228e-08,7.664827704429626465e-01,6.060956120491027832e-01,-1.598552986979484558e-02,7.843625545501708984e-01,5.455315709114074707e-01,-2.328007481992244720e-02,7.777255177497863770e-01,4.904337823390960693e-01,-3.190135210752487183e-02,7.487113475799560547e-01,4.611628055572509766e-01,-4.046185687184333801e-02,7.526129484176635742e-01,4.930872917175292969e-01,-4.856999497860670090e-03,7.509123682975769043e-01,4.263537228107452393e-01,-1.753361523151397705e-02,7.505325675010681152e-01,3.827067613601684570e-01,-2.372407540678977966e-02,7.457925081253051758e-01,3.454179167747497559e-01,-2.820381149649620056e-02,7.287084460258483887e-01,5.004850029945373535e-01,-6.745446473360061646e-03,7.393928170204162598e-01,4.564886093139648438e-01,-3.131080791354179382e-02,7.511088848114013672e-01,5.038812160491943359e-01,-3.634051606059074402e-02,7.470333576202392578e-01,5.314151644706726074e-01,-3.258854523301124573e-02,7.070532441139221191e-01,5.145679712295532227e-01,-1.105944719165563583e-02,7.226946353912353516e-01,4.785843789577484131e-01,-4.028606787323951721e-02,7.349513173103332520e-01,5.264952182769775391e-01,-3.518912941217422485e-02,7.286205291748046875e-01,5.507509112358093262e-01,-2.315998636186122894e-02,6.829453110694885254e-01,5.338441729545593262e-01,-1.633398793637752533e-02,7.030133008956909180e-01,5.013815164566040039e-01,-3.637112304568290710e-02,7.169495820999145508e-01,5.308297276496887207e-01,-3.078927285969257355e-02,7.135062813758850098e-01,5.508589148521423340e-01,-2.150359377264976501e-02
7.166421413421630859e-01,5.729167461395263672e-01,-7.368964549669954067e-09,7.419419288635253906e-01,5.464519858360290527e-01,-1.512632332742214203e-02,7.591707110404968262e-01,5.010823607444763184e-01,-2.448690868914127350e-02,7.476679682731628418e-01,4.744744300842285156e-01,-3.368242084980010986e-02,7.302063107490539551e-01,4.586991965770721436e-01,-4.316714033484458923e-02,7.317496538162231445e-01,4.595549404621124268e-01,-1.665768213570117950e-02,7.284617424011230469e-01,4.045716226100921631e-01,-3.243534266948699951e-02,7.269309759140014648e-01,3.736956119537353516e-01,-4.172861203551292419e-02,7.247345447540283203e-01,3.495139777660369873e-01,-4.707058146595954895e-02,7.086728215217590332e-01,4.728348255157470703e-01,-1.599209196865558624e-02,7.156205773353576660e-01,4.582803845405578613e-01,-3.915412724018096924e-02,7.302747368812561035e-01,4.925208687782287598e-01,-4.475872963666915894e-02,7.399138808250427246e-01,5.163147449493408203e-01,-4.345269128680229187e-02,6.884158849716186523e-01,4.923104941844940186e-01,-1.713133789598941803e-02,7.004047036170959473e-01,4.802781343460083008e-01,-4.049771651625633240e-02,7.167538404464721680e-01,5.119673609733581543e-01,-3.696151077747344971e-02,7.255421280860900879e-01,5.340486168861389160e-01,-2.860473282635211945e-02,6.690400838851928711e-01,5.168981552124023438e-01,-1.902690716087818146e-02,6.796476244926452637e-01,4.997439086437225342e-01,-3.464595973491668701e-02,6.963460445404052734e-01,5.218675732612609863e-01,-3.013280965387821198e-02,7.047941684722900391e-01,5.401017665863037109e-01,-2.229464240372180939e-02
7.009017467498779297e-01,6.470493078231811523e-01,6.441575095550433616e-08,7.412106394767761230e-01,6.071393489837646484e-01,-1.639204844832420349e-02,7.589526176452636719e-01,5.442985892295837402e-01,-2.133996598422527313e-02,7.485917806625366211e-01,4.919247031211853027e-01,-2.660661935806274414e-02,7.256308794021606445e-01,4.575549662113189697e-01,-3.154356405138969421e-02,7.308620214462280273e-01,4.905317723751068115e-01,-3.535064402967691422e-03,7.287893295288085938e-01,4.254046678543090820e-01,-1.608111150562763214e-02,7.292252779006958008e-01,3.799566626548767090e-01,-2.360888011753559113e-02,7.261179685592651367e-01,3.425847887992858887e-01,-2.913310378789901733e-02,7.064118385314941406e-01,4.982817471027374268e-01,-4.542154725641012192e-03,7.142536640167236328e-01,4.510059654712677002e-01,-2.724137529730796814e-02,7.256823182106018066e-01,4.940061569213867188e-01,-3.331610932946205139e-02,7.241815328598022461e-01,5.226946473121643066e-01,-3.108295425772666931e-02,6.837802529335021973e-01,5.131260156631469727e-01,-8.214854635298252106e-03,6.949404478073120117e-01,4.749093055725097656e-01,-3.598021715879440308e-02,7.086265683174133301e-01,5.190981030464172363e-01,-3.213187307119369507e-02,7.058888673782348633e-01,5.427666306495666504e-01,-2.167694270610809326e-02,6.591296195983886719e-01,5.337404012680053711e-01,-1.292125787585973740e-02,6.740981340408325195e-01,4.997899234294891357e-01,-3.288465365767478943e-02,6.899844408035278320e-01,5.278009772300720215e-01,-2.836549468338489532e-02,6.897003650665283203e-01,5.473779439926147461e-01,-2.022825554013252258e-02
6.851722598075866699e-01,6.478919982910156250e-01,1.553404693765969569e-08,7.264821529388427734e-01,6.052585840225219727e-01,-1.480644382536411285e-02,7.480135560035705566e-01,5.426073670387268066e-01,-2.049305848777294159e-02,7.404478788375854492e-01,4.862987101078033447e-01,-2.701822482049465179e-02,7.102333903312683105e-01,4.576756656169891357e-01,-3.336050733923912048e-02,7.192478179931640625e-01,4.890196323394775391e-01,-8.787878905422985554e-04,7.156313657760620117e-01,4.304928183555603027e-01,-1.226860750466585159e-02,7.122463583946228027e-01,3.901318311691284180e-01,-1.840870827436447144e-02,7.051523923873901367e-01,3.566023111343383789e-01,-2.321519702672958374e-02,6.939100623130798340e-01,4.963638782501220703e-01,-2.880352083593606949e-03,7.020547389984130859e-01,4.540001451969146729e-01,-2.337203733623027802e-02,7.129617333412170410e-01,5.008060932159423828e-01,-2.746908739209175110e-02,7.105838060379028320e-01,5.228036046028137207e-01,-2.423216588795185089e-02,6.710011959075927734e-01,5.109432935714721680e-01,-7.454629987478256226e-03,6.807551383972167969e-01,4.750429093837738037e-01,-3.489576652646064758e-02,6.953936219215393066e-01,5.219252705574035645e-01,-2.945077046751976013e-02,6.922762989997863770e-01,5.423786044120788574e-01,-1.807810552418231964e-02,6.454665064811706543e-01,5.322035551071166992e-01,-1.287174876779317856e-02,6.599798798561096191e-01,4.999089539051055908e-01,-3.291538730263710022e-02,6.763130426406860352e-01,5.302306413650512695e-01,-2.715543471276760101e-02,6.758399605751037598e-01,5.489218235015869141e-01,-1.812298037111759186e-02
6.728825569152832031e-01,6.434158086776733398e-01,2.284624933679424430e-08,7.120882272720336914e-01,6.033164858818054199e-01,-1.416239794343709946e-02,7.339733839035034180e-01,5.427882671356201172e-01,-1.951860636472702026e-02,7.255119681358337402e-01,4.888529181480407715e-01,-2.554157376289367676e-02,6.985512971878051758e-01,4.571306109428405762e-01,-3.135102242231369019e-02,7.093748450279235840e-01,4.874770343303680420e-01,-1.096351421438157558e-03,7.052273750305175781e-01,4.322873353958129883e-01,-1.287332829087972641e-02,6.995010375976562500e-01,3.928851783275604248e-01,-2.002268284559249878e-02,6.910717487335205078e-01,3.603401780128479004e-01,-2.552064135670661926e-02,6.834920644760131836e-01,4.951811730861663818e-01,-3.244796302169561386e-03,6.890552043914794922e-01,4.540396928787231445e-01,-2.407599985599517822e-02,6.986834406852722168e-01,4.965374171733856201e-01,-2.988104894757270813e-02,6.983251571655273438e-01,5.192351937294006348e-01,-2.806879952549934387e-02,6.596965789794921875e-01,5.104300975799560547e-01,-7.726972457021474838e-03,6.665382981300354004e-01,4.776662886142730713e-01,-3.426472842693328857e-02,6.798916459083557129e-01,5.208705067634582520e-01,-3.000120818614959717e-02,6.792054176330566406e-01,5.404220223426818848e-01,-1.980104856193065643e-02,6.338584423065185547e-01,5.321697592735290527e-01,-1.301619503647089005e-02,6.460142731666564941e-01,5.022103786468505859e-01,-3.161684051156044006e-02,6.614130139350891113e-01,5.315341353416442871e-01,-2.586166560649871826e-02,6.623740196228027344e-01,5.491932034492492676e-01,-1.712540537118911743e-02
6.603213548660278320e-01,6.413887143135070801e-01,5.133304981086439511e-08,6.976817250251770020e-01,6.029794216156005859e-01,-1.716966181993484497e-02,7.152460217475891113e-01,5.433170199394226074e-01,-2.285964600741863251e-02,7.050803899765014648e-01,4.924737811088562012e-01,-2.817589603364467621e-02,6.830810308456420898e-01,4.576741755008697510e-01,-3.285389021039009094e-02,6.918929219245910645e-01,4.890907108783721924e-01,-5.638506729155778885e-03,6.899037957191467285e-01,4.288645982742309570e-01,-1.911951042711734772e-02,6.867575049400329590e-01,3.878773450851440430e-01,-2.777169086039066315e-02,6.800977587699890137e-01,3.529219925403594971e-01,-3.404378890991210938e-02,6.674070954322814941e-01,4.966266155242919922e-01,-6.283569615334272385e-03,6.743308305740356445e-01,4.550267159938812256e-01,-2.891276963055133820e-02,6.840161681175231934e-01,4.965065717697143555e-01,-3.563125431537628174e-02,6.831997632980346680e-01,5.227774381637573242e-01,-3.432994335889816284e-02,6.443334817886352539e-01,5.116541981697082520e-01,-9.518741630017757416e-03,6.531649827957153320e-01,4.796054065227508545e-01,-3.671399131417274475e-02,6.663055419921875000e-01,5.224601626396179199e-01,-3.323778510093688965e-02,6.657387018203735352e-01,5.438407063484191895e-01,-2.346899919211864471e-02,6.200766563415527344e-01,5.321300625801086426e-01,-1.385412737727165222e-02,6.331078410148620605e-01,5.038491487503051758e-01,-3.288742899894714355e-02,6.481307148933410645e-01,5.323579311370849609e-01,-2.798733301460742950e-02,6.489205360412597656e-01,5.498930215835571289e-01,-1.981358043849468231e-02
6.481315493583679199e-01,6.406491994857788086e-01,9.740852568995705951e-09,6.861342191696166992e-01,6.035168170928955078e-01,-1.490397844463586807e-02,7.022251486778259277e-01,5.422248244285583496e-01,-1.845268718898296356e-02,6.897042393684387207e-01,4.917614758014678955e-01,-2.193057350814342499e-02,6.668664813041687012e-01,4.597523510456085205e-01,-2.493813633918762207e-02,6.790274381637573242e-01,4.881377518177032471e-01,-3.650378203019499779e-03,6.765034794807434082e-01,4.261990487575531006e-01,-1.551620196551084518e-02,6.730096340179443359e-01,3.847203254699707031e-01,-2.251372486352920532e-02,6.658561825752258301e-01,3.502123951911926270e-01,-2.771042659878730774e-02,6.546447277069091797e-01,4.967364072799682617e-01,-4.733649082481861115e-03,6.587246060371398926e-01,4.544989764690399170e-01,-2.552509121596813202e-02,6.696932911872863770e-01,4.965811073780059814e-01,-3.067694976925849915e-02,6.703130006790161133e-01,5.223076343536376953e-01,-2.847022004425525665e-02,6.321512460708618164e-01,5.127790570259094238e-01,-8.176229894161224365e-03,6.380074620246887207e-01,4.788465499877929688e-01,-3.423473238945007324e-02,6.521701216697692871e-01,5.231050848960876465e-01,-2.982134558260440826e-02,6.523318290710449219e-01,5.441488027572631836e-01,-1.958512701094150543e-02,6.084456443786621094e-01,5.350472331047058105e-01,-1.250569056719541550e-02,6.182823777198791504e-01,5.038571357727050781e-01,-3.079423122107982635e-02,6.338866353034973145e-01,5.330163836479187012e-01,-2.515078708529472351e-02,6.352144479751586914e-01,5.511581897735595703e-01,-1.654760912060737610e-02
6.332673430442810059e-01,6.464236378669738770e-01,-1.439839714123536396e-08,6.720319390296936035e-01,6.108967661857604980e-01,-1.612976565957069397e-02,6.890774965286254883e-01,5.486421585083007812e-01,-1.966831088066101074e-02,6.753392219543457031e-01,4.970093369483947754e-01,-2.256900817155838013e-02,6.540509462356567383e-01,4.639122784137725830e-01,-2.473832666873931885e-02,6.670099496841430664e-01,4.915921986103057861e-01,-4.991452675312757492e-03,6.643586754798889160e-01,4.293027520179748535e-01,-1.670959591865539551e-02,6.604383587837219238e-01,3.871085941791534424e-01,-2.342260815203189850e-02,6.526705026626586914e-01,3.517710566520690918e-01,-2.862964756786823273e-02,6.418686509132385254e-01,5.005103945732116699e-01,-5.438414867967367172e-03,6.463443040847778320e-01,4.568262994289398193e-01,-2.519693784415721893e-02,6.561946868896484375e-01,4.997446238994598389e-01,-2.950179576873779297e-02,6.554729342460632324e-01,5.232902765274047852e-01,-2.707403711974620819e-02,6.189674735069274902e-01,5.159280300140380859e-01,-8.384043350815773010e-03,6.240493655204772949e-01,4.806680083274841309e-01,-3.367599844932556152e-02,6.379433870315551758e-01,5.264531373977661133e-01,-2.840074896812438965e-02,6.373718380928039551e-01,5.456538200378417969e-01,-1.799925044178962708e-02,5.952232480049133301e-01,5.375650525093078613e-01,-1.239020843058824539e-02,6.039302945137023926e-01,5.051945447921752930e-01,-3.008020296692848206e-02,6.191250681877136230e-01,5.352445244789123535e-01,-2.395318448543548584e-02,6.197759509086608887e-01,5.518230199813842773e-01,-1.533665694296360016e-02
6.179474592208862305e-01,6.476391553878784180e-01,-2.061964288202489115e-08,6.578201651573181152e-01,6.077231168746948242e-01,-1.356163807213306427e-02,6.731811165809631348e-01,5.465013980865478516e-01,-1.635384932160377502e-02,6.585963368415832520e-01,4.959751069545745850e-01,-1.925446093082427979e-02,6.382949352264404297e-01,4.627694487571716309e-01,-2.162582054734230042e-02,6.540066003799438477e-01,4.927346110343933105e-01,-1.863614656031131744e-03,6.511300206184387207e-01,4.292741715908050537e-01,-1.329009886831045151e-02,6.465564966201782227e-01,3.874895572662353516e-01,-2.026097662746906281e-02,6.383143663406372070e-01,3.531435132026672363e-01,-2.561151608824729919e-02,6.288133859634399414e-01,5.027672648429870605e-01,-3.544792300090193748e-03,6.299991607666015625e-01,4.571114778518676758e-01,-2.343787625432014465e-02,6.405583620071411133e-01,4.979767799377441406e-01,-2.875007688999176025e-02,6.422499418258666992e-01,5.236839652061462402e-01,-2.699615247547626495e-02,6.057430505752563477e-01,5.193622112274169922e-01,-7.507566362619400024e-03,6.086831688880920410e-01,4.819917082786560059e-01,-3.242977336049079895e-02,6.231809854507446289e-01,5.257704257965087891e-01,-2.762907743453979492e-02,6.244836449623107910e-01,5.470306873321533203e-01,-1.751569658517837524e-02,5.819675922393798828e-01,5.424298644065856934e-01,-1.235807873308658600e-02,5.891557931900024414e-01,5.077808499336242676e-01,-2.968906797468662262e-02,6.042980551719665527e-01,5.367965698242187500e-01,-2.363959327340126038e-02,6.061362028121948242e-01,5.549677014350891113e-01,-1.505964901298284531e-02
6.174224615097045898e-01,5.922203063964843750e-01,2.057073622552252345e-08,6.403356194496154785e-01,5.669138431549072266e-01,-1.557752490043640137e-02,6.498054265975952148e-01,5.208794474601745605e-01,-2.448468282818794250e-02,6.350358128547668457e-01,4.829713106155395508e-01,-3.251171484589576721e-02,6.128278970718383789e-01,4.623014926910400391e-01,-4.039219766855239868e-02,6.367675662040710449e-01,4.771244227886199951e-01,-1.441675703972578049e-02,6.361579895019531250e-01,4.200680255889892578e-01,-3.086568787693977356e-02,6.311744451522827148e-01,3.820850849151611328e-01,-3.905439376831054688e-02,6.259396672248840332e-01,3.540617227554321289e-01,-4.357564076781272888e-02,6.134550571441650391e-01,4.849945604801177979e-01,-1.387796923518180847e-02,6.090058684349060059e-01,4.614564776420593262e-01,-3.750136494636535645e-02,6.189914941787719727e-01,5.031533241271972656e-01,-4.046494513750076294e-02,6.257524490356445312e-01,5.269977450370788574e-01,-3.580822050571441650e-02,5.924271941184997559e-01,5.007375478744506836e-01,-1.547667756676673889e-02,5.923745632171630859e-01,4.878168106079101562e-01,-4.008681327104568481e-02,6.052252054214477539e-01,5.238489508628845215e-01,-3.297853842377662659e-02,6.101800203323364258e-01,5.396741032600402832e-01,-2.103219926357269287e-02,5.715589523315429688e-01,5.222936868667602539e-01,-1.773523725569248199e-02,5.716428756713867188e-01,5.080220699310302734e-01,-3.184652701020240784e-02,5.845831036567687988e-01,5.332542061805725098e-01,-2.342195808887481689e-02,5.892617702484130859e-01,5.449112653732299805e-01,-1.286397129297256470e-02
5.889507532119750977e-01,6.517758369445800781e-01,-3.789778801888132875e-08,6.285850405693054199e-01,6.133400201797485352e-01,-1.283848658204078674e-02,6.436097621917724609e-01,5.508003234863281250e-01,-1.437390316277742386e-02,6.291928291320800781e-01,4.990526139736175537e-01,-1.598368957638740540e-02,6.093021631240844727e-01,4.658160805702209473e-01,-1.683025434613227844e-02,6.261582970619201660e-01,4.973017573356628418e-01,4.594382698996923864e-05,6.239258050918579102e-01,4.331434965133666992e-01,-1.071372721344232559e-02,6.190180182456970215e-01,3.929926156997680664e-01,-1.732874475419521332e-02,6.110168695449829102e-01,3.592925071716308594e-01,-2.251809090375900269e-02,6.009942293167114258e-01,5.058636665344238281e-01,-1.820094534195959568e-03,6.005677580833435059e-01,4.589092731475830078e-01,-2.195436134934425354e-02,6.100306510925292969e-01,4.999088048934936523e-01,-2.793218195438385010e-02,6.122539639472961426e-01,5.269060730934143066e-01,-2.639750018715858459e-02,5.773314237594604492e-01,5.216314792633056641e-01,-5.902349483221769333e-03,5.796003937721252441e-01,4.858734309673309326e-01,-3.063332848250865936e-02,5.921434760093688965e-01,5.298705697059631348e-01,-2.639415487647056580e-02,5.934817790985107422e-01,5.506002902984619141e-01,-1.659738831222057343e-02,5.528191328048706055e-01,5.435596108436584473e-01,-1.084173005074262619e-02,5.604275465011596680e-01,5.126627683639526367e-01,-2.735517174005508423e-02,5.730751752853393555e-01,5.416225790977478027e-01,-2.157156728208065033e-02,5.738284587860107422e-01,5.580241680145263672e-01,-1.334894914180040359e-02
5.801128149032592773e-01,5.991547703742980957e-01,1.552039563534890476e-08,6.069939136505126953e-01,5.817502140998840332e-01,-1.739639602601528168e-02,6.192622780799865723e-01,5.308535695075988770e-01,-2.536538057029247284e-02,6.044608950614929199e-01,4.893080592155456543e-01,-3.130502998828887939e-02,5.817816853523254395e-01,4.665132761001586914e-01,-3.646931424736976624e-02,6.080431938171386719e-01,4.851411581039428711e-01,-1.791323535144329071e-02,6.074378490447998047e-01,4.266325831413269043e-01,-3.515240177512168884e-02,6.038253307342529297e-01,3.886558711528778076e-01,-4.394716396927833557e-02,5.970851182937622070e-01,3.575147986412048340e-01,-4.964328929781913757e-02,5.829261541366577148e-01,4.901378750801086426e-01,-1.692978292703628540e-02,5.824338793754577637e-01,4.680588543415069580e-01,-3.963582217693328857e-02,5.916348099708557129e-01,5.097275972366333008e-01,-4.184478521347045898e-02,5.943204760551452637e-01,5.269034504890441895e-01,-3.821882605552673340e-02,5.611399412155151367e-01,5.059089064598083496e-01,-1.819097809493541718e-02,5.636551380157470703e-01,4.938419461250305176e-01,-4.195216298103332520e-02,5.753573179244995117e-01,5.315932631492614746e-01,-3.283939883112907410e-02,5.773375034332275391e-01,5.417438149452209473e-01,-2.130315825343132019e-02,5.399355888366699219e-01,5.280289053916931152e-01,-2.055937424302101135e-02,5.441046953201293945e-01,5.160443186759948730e-01,-3.504668176174163818e-02,5.554436445236206055e-01,5.435466766357421875e-01,-2.611383795738220215e-02,5.568460226058959961e-01,5.521370768547058105e-01,-1.617638021707534790e-02
5.551902651786804199e-01,6.544462442398071289e-01,-4.795219155084851081e-08,5.951721072196960449e-01,6.157521605491638184e-01,-1.361463218927383423e-02,6.108958125114440918e-01,5.541427135467529297e-01,-1.548478752374649048e-02,5.971692800521850586e-01,5.012108087539672852e-01,-1.742390915751457214e-02,5.761643648147583008e-01,4.690187573432922363e-01,-1.839850656688213348e-02,5.976753234863281250e-01,5.027607083320617676e-01,-1.012486754916608334e-03,5.956501960754394531e-01,4.367230832576751709e-01,-1.229166984558105469e-02,5.903509259223937988e-01,3.951950967311859131e-01,-1.959091983735561371e-02,5.824330449104309082e-01,3.601168990135192871e-01,-2.530598267912864685e-02,5.711746215820312500e-01,5.106691122055053711e-01,-2.818156033754348755e-03,5.692824721336364746e-01,4.649333357810974121e-01,-2.312653698027133942e-02,5.772739052772521973e-01,5.044798851013183594e-01,-2.930117212235927582e-02,5.799200534820556641e-01,5.302532911300659180e-01,-2.802944742143154144e-02,5.467499494552612305e-01,5.257207751274108887e-01,-6.883818656206130981e-03,5.475785136222839355e-01,4.903355836868286133e-01,-3.070310130715370178e-02,5.595020651817321777e-01,5.326371192932128906e-01,-2.616291493177413940e-02,5.618457198143005371e-01,5.528317093849182129e-01,-1.649359799921512604e-02,5.224745869636535645e-01,5.469130873680114746e-01,-1.211935188621282578e-02,5.285115242004394531e-01,5.153576135635375977e-01,-2.734578587114810944e-02,5.403241515159606934e-01,5.427291393280029297e-01,-2.085721306502819061e-02,5.417903065681457520e-01,5.596066713333129883e-01,-1.233776472508907318e-02
5.397270321846008301e-01,6.572733521461486816e-01,-7.105780497340674629e-08,5.792559981346130371e-01,6.175911426544189453e-01,-1.384523417800664902e-02,5.948383212089538574e-01,5.530905127525329590e-01,-1.496401894837617874e-02,5.789951682090759277e-01,5.002785921096801758e-01,-1.572704501450061798e-02,5.563618540763854980e-01,4.699239432811737061e-01,-1.525871641933917999e-02,5.845742225646972656e-01,5.052835941314697266e-01,-1.156440237537026405e-03,5.825627446174621582e-01,4.405937790870666504e-01,-1.280912104994058609e-02,5.767638683319091797e-01,3.996388912200927734e-01,-2.045361511409282684e-02,5.686810612678527832e-01,3.638123273849487305e-01,-2.658314630389213562e-02,5.573552250862121582e-01,5.123731493949890137e-01,-3.061176976189017296e-03,5.548582673072814941e-01,4.676790535449981689e-01,-2.308883517980575562e-02,5.624527931213378906e-01,5.087396502494812012e-01,-2.908539213240146637e-02,5.648211240768432617e-01,5.335224866867065430e-01,-2.806224487721920013e-02,5.319977402687072754e-01,5.263858437538146973e-01,-7.342091295868158340e-03,5.316240787506103516e-01,4.893457889556884766e-01,-3.113282471895217896e-02,5.433069467544555664e-01,5.338329672813415527e-01,-2.629500813782215118e-02,5.452509522438049316e-01,5.530624389648437500e-01,-1.667211949825286865e-02,5.066924691200256348e-01,5.471605658531188965e-01,-1.286886539310216904e-02,5.118465423583984375e-01,5.153151750564575195e-01,-2.781214006245136261e-02,5.232041478157043457e-01,5.436343550682067871e-01,-2.098220400512218475e-02,5.235128998756408691e-01,5.592619776725769043e-01,-1.252985000610351562e-02
5.232674479484558105e-01,6.590744256973266602e-01,-7.223846409942780156e-08,5.618634223937988281e-01,6.200613975524902344e-01,-1.508567854762077332e-02,5.779622197151184082e-01,5.563154816627502441e-01,-1.643295772373676300e-02,5.623006224632263184e-01,5.034315586090087891e-01,-1.718641072511672974e-02,5.407853722572326660e-01,4.725990593433380127e-01,-1.660607941448688507e-02,5.704491734504699707e-01,5.088206529617309570e-01,-1.722697285003960133e-03,5.679695010185241699e-01,4.431886374950408936e-01,-1.348903775215148926e-02,5.617226362228393555e-01,4.014486670494079590e-01,-2.139644883573055267e-02,5.539242625236511230e-01,3.660910129547119141e-01,-2.757048234343528748e-02,5.423064231872558594e-01,5.155781507492065430e-01,-2.809040714055299759e-03,5.371416211128234863e-01,4.694512188434600830e-01,-2.339006029069423676e-02,5.436215996742248535e-01,5.097210407257080078e-01,-2.971509285271167755e-02,5.472552776336669922e-01,5.376430153846740723e-01,-2.856381237506866455e-02,5.164922475814819336e-01,5.296981930732727051e-01,-6.412057206034660339e-03,5.150479674339294434e-01,4.935131967067718506e-01,-3.001572936773300171e-02,5.253356695175170898e-01,5.365459322929382324e-01,-2.572863735258579254e-02,5.283431410789489746e-01,5.578771829605102539e-01,-1.631752401590347290e-02,4.914137125015258789e-01,5.506502985954284668e-01,-1.146152149885892868e-02,4.961473941802978516e-01,5.194770097732543945e-01,-2.643446251749992371e-02,5.058898329734802246e-01,5.465341806411743164e-01,-2.051906660199165344e-02,5.068273544311523438e-01,5.629643201828002930e-01,-1.257190667092800140e-02
5.078182816505432129e-01,6.628513932228088379e-01,-7.936618118264959776e-08,5.433840155601501465e-01,6.264354586601257324e-01,-1.630429923534393311e-02,5.589716434478759766e-01,5.624354481697082520e-01,-1.919680461287498474e-02,5.438883304595947266e-01,5.081902146339416504e-01,-2.097502537071704865e-02,5.212789773941040039e-01,4.766908288002014160e-01,-2.118508331477642059e-02,5.567389726638793945e-01,5.114797353744506836e-01,-4.562085494399070740e-03,5.534371733665466309e-01,4.458276033401489258e-01,-1.774426922202110291e-02,5.468451380729675293e-01,4.038768112659454346e-01,-2.640997804701328278e-02,5.384763479232788086e-01,3.681416511535644531e-01,-3.309303894639015198e-02,5.281971096992492676e-01,5.175327658653259277e-01,-5.654979962855577469e-03,5.230766534805297852e-01,4.721862673759460449e-01,-2.630596607923507690e-02,5.299441218376159668e-01,5.157682895660400391e-01,-3.175245597958564758e-02,5.338016748428344727e-01,5.417094230651855469e-01,-3.029937483370304108e-02,5.016474723815917969e-01,5.312188267707824707e-01,-9.389390237629413605e-03,5.000897049903869629e-01,4.966493546962738037e-01,-3.344585373997688293e-02,5.103174448013305664e-01,5.421478748321533203e-01,-2.812010049819946289e-02,5.129257440567016602e-01,5.603205561637878418e-01,-1.831722445785999298e-02,4.758216440677642822e-01,5.518641471862792969e-01,-1.463188696652650833e-02,4.806735217571258545e-01,5.223158001899719238e-01,-2.953652292490005493e-02,4.905921220779418945e-01,5.519990921020507812e-01,-2.243822626769542694e-02,4.906387925148010254e-01,5.666248798370361328e-01,-1.393603719770908356e-02
4.904152452945709229e-01,6.692601442337036133e-01,-7.102232757461024448e-08,5.247766375541687012e-01,6.306699514389038086e-01,-1.785539090633392334e-02,5.418435335159301758e-01,5.677126049995422363e-01,-2.193532139062881470e-02,5.280649662017822266e-01,5.128938555717468262e-01,-2.481182664632797241e-02,5.047681331634521484e-01,4.812412261962890625e-01,-2.595610916614532471e-02,5.432310700416564941e-01,5.168955922126770020e-01,-4.939381498843431473e-03,5.390049219131469727e-01,4.498239755630493164e-01,-1.827158033847808838e-02,5.312261581420898438e-01,4.065042138099670410e-01,-2.783854678273200989e-02,5.226135253906250000e-01,3.695200681686401367e-01,-3.523518145084381104e-02,5.142207741737365723e-01,5.220903754234313965e-01,-4.857978783547878265e-03,5.046800971031188965e-01,4.781300425529479980e-01,-2.634725347161293030e-02,5.109784603118896484e-01,5.193083286285400391e-01,-3.299670293927192688e-02,5.169531106948852539e-01,5.450707674026489258e-01,-3.218553960323333740e-02,4.872491657733917236e-01,5.345140099525451660e-01,-7.418447639793157578e-03,4.807812273502349854e-01,4.980654716491699219e-01,-3.082726709544658661e-02,4.906641840934753418e-01,5.408501029014587402e-01,-2.608390897512435913e-02,4.960947334766387939e-01,5.613440275192260742e-01,-1.662855036556720734e-02,4.613803327083587646e-01,5.536976456642150879e-01,-1.179631892591714859e-02,4.618335962295532227e-01,5.235761404037475586e-01,-2.656552940607070923e-02,4.710591435432434082e-01,5.513882040977478027e-01,-2.040626667439937592e-02,4.742239415645599365e-01,5.676856040954589844e-01,-1.218290627002716064e-02
4.729861021041870117e-01,6.776717305183410645e-01,-7.116345557278691558e-08,5.050414800643920898e-01,6.364591121673583984e-01,-2.478616870939731598e-02,5.233935117721557617e-01,5.723866224288940430e-01,-2.824930474162101746e-02,5.103243589401245117e-01,5.182189345359802246e-01,-2.846228145062923431e-02,4.904842972755432129e-01,4.827184379100799561e-01,-2.555827051401138306e-02,5.286749601364135742e-01,5.187119841575622559e-01,-3.983046393841505051e-03,5.238294005393981934e-01,4.523953199386596680e-01,-1.759275048971176147e-02,5.146173238754272461e-01,4.089891016483306885e-01,-2.817216329276561737e-02,5.059961676597595215e-01,3.717102408409118652e-01,-3.588625043630599976e-02,4.996192753314971924e-01,5.245327353477478027e-01,5.659321905113756657e-04,4.875682592391967773e-01,4.809052348136901855e-01,-2.097468823194503784e-02,4.918545484542846680e-01,5.229090452194213867e-01,-2.948656491935253143e-02,4.995021820068359375e-01,5.482391119003295898e-01,-2.909356541931629181e-02,4.729183018207550049e-01,5.358713269233703613e-01,1.333370804786682129e-03,4.617469310760498047e-01,5.001633167266845703e-01,-2.263802848756313324e-02,4.699453711509704590e-01,5.434754490852355957e-01,-2.183646336197853088e-02,4.786891341209411621e-01,5.618013143539428711e-01,-1.419418025761842728e-02,4.490199685096740723e-01,5.536814928054809570e-01,-3.388031036593019962e-04,4.427359998226165771e-01,5.272129774093627930e-01,-1.621509715914726257e-02,4.511181712150573730e-01,5.564630627632141113e-01,-1.313260477036237717e-02,4.576886296272277832e-01,5.726864933967590332e-01,-6.313881371170282364e-03
4.560538828372955322e-01,6.304723024368286133e-01,1.065334753747038121e-08,4.890163540840148926e-01,6.156372427940368652e-01,-2.645141072571277618e-02,5.051558017730712891e-01,5.651289224624633789e-01,-3.568544983863830566e-02,4.858233630657196045e-01,5.190008878707885742e-01,-4.100080952048301697e-02,4.681269526481628418e-01,4.824927449226379395e-01,-4.440598189830780029e-02,5.109542012214660645e-01,5.086886882781982422e-01,-1.845188252627849579e-02,5.066131949424743652e-01,4.502292573451995850e-01,-3.852458298206329346e-02,4.991918504238128662e-01,4.113672375679016113e-01,-5.018123239278793335e-02,4.888707399368286133e-01,3.767067790031433105e-01,-5.798927694559097290e-02,4.814033806324005127e-01,5.109919905662536621e-01,-1.421818416565656662e-02,4.730061292648315430e-01,4.872110188007354736e-01,-4.513873532414436340e-02,4.794165790081024170e-01,5.360831022262573242e-01,-5.255126953125000000e-02,4.841341376304626465e-01,5.569587945938110352e-01,-4.968430846929550171e-02,4.545269906520843506e-01,5.216450691223144531e-01,-1.331553887575864792e-02,4.488414227962493896e-01,5.027089118957519531e-01,-4.589267075061798096e-02,4.589869976043701172e-01,5.501111745834350586e-01,-4.002404212951660156e-02,4.629830718040466309e-01,5.634353160858154297e-01,-2.749680727720260620e-02,4.295751452445983887e-01,5.393207073211669922e-01,-1.409565843641757965e-02,4.304388463497161865e-01,5.257629752159118652e-01,-3.785613551735877991e-02,4.393125772476196289e-01,5.613133311271667480e-01,-3.293521329760551453e-02,4.419699907302856445e-01,5.720273256301879883e-01,-2.308573760092258453e-02
4.398514330387115479e-01,6.955276727676391602e-01,-6.945853670003998559e-08,4.703998267650604248e-01,6.517025232315063477e-01,-2.498473413288593292e-02,4.866854250431060791e-01,5.879809856414794922e-01,-3.032466024160385132e-02,4.742894172668457031e-01,5.301615595817565918e-01,-3.328591585159301758e-02,4.549158811569213867e-01,4.885814487934112549e-01,-3.332795947790145874e-02,4.984341859817504883e-01,5.358526706695556641e-01,-2.552222227677702904e-03,4.931895434856414795e-01,4.643078446388244629e-01,-1.610749214887619019e-02,4.842109978199005127e-01,4.174133241176605225e-01,-2.667726390063762665e-02,4.759073853492736816e-01,3.771392107009887695e-01,-3.475739806890487671e-02,4.700002074241638184e-01,5.388475060462951660e-01,1.570654101669788361e-03,4.525197744369506836e-01,4.924973845481872559e-01,-2.314855903387069702e-02,4.543363153934478760e-01,5.298130512237548828e-01,-3.402673080563545227e-02,4.624354243278503418e-01,5.563251972198486328e-01,-3.455865383148193359e-02,4.436393380165100098e-01,5.484244823455810547e-01,2.000302542001008987e-03,4.273578226566314697e-01,5.117274522781372070e-01,-2.419438213109970093e-02,4.338382780551910400e-01,5.511331558227539062e-01,-2.479686588048934937e-02,4.447615444660186768e-01,5.702793598175048828e-01,-1.752576604485511780e-02,4.207001328468322754e-01,5.636641383171081543e-01,-1.113644884753739461e-05,4.111053645610809326e-01,5.385506749153137207e-01,-1.798700727522373199e-02,4.167560636997222900e-01,5.661367774009704590e-01,-1.679191552102565765e-02,4.257120490074157715e-01,5.823833346366882324e-01,-1.083407085388898849e-02
4.228601455688476562e-01,6.622662544250488281e-01,1.378040526134327592e-08,4.538715779781341553e-01,6.340427398681640625e-01,-2.593070454895496368e-02,4.677324891090393066e-01,5.769076347351074219e-01,-3.042148053646087646e-02,4.454189836978912354e-01,5.279706120491027832e-01,-3.136970847845077515e-02,4.273172616958618164e-01,4.900741577148437500e-01,-2.997897751629352570e-02,4.806550741195678711e-01,5.281383395195007324e-01,-3.895554691553115845e-03,4.815894961357116699e-01,4.817829132080078125e-01,-2.070166356861591339e-02,4.751346111297607422e-01,4.495411515235900879e-01,-3.095244616270065308e-02,4.665256738662719727e-01,4.185501337051391602e-01,-3.776118904352188110e-02,4.516103565692901611e-01,5.274426341056823730e-01,8.879987290129065514e-04,4.371371269226074219e-01,4.926805198192596436e-01,-2.523866668343544006e-02,4.418232738971710205e-01,5.346513986587524414e-01,-3.386514261364936829e-02,4.505882859230041504e-01,5.537327527999877930e-01,-3.175425156950950623e-02,4.246650338172912598e-01,5.354707837104797363e-01,1.398115884512662888e-03,4.130418002605438232e-01,5.108789801597595215e-01,-3.018730692565441132e-02,4.218200445175170898e-01,5.565673112869262695e-01,-2.812348678708076477e-02,4.292965233325958252e-01,5.683130025863647461e-01,-1.733362302184104919e-02,3.998744487762451172e-01,5.534384846687316895e-01,2.855312777683138847e-04,3.946851491928100586e-01,5.354591608047485352e-01,-2.378389053046703339e-02,4.035098850727081299e-01,5.693584680557250977e-01,-2.137200348079204559e-02,4.100886881351470947e-01,5.805732011795043945e-01,-1.286666002124547958e-02
4.036575555801391602e-01,7.024660110473632812e-01,-8.047177857406495605e-08,4.312879741191864014e-01,6.539595127105712891e-01,-2.810177020728588104e-02,4.450059533119201660e-01,5.947940349578857422e-01,-3.414478525519371033e-02,4.320930540561676025e-01,5.398313999176025391e-01,-3.703387826681137085e-02,4.159383177757263184e-01,4.986008405685424805e-01,-3.680151328444480896e-02,4.646559357643127441e-01,5.421193838119506836e-01,-2.743704710155725479e-03,4.585564136505126953e-01,4.744957685470581055e-01,-1.696500182151794434e-02,4.481533169746398926e-01,4.277399778366088867e-01,-2.837962470948696136e-02,4.397585690021514893e-01,3.899792730808258057e-01,-3.629904240369796753e-02,4.359717667102813721e-01,5.455522537231445312e-01,3.379323752596974373e-03,4.141982197761535645e-01,4.993085861206054688e-01,-2.246348373591899872e-02,4.106682538986206055e-01,5.349461436271667480e-01,-3.462504968047142029e-02,4.178536534309387207e-01,5.648421645164489746e-01,-3.512911871075630188e-02,4.095238745212554932e-01,5.551433563232421875e-01,5.300045479089021683e-03,3.899395465850830078e-01,5.215761661529541016e-01,-2.279431000351905823e-02,3.921633064746856689e-01,5.580437183380126953e-01,-2.649478055536746979e-02,4.028477966785430908e-01,5.794221162796020508e-01,-2.001040242612361908e-02,3.874962925910949707e-01,5.707640051841735840e-01,4.754282068461179733e-03,3.738641738891601562e-01,5.452448129653930664e-01,-1.470667216926813126e-02,3.775451779365539551e-01,5.707508921623229980e-01,-1.536095421761274338e-02,3.876610398292541504e-01,5.894041061401367188e-01,-9.746154770255088806e-03
3.855247497558593750e-01,6.583347916603088379e-01,3.980245821821881691e-08,4.122394323348999023e-01,6.356475353240966797e-01,-2.906529977917671204e-02,4.275488257408142090e-01,5.824568271636962891e-01,-3.438570722937583923e-02,4.078021645545959473e-01,5.383313894271850586e-01,-3.484170883893966675e-02,3.939903676509857178e-01,5.021448731422424316e-01,-3.261601552367210388e-02,4.462110102176666260e-01,5.354105234146118164e-01,-1.232617255300283432e-02,4.413731992244720459e-01,4.783124923706054688e-01,-3.021948970854282379e-02,4.330218732357025146e-01,4.371291399002075195e-01,-4.183510690927505493e-02,4.232361018657684326e-01,4.032285809516906738e-01,-4.926144331693649292e-02,4.191630184650421143e-01,5.370522141456604004e-01,-5.023777484893798828e-03,3.973415791988372803e-01,5.042966604232788086e-01,-3.322952613234519958e-02,4.007193446159362793e-01,5.432900786399841309e-01,-4.297050088644027710e-02,4.135344624519348145e-01,5.641349554061889648e-01,-4.106951132416725159e-02,3.939366042613983154e-01,5.440965890884399414e-01,-1.611170475371181965e-03,3.739808797836303711e-01,5.205721855163574219e-01,-3.258661925792694092e-02,3.793009519577026367e-01,5.630422830581665039e-01,-3.202928975224494934e-02,3.916589021682739258e-01,5.756013393402099609e-01,-2.219843119382858276e-02,3.716353774070739746e-01,5.592795610427856445e-01,-2.382680249866098166e-04,3.568145930767059326e-01,5.476310849189758301e-01,-2.460445836186408997e-02,3.638025522232055664e-01,5.804102420806884766e-01,-2.390456944704055786e-02,3.757476806640625000e-01,5.923899412155151367e-01,-1.608317717909812927e-02
3.758779168128967285e-01,7.075475454330444336e-01,-6.937982277577248169e-08,3.983594477176666260e-01,6.540362834930419922e-01,-2.519245259463787079e-02,4.064891040325164795e-01,5.943613052368164062e-01,-3.005800396203994751e-02,3.908430039882659912e-01,5.446951985359191895e-01,-3.285140544176101685e-02,3.802135288715362549e-01,5.059096217155456543e-01,-3.274679556488990784e-02,4.312608242034912109e-01,5.486057400703430176e-01,1.451934920623898506e-03,4.239403307437896729e-01,4.817119836807250977e-01,-1.236186176538467407e-02,4.131781756877899170e-01,4.347769618034362793e-01,-2.342376299202442169e-02,4.033008217811584473e-01,3.984583616256713867e-01,-3.077248856425285339e-02,4.028607606887817383e-01,5.548338890075683594e-01,6.646761205047369003e-03,3.816934823989868164e-01,5.083801746368408203e-01,-1.850148662924766541e-02,3.789761960506439209e-01,5.428442955017089844e-01,-3.016700223088264465e-02,3.874904513359069824e-01,5.708572268486022949e-01,-3.015618585050106049e-02,3.777464628219604492e-01,5.659949779510498047e-01,7.653160952031612396e-03,3.587641716003417969e-01,5.319241285324096680e-01,-1.935046166181564331e-02,3.599778115749359131e-01,5.670066475868225098e-01,-2.304427139461040497e-02,3.705254793167114258e-01,5.863586664199829102e-01,-1.661157608032226562e-02,3.569028377532958984e-01,5.826492905616760254e-01,6.388283800333738327e-03,3.418644070625305176e-01,5.593396425247192383e-01,-1.232325006276369095e-02,3.446617424488067627e-01,5.848262906074523926e-01,-1.308985240757465363e-02,3.559350073337554932e-01,6.012235283851623535e-01,-7.646991405636072159e-03
3.648614883422851562e-01,6.621693372726440430e-01,5.531038027584145311e-08,3.931049704551696777e-01,6.396819353103637695e-01,-2.037344500422477722e-02,4.073638319969177246e-01,5.893365144729614258e-01,-2.439942210912704468e-02,3.878792226314544678e-01,5.486662387847900391e-01,-2.472243830561637878e-02,3.746339082717895508e-01,5.205928087234497070e-01,-2.410497143864631653e-02,4.093052446842193604e-01,5.501708388328552246e-01,-1.326905377209186554e-02,4.087471961975097656e-01,5.056010484695434570e-01,-2.414780668914318085e-02,4.018561542034149170e-01,4.693907201290130615e-01,-3.210622817277908325e-02,3.946935236454010010e-01,4.382345080375671387e-01,-3.868514299392700195e-02,3.835242390632629395e-01,5.496759414672851562e-01,-7.013499736785888672e-03,3.652988076210021973e-01,5.316704511642456055e-01,-2.122599631547927856e-02,3.681073188781738281e-01,5.620781779289245605e-01,-2.500408329069614410e-02,3.775197565555572510e-01,5.749838948249816895e-01,-2.456380799412727356e-02,3.611488640308380127e-01,5.574738383293151855e-01,-2.890275558456778526e-03,3.461662530899047852e-01,5.448325276374816895e-01,-1.815423183143138885e-02,3.507598638534545898e-01,5.740889906883239746e-01,-1.282684504985809326e-02,3.588884770870208740e-01,5.822816491127014160e-01,-5.943766795098781586e-03,3.414903581142425537e-01,5.720602273941040039e-01,-3.819529956672340631e-04,3.295122087001800537e-01,5.616803765296936035e-01,-1.211958751082420349e-02,3.342378735542297363e-01,5.851051211357116699e-01,-7.454001344740390778e-03,3.414629995822906494e-01,5.938395261764526367e-01,-9.509755764156579971e-04
3.479747772216796875e-01,7.102969884872436523e-01,-1.031537522067083046e-07,3.669386506080627441e-01,6.561244726181030273e-01,-2.782651223242282867e-02,3.745888471603393555e-01,5.974819064140319824e-01,-3.210158646106719971e-02,3.583629727363586426e-01,5.500619411468505859e-01,-3.315970301628112793e-02,3.457874357700347900e-01,5.147483348846435547e-01,-3.080097958445549011e-02,4.030075669288635254e-01,5.546557307243347168e-01,-1.202419662149623036e-04,3.947097659111022949e-01,4.880337119102478027e-01,-1.522539928555488586e-02,3.835011422634124756e-01,4.421716928482055664e-01,-2.732373774051666260e-02,3.729520440101623535e-01,4.065077900886535645e-01,-3.499145060777664185e-02,3.761431276798248291e-01,5.623257756233215332e-01,6.260265130549669266e-03,3.495510220527648926e-01,5.157616734504699707e-01,-2.042977884411811829e-02,3.476052284240722656e-01,5.533843040466308594e-01,-3.261939063668251038e-02,3.576156497001647949e-01,5.837703943252563477e-01,-3.227239847183227539e-02,3.522456288337707520e-01,5.728618502616882324e-01,8.023134432733058929e-03,3.285289406776428223e-01,5.401670336723327637e-01,-2.164079807698726654e-02,3.305042684078216553e-01,5.791721343994140625e-01,-2.653435431420803070e-02,3.426001369953155518e-01,5.995100140571594238e-01,-1.974364370107650757e-02,3.330138027667999268e-01,5.889550447463989258e-01,7.406454067677259445e-03,3.144487440586090088e-01,5.666841864585876465e-01,-1.347541157156229019e-02,3.180413842201232910e-01,5.959592461585998535e-01,-1.473347656428813934e-02,3.295171558856964111e-01,6.145147085189819336e-01,-8.797030895948410034e-03
3.471055328845977783e-01,6.696827411651611328e-01,7.264022627850863500e-08,3.681435286998748779e-01,6.466808319091796875e-01,-2.432248555123806000e-02,3.734385669231414795e-01,5.980058908462524414e-01,-2.808398380875587463e-02,3.540617525577545166e-01,5.587723851203918457e-01,-2.675671875476837158e-02,3.394260108470916748e-01,5.292044878005981445e-01,-2.388004772365093231e-02,3.878116011619567871e-01,5.586795806884765625e-01,-1.207581628113985062e-02,3.880952000617980957e-01,5.171168446540832520e-01,-2.087731845676898956e-02,3.797371983528137207e-01,4.819536507129669189e-01,-2.878742665052413940e-02,3.713397979736328125e-01,4.543051719665527344e-01,-3.562606126070022583e-02,3.629320263862609863e-01,5.584890246391296387e-01,-2.646567998453974724e-03,3.430608510971069336e-01,5.319623351097106934e-01,-1.422313414514064789e-02,3.410955071449279785e-01,5.553357601165771484e-01,-2.027791179716587067e-02,3.478320538997650146e-01,5.698724389076232910e-01,-2.160226367413997650e-02,3.411189913749694824e-01,5.666734576225280762e-01,4.200255963951349258e-03,3.244711458683013916e-01,5.460272431373596191e-01,-9.756508283317089081e-03,3.254538178443908691e-01,5.684936046600341797e-01,-9.662474505603313446e-03,3.315037488937377930e-01,5.758159160614013672e-01,-6.165802013128995895e-03,3.236482441425323486e-01,5.809904932975769043e-01,9.420322254300117493e-03,3.069838285446166992e-01,5.711386203765869141e-01,-2.604175126180052757e-03,3.084402680397033691e-01,5.877202749252319336e-01,-2.047451445832848549e-03,3.148699402809143066e-01,5.927804112434387207e-01,1.623181626200675964e-03
3.259500265121459961e-01,6.792178153991699219e-01,3.996949260454130126e-08,3.422017693519592285e-01,6.492435336112976074e-01,-2.945029363036155701e-02,3.450011312961578369e-01,6.005675792694091797e-01,-4.033862426877021790e-02,3.257913291454315186e-01,5.592253804206848145e-01,-4.739394038915634155e-02,3.167889118194580078e-01,5.230059623718261719e-01,-5.200402811169624329e-02,3.789975047111511230e-01,5.623005032539367676e-01,-1.452466286718845367e-02,3.700940310955047607e-01,5.064173936843872070e-01,-3.077850118279457092e-02,3.604036569595336914e-01,4.582862555980682373e-01,-4.186818748712539673e-02,3.495427668094635010e-01,4.226152896881103516e-01,-4.945784807205200195e-02,3.527047038078308105e-01,5.635517239570617676e-01,-7.614172063767910004e-03,3.241319954395294189e-01,5.276491045951843262e-01,-3.534630686044692993e-02,3.220149278640747070e-01,5.649084448814392090e-01,-4.406905174255371094e-02,3.317822515964508057e-01,5.916038155555725098e-01,-4.200199991464614868e-02,3.286662697792053223e-01,5.698859095573425293e-01,-4.454675130546092987e-03,3.035422861576080322e-01,5.453904271125793457e-01,-3.279289230704307556e-02,3.077971339225769043e-01,5.817703604698181152e-01,-3.205007687211036682e-02,3.198653161525726318e-01,5.987488627433776855e-01,-2.319143153727054596e-02,3.087465465068817139e-01,5.814732909202575684e-01,-3.642194904386997223e-03,2.910431027412414551e-01,5.642783641815185547e-01,-2.508112415671348572e-02,2.950090765953063965e-01,5.931792259216308594e-01,-2.430699765682220459e-02,3.072802126407623291e-01,6.079034805297851562e-01,-1.760331913828849792e-02
3.185845613479614258e-01,7.256952524185180664e-01,-9.704255887754698051e-08,3.323278427124023438e-01,6.676507592201232910e-01,-2.697698771953582764e-02,3.329039514064788818e-01,6.060327291488647461e-01,-3.034144081175327301e-02,3.131779134273529053e-01,5.612550973892211914e-01,-3.084174357354640961e-02,3.031888306140899658e-01,5.258688926696777344e-01,-2.804892323911190033e-02,3.650745451450347900e-01,5.650702714920043945e-01,2.507240977138280869e-03,3.541250824928283691e-01,4.992767572402954102e-01,-1.073084492236375809e-02,3.429159820079803467e-01,4.517665803432464600e-01,-2.182694151997566223e-02,3.318442106246948242e-01,4.182018041610717773e-01,-2.857346646487712860e-02,3.385906219482421875e-01,5.757851600646972656e-01,8.806448429822921753e-03,3.107601404190063477e-01,5.276902914047241211e-01,-1.718864589929580688e-02,3.068781495094299316e-01,5.611186027526855469e-01,-3.020723164081573486e-02,3.147589564323425293e-01,5.939817428588867188e-01,-2.988630160689353943e-02,3.155545592308044434e-01,5.895180702209472656e-01,1.066508330404758453e-02,2.910677492618560791e-01,5.545210242271423340e-01,-1.843971200287342072e-02,2.919425070285797119e-01,5.893754959106445312e-01,-2.523210272192955017e-02,3.021102547645568848e-01,6.126136183738708496e-01,-1.920521631836891174e-02,2.973750233650207520e-01,6.086779236793518066e-01,1.039824169129133224e-02,2.786109447479248047e-01,5.805537104606628418e-01,-1.041200850158929825e-02,2.809175550937652588e-01,6.057569384574890137e-01,-1.237297058105468750e-02,2.915565073490142822e-01,6.268999576568603516e-01,-6.526611279696226120e-03
3.071096837520599365e-01,7.271033525466918945e-01,-7.279788860614644364e-08,3.200116455554962158e-01,6.719243526458740234e-01,-3.021773509681224823e-02,3.208354413509368896e-01,6.094146370887756348e-01,-3.388967365026473999e-02,2.992276847362518311e-01,5.638024806976318359e-01,-3.375058993697166443e-02,2.886581420898437500e-01,5.282105207443237305e-01,-2.986638806760311127e-02,3.522592186927795410e-01,5.644350051879882812e-01,1.048027887009084225e-03,3.412382304668426514e-01,4.991080760955810547e-01,-1.208340469747781754e-02,3.297160565853118896e-01,4.519853293895721436e-01,-2.262951992452144623e-02,3.191936910152435303e-01,4.183171987533569336e-01,-2.909575775265693665e-02,3.249680399894714355e-01,5.756701231002807617e-01,8.821673691272735596e-03,2.969801127910614014e-01,5.280941128730773926e-01,-1.716740988194942474e-02,2.958776950836181641e-01,5.635816454887390137e-01,-2.982098050415515900e-02,3.070533275604248047e-01,5.941597223281860352e-01,-2.913330867886543274e-02,3.017105460166931152e-01,5.902544856071472168e-01,1.176445465534925461e-02,2.764193415641784668e-01,5.563701391220092773e-01,-1.841900683939456940e-02,2.796966135501861572e-01,5.929396748542785645e-01,-2.544728666543960571e-02,2.929547727108001709e-01,6.125156283378601074e-01,-1.928014680743217468e-02,2.840525209903717041e-01,6.106297373771667480e-01,1.237858925014734268e-02,2.645926475524902344e-01,5.829837918281555176e-01,-9.338115341961383820e-03,2.688936591148376465e-01,6.096112728118896484e-01,-1.146386004984378815e-02,2.815205752849578857e-01,6.293830275535583496e-01,-5.596266593784093857e-03
2.956548333168029785e-01,6.756269335746765137e-01,-2.844751634256681427e-08,3.268918097019195557e-01,6.484970450401306152e-01,-2.229868248105049133e-02,3.454126417636871338e-01,5.969419479370117188e-01,-2.845025993883609772e-02,3.441950380802154541e-01,5.512281656265258789e-01,-3.003079257905483246e-02,3.315295577049255371e-01,5.281444787979125977e-01,-2.837234176695346832e-02,2.975216507911682129e-01,5.630664229393005371e-01,-1.961937732994556427e-02,3.108789920806884766e-01,5.179408788681030273e-01,-3.149655833840370178e-02,3.215032517910003662e-01,5.397727489471435547e-01,-3.801853209733963013e-02,3.202898204326629639e-01,5.622768998146057129e-01,-3.987011313438415527e-02,2.780606150627136230e-01,5.640285611152648926e-01,-9.516760706901550293e-03,2.928710877895355225e-01,5.213862061500549316e-01,-1.766683347523212433e-02,3.071300089359283447e-01,5.449525713920593262e-01,-2.081838436424732208e-02,3.069764971733093262e-01,5.665369033813476562e-01,-2.133916504681110382e-02,2.675853073596954346e-01,5.695926547050476074e-01,-1.285811420530080795e-03,2.777807116508483887e-01,5.315201878547668457e-01,-8.217154070734977722e-03,2.918691039085388184e-01,5.519525408744812012e-01,-5.565268918871879578e-03,2.930521368980407715e-01,5.716724395751953125e-01,-2.225249540060758591e-03,2.607263624668121338e-01,5.790976285934448242e-01,5.416655447334051132e-03,2.683755159378051758e-01,5.495306253433227539e-01,1.105952775105834007e-03,2.796525657176971436e-01,5.635194182395935059e-01,4.514056257903575897e-03,2.825457155704498291e-01,5.789923071861267090e-01,8.758815005421638489e-03
2.849428951740264893e-01,6.662531495094299316e-01,7.105882815494624083e-08,3.199097216129302979e-01,6.436017751693725586e-01,-2.906154654920101166e-02,3.345185518264770508e-01,5.922315716743469238e-01,-4.003646597266197205e-02,3.266570270061492920e-01,5.487253069877624512e-01,-4.387300461530685425e-02,3.142193853855133057e-01,5.255801677703857422e-01,-4.371900856494903564e-02,2.763444483280181885e-01,5.785589218139648438e-01,-4.131392762064933777e-02,2.829837203025817871e-01,5.275838971138000488e-01,-5.499468743801116943e-02,2.975680232048034668e-01,5.397671461105346680e-01,-5.911854282021522522e-02,2.978884577751159668e-01,5.550563335418701172e-01,-5.962829664349555969e-02,2.555899918079376221e-01,5.749928951263427734e-01,-2.826606109738349915e-02,2.717488110065460205e-01,5.246140956878662109e-01,-3.957810625433921814e-02,2.957639098167419434e-01,5.469703078269958496e-01,-3.946983441710472107e-02,2.988858819007873535e-01,5.685003995895385742e-01,-3.780479729175567627e-02,2.465564757585525513e-01,5.725081562995910645e-01,-1.636185310781002045e-02,2.625445723533630371e-01,5.277703404426574707e-01,-2.579785138368606567e-02,2.831628620624542236e-01,5.474080443382263184e-01,-2.051918208599090576e-02,2.852889299392700195e-01,5.662019252777099609e-01,-1.531252078711986542e-02,2.425669729709625244e-01,5.735664367675781250e-01,-6.340952124446630478e-03,2.569917440414428711e-01,5.360057353973388672e-01,-1.311733759939670563e-02,2.735478878021240234e-01,5.472182631492614746e-01,-9.934428147971630096e-03,2.764117717742919922e-01,5.623533129692077637e-01,-6.038764957338571548e-03
2.783168256282806396e-01,6.595025062561035156e-01,1.096777353382094589e-07,3.094823956489562988e-01,6.370205283164978027e-01,-2.734632231295108795e-02,3.224208354949951172e-01,5.879577994346618652e-01,-3.910583257675170898e-02,3.148149251937866211e-01,5.448880195617675781e-01,-4.458021745085716248e-02,2.949638068675994873e-01,5.300977230072021484e-01,-4.965343326330184937e-02,2.856504917144775391e-01,5.636011958122253418e-01,-4.269372299313545227e-02,2.825396060943603516e-01,5.149915814399719238e-01,-5.843690410256385803e-02,2.852511703968048096e-01,5.001392960548400879e-01,-6.783487647771835327e-02,2.845800220966339111e-01,4.921135902404785156e-01,-7.349660247564315796e-02,2.599858343601226807e-01,5.665009617805480957e-01,-3.254684433341026306e-02,2.564144134521484375e-01,5.291008353233337402e-01,-4.661691933870315552e-02,2.722668349742889404e-01,5.469853878021240234e-01,-5.014598742127418518e-02,2.798229157924652100e-01,5.688069462776184082e-01,-5.122363939881324768e-02,2.420371025800704956e-01,5.757972598075866699e-01,-2.318489924073219299e-02,2.371831387281417847e-01,5.461211204528808594e-01,-3.334574401378631592e-02,2.521662116050720215e-01,5.612950325012207031e-01,-2.867867052555084229e-02,2.599563002586364746e-01,5.796526074409484863e-01,-2.464802190661430359e-02,2.298525571823120117e-01,5.896621942520141602e-01,-1.571076735854148865e-02,2.248007655143737793e-01,5.681564807891845703e-01,-2.347074262797832489e-02,2.364487498998641968e-01,5.785260200500488281e-01,-1.981488242745399475e-02,2.434644997119903564e-01,5.933271050453186035e-01,-1.583456620573997498e-02
2.619974911212921143e-01,6.651544570922851562e-01,2.258342313155026204e-08,2.923420071601867676e-01,6.440125107765197754e-01,-2.579254657030105591e-02,3.054013252258300781e-01,5.951865911483764648e-01,-3.536656126379966736e-02,3.015548586845397949e-01,5.497915744781494141e-01,-3.943324461579322815e-02,2.875397503376007080e-01,5.257681012153625488e-01,-4.177170991897583008e-02,2.653555870056152344e-01,5.717723369598388672e-01,-3.052081540226936340e-02,2.616760730743408203e-01,5.317647457122802734e-01,-4.471373558044433594e-02,2.717621624469757080e-01,5.425651669502258301e-01,-5.293491482734680176e-02,2.742584049701690674e-01,5.563579201698303223e-01,-5.614170804619789124e-02,2.447911202907562256e-01,5.737356543540954590e-01,-2.000518701970577240e-02,2.423147857189178467e-01,5.315157175064086914e-01,-3.159690275788307190e-02,2.595230340957641602e-01,5.466110110282897949e-01,-3.614072874188423157e-02,2.658096253871917725e-01,5.654247999191284180e-01,-3.715700656175613403e-02,2.308789938688278198e-01,5.808133482933044434e-01,-1.112161763012409210e-02,2.278287112712860107e-01,5.447404980659484863e-01,-2.026090770959854126e-02,2.446303069591522217e-01,5.571740269660949707e-01,-1.873603835701942444e-02,2.518935203552246094e-01,5.737943053245544434e-01,-1.568643376231193542e-02,2.202681899070739746e-01,5.918972492218017578e-01,-3.840195247903466225e-03,2.148129343986511230e-01,5.638650655746459961e-01,-1.013174839317798615e-02,2.259153872728347778e-01,5.717905759811401367e-01,-7.917286828160285950e-03,2.319050729274749756e-01,5.861283540725708008e-01,-4.425225779414176941e-03
2.442344278097152710e-01,7.300508022308349609e-01,-9.331894545994146029e-08,2.483285963535308838e-01,6.779225468635559082e-01,-3.474278748035430908e-02,2.433164119720458984e-01,6.162478327751159668e-01,-3.816811367869377136e-02,2.228498160839080811e-01,5.708477497100830078e-01,-3.619292005896568298e-02,2.114619612693786621e-01,5.364137291908264160e-01,-3.023305162787437439e-02,2.825979590415954590e-01,5.688876509666442871e-01,-3.376633394509553909e-03,2.696229517459869385e-01,5.029277801513671875e-01,-1.661621965467929840e-02,2.558113038539886475e-01,4.567812681198120117e-01,-2.805193327367305756e-02,2.443326413631439209e-01,4.223434925079345703e-01,-3.485782817006111145e-02,2.599268257617950439e-01,5.774409770965576172e-01,8.077546022832393646e-03,2.269287705421447754e-01,5.310312509536743164e-01,-1.553942821919918060e-02,2.230182588100433350e-01,5.646547079086303711e-01,-2.756031975150108337e-02,2.352451533079147339e-01,5.940477252006530762e-01,-2.714159153401851654e-02,2.392437458038330078e-01,5.879489779472351074e-01,1.432586740702390671e-02,2.093513906002044678e-01,5.514825582504272461e-01,-1.236849464476108551e-02,2.067722827196121216e-01,5.859978199005126953e-01,-1.961299218237400055e-02,2.185954153537750244e-01,6.073440909385681152e-01,-1.449781283736228943e-02,2.244592756032943726e-01,6.042221784591674805e-01,1.755926385521888733e-02,1.982571780681610107e-01,5.773243308067321777e-01,-1.803649822250008583e-03,1.985979974269866943e-01,6.018890142440795898e-01,-4.341108724474906921e-03,2.094298899173736572e-01,6.257397532463073730e-01,1.042524701915681362e-03
2.301651984453201294e-01,7.322476506233215332e-01,-1.012722492532702745e-07,2.323981225490570068e-01,6.825526952743530273e-01,-3.648292273283004761e-02,2.278552800416946411e-01,6.221339702606201172e-01,-4.085886478424072266e-02,2.077836394309997559e-01,5.763163566589355469e-01,-3.956783935427665710e-02,1.963195055723190308e-01,5.402408242225646973e-01,-3.431919589638710022e-02,2.680094242095947266e-01,5.708826184272766113e-01,-5.003684200346469879e-03,2.543626427650451660e-01,5.063038468360900879e-01,-1.905686594545841217e-02,2.399338930845260620e-01,4.600729346275329590e-01,-3.054077923297882080e-02,2.275452762842178345e-01,4.254277944564819336e-01,-3.716897219419479370e-02,2.456015497446060181e-01,5.804997682571411133e-01,6.722112186253070831e-03,2.122986167669296265e-01,5.346306562423706055e-01,-1.830595731735229492e-02,2.069483846426010132e-01,5.704397559165954590e-01,-3.041476383805274963e-02,2.189092189073562622e-01,6.001862883567810059e-01,-2.928769029676914215e-02,2.251631468534469604e-01,5.932329297065734863e-01,1.311546377837657928e-02,1.949437707662582397e-01,5.590522885322570801e-01,-1.583001576364040375e-02,1.919350624084472656e-01,5.953041315078735352e-01,-2.344923280179500580e-02,2.046257257461547852e-01,6.149927973747253418e-01,-1.756237819790840149e-02,2.105065286159515381e-01,6.118942499160766602e-01,1.655084267258644104e-02,1.844028234481811523e-01,5.868523120880126953e-01,-4.335696343332529068e-03,1.847369074821472168e-01,6.107476353645324707e-01,-6.910316646099090576e-03,1.961302459239959717e-01,6.322897076606750488e-01,-9.109528036788105965e-04
2.179140299558639526e-01,7.348588109016418457e-01,-1.151604109850268287e-07,2.181915491819381714e-01,6.874441504478454590e-01,-3.560528904199600220e-02,2.120395600795745850e-01,6.243985891342163086e-01,-3.901214152574539185e-02,1.936074644327163696e-01,5.789871215820312500e-01,-3.657628223299980164e-02,1.825239658355712891e-01,5.453505516052246094e-01,-3.012916631996631622e-02,2.527433037757873535e-01,5.725049376487731934e-01,-6.841314956545829773e-03,2.370979636907577515e-01,5.050660371780395508e-01,-2.103228867053985596e-02,2.228019237518310547e-01,4.598134458065032959e-01,-3.165351599454879761e-02,2.113807946443557739e-01,4.256009459495544434e-01,-3.740629181265830994e-02,2.317101508378982544e-01,5.803856253623962402e-01,5.423600319772958755e-03,1.970295608043670654e-01,5.367262363433837891e-01,-2.005209401249885559e-02,1.927200406789779663e-01,5.755825638771057129e-01,-3.125818818807601929e-02,2.055063545703887939e-01,6.059038639068603516e-01,-2.926018275320529938e-02,2.119393497705459595e-01,5.901050567626953125e-01,1.259058434516191483e-02,1.801136434078216553e-01,5.563772320747375488e-01,-1.597338356077671051e-02,1.771056652069091797e-01,5.959449410438537598e-01,-2.284432388842105865e-02,1.899751722812652588e-01,6.181788444519042969e-01,-1.647255569696426392e-02,1.981222927570343018e-01,6.057803034782409668e-01,1.686207577586174011e-02,1.700797379016876221e-01,5.829153656959533691e-01,-4.233584739267826080e-03,1.703867912292480469e-01,6.097318530082702637e-01,-7.300327997654676437e-03,1.817728430032730103e-01,6.329343318939208984e-01,-1.415890059433877468e-03
2.094508260488510132e-01,7.426461577415466309e-01,-1.508342819533936563e-07,2.066652625799179077e-01,6.923335194587707520e-01,-3.821794688701629639e-02,1.982721984386444092e-01,6.265491843223571777e-01,-3.910277038812637329e-02,1.770048439502716064e-01,5.814411044120788574e-01,-3.262995928525924683e-02,1.632000207901000977e-01,5.525207519531250000e-01,-2.188328653573989868e-02,2.365690171718597412e-01,5.750992894172668457e-01,-7.025376427918672562e-03,2.221285849809646606e-01,5.086765289306640625e-01,-1.796188764274120331e-02,2.071849107742309570e-01,4.655178785324096680e-01,-2.653462439775466919e-02,1.953429579734802246e-01,4.317560493946075439e-01,-3.098231367766857147e-02,2.173325270414352417e-01,5.838267803192138672e-01,7.976753637194633484e-03,1.822625547647476196e-01,5.424737334251403809e-01,-1.245537679642438889e-02,1.761726140975952148e-01,5.798041224479675293e-01,-2.176272310316562653e-02,1.873397976160049438e-01,6.102166175842285156e-01,-1.929185725748538971e-02,1.996395885944366455e-01,5.944132804870605469e-01,1.751885935664176941e-02,1.669505685567855835e-01,5.610293149948120117e-01,-7.250288501381874084e-03,1.638724952936172485e-01,5.987040400505065918e-01,-1.587348245084285736e-02,1.758943498134613037e-01,6.212953925132751465e-01,-1.138703338801860809e-02,1.895603686571121216e-01,6.111128330230712891e-01,2.390618994832038879e-02,1.611391901969909668e-01,5.841776728630065918e-01,5.409677978605031967e-03,1.609443426132202148e-01,6.080980300903320312e-01,1.380792586132884026e-03,1.703089326620101929e-01,6.342515945434570312e-01,6.029292475432157516e-03
1.994781643152236938e-01,7.457957863807678223e-01,-1.110547458438304602e-07,1.929763406515121460e-01,6.958253979682922363e-01,-3.448252752423286438e-02,1.805653125047683716e-01,6.334641575813293457e-01,-3.770509362220764160e-02,1.613309830427169800e-01,5.894501209259033203e-01,-3.543116524815559387e-02,1.500447541475296021e-01,5.563325285911560059e-01,-2.939078956842422485e-02,2.233043611049652100e-01,5.800905823707580566e-01,-4.975628573447465897e-03,2.067812383174896240e-01,5.120127201080322266e-01,-1.629870198667049408e-02,1.912518292665481567e-01,4.671986997127532959e-01,-2.556178160011768341e-02,1.792915314435958862e-01,4.330579042434692383e-01,-3.078274428844451904e-02,2.053834795951843262e-01,5.874931216239929199e-01,7.747414987534284592e-03,1.706279963254928589e-01,5.433751940727233887e-01,-1.380828861147165298e-02,1.625085771083831787e-01,5.787579417228698730e-01,-2.434669993817806244e-02,1.737634390592575073e-01,6.082829833030700684e-01,-2.298187650740146637e-02,1.880975067615509033e-01,5.977357625961303711e-01,1.568240858614444733e-02,1.567725539207458496e-01,5.615242123603820801e-01,-9.109797887504100800e-03,1.501093506813049316e-01,5.974916219711303711e-01,-1.630804501473903656e-02,1.615152806043624878e-01,6.213538050651550293e-01,-1.120342127978801727e-02,1.766907572746276855e-01,6.131097078323364258e-01,2.082044444978237152e-02,1.490813791751861572e-01,5.868564844131469727e-01,2.480635419487953186e-03,1.460834741592407227e-01,6.102001667022705078e-01,-5.024258862249553204e-04,1.558203697204589844e-01,6.361638903617858887e-01,4.834800958633422852e-03
1.856042444705963135e-01,7.442097067832946777e-01,-1.313365629584950511e-07,1.787185370922088623e-01,6.949265003204345703e-01,-3.665854409337043762e-02,1.655049026012420654e-01,6.327369213104248047e-01,-3.797597438097000122e-02,1.455287933349609375e-01,5.906075239181518555e-01,-3.192407637834548950e-02,1.348355412483215332e-01,5.608896613121032715e-01,-2.154777944087982178e-02,2.104974240064620972e-01,5.791078805923461914e-01,-8.333262056112289429e-03,1.902281939983367920e-01,5.119714736938476562e-01,-1.842204667627811432e-02,1.732302755117416382e-01,4.692689776420593262e-01,-2.702314592897891998e-02,1.616759896278381348e-01,4.363300502300262451e-01,-3.155265748500823975e-02,1.925356835126876831e-01,5.876022577285766602e-01,7.232540752738714218e-03,1.549868136644363403e-01,5.462558865547180176e-01,-1.018424518406391144e-02,1.482065767049789429e-01,5.789622068405151367e-01,-1.920178718864917755e-02,1.607680171728134155e-01,6.054209470748901367e-01,-1.785660162568092346e-02,1.747021228075027466e-01,5.966232419013977051e-01,1.784639433026313782e-02,1.405418217182159424e-01,5.624984502792358398e-01,-2.792415907606482506e-03,1.352997720241546631e-01,5.972216725349426270e-01,-1.098446175456047058e-02,1.476211696863174438e-01,6.173979640007019043e-01,-7.823832333087921143e-03,1.637606322765350342e-01,6.105023026466369629e-01,2.536867558956146240e-02,1.328921318054199219e-01,5.878978371620178223e-01,1.028872746974229813e-02,1.316421031951904297e-01,6.113060116767883301e-01,6.690924055874347687e-03,1.426232904195785522e-01,6.354976296424865723e-01,1.070541236549615860e-02
1.711730957031250000e-01,7.494418025016784668e-01,-1.176503303668141598e-07,1.632432937622070312e-01,7.022535800933837891e-01,-3.608570620417594910e-02,1.521601229906082153e-01,6.423787474632263184e-01,-4.000974446535110474e-02,1.329657733440399170e-01,5.982446074485778809e-01,-3.751457482576370239e-02,1.192373931407928467e-01,5.645437240600585938e-01,-3.138813748955726624e-02,1.947082728147506714e-01,5.848418474197387695e-01,-1.017687842249870300e-02,1.756831705570220947e-01,5.180062651634216309e-01,-2.193377912044525146e-02,1.592135578393936157e-01,4.724647402763366699e-01,-3.153221681714057922e-02,1.477641314268112183e-01,4.375280141830444336e-01,-3.708540275692939758e-02,1.770521402359008789e-01,5.923915505409240723e-01,3.612790955230593681e-03,1.413037329912185669e-01,5.488077402114868164e-01,-1.679933816194534302e-02,1.325656175613403320e-01,5.803044438362121582e-01,-2.681992948055267334e-02,1.431687921285629272e-01,6.083282828330993652e-01,-2.588997967541217804e-02,1.598096340894699097e-01,6.027981042861938477e-01,1.274537388235330582e-02,1.285120397806167603e-01,5.671596527099609375e-01,-1.024434622377157211e-02,1.215717047452926636e-01,5.992265939712524414e-01,-1.737602986395359039e-02,1.315205693244934082e-01,6.209981441497802734e-01,-1.325776334851980209e-02,1.488345414400100708e-01,6.187826991081237793e-01,1.884769648313522339e-02,1.213597655296325684e-01,5.947632193565368652e-01,1.534621347673237324e-03,1.179408878087997437e-01,6.143856644630432129e-01,-2.026986330747604370e-03,1.260609179735183716e-01,6.371594667434692383e-01,2.245672512799501419e-03
1.642426997423171997e-01,7.507561445236206055e-01,-9.733361139296903275e-08,1.530845165252685547e-01,7.052513360977172852e-01,-3.485764563083648682e-02,1.382155269384384155e-01,6.439831256866455078e-01,-3.871175274252891541e-02,1.174609959125518799e-01,5.986803770065307617e-01,-3.652815148234367371e-02,1.028446480631828308e-01,5.681384801864624023e-01,-3.065939433872699738e-02,1.800340414047241211e-01,5.866105556488037109e-01,-8.562344126403331757e-03,1.595489084720611572e-01,5.188868045806884766e-01,-1.942670159041881561e-02,1.425642818212509155e-01,4.741262793540954590e-01,-2.827448584139347076e-02,1.305334866046905518e-01,4.397951364517211914e-01,-3.341621533036231995e-02,1.618915796279907227e-01,5.934687256813049316e-01,4.752756562083959579e-03,1.262774914503097534e-01,5.516898632049560547e-01,-1.469688676297664642e-02,1.175115481019020081e-01,5.841226577758789062e-01,-2.379255741834640503e-02,1.285739541053771973e-01,6.104755997657775879e-01,-2.250311151146888733e-02,1.444422453641891479e-01,6.032706499099731445e-01,1.350593846291303635e-02,1.125514954328536987e-01,5.692913532257080078e-01,-8.753380738198757172e-03,1.054665818810462952e-01,6.014772653579711914e-01,-1.491942349821329117e-02,1.163426563143730164e-01,6.225858926773071289e-01,-1.039440091699361801e-02,1.335334330797195435e-01,6.188399791717529297e-01,1.933407038450241089e-02,1.053482890129089355e-01,5.936449766159057617e-01,3.469857620075345039e-03,1.016178429126739502e-01,6.141670346260070801e-01,1.462031272239983082e-03,1.105398982763290405e-01,6.383274793624877930e-01,6.562417373061180115e-03
1.451312601566314697e-01,7.491427659988403320e-01,-9.541422940628763172e-08,1.364816725254058838e-01,7.016781568527221680e-01,-3.895530104637145996e-02,1.232365071773529053e-01,6.405605673789978027e-01,-4.285909235477447510e-02,1.030673980712890625e-01,5.983189344406127930e-01,-3.966379538178443909e-02,8.951948583126068115e-02,5.665825009346008301e-01,-3.212686255574226379e-02,1.675805002450942993e-01,5.827329754829406738e-01,-1.086852885782718658e-02,1.455515325069427490e-01,5.159876346588134766e-01,-2.319804579019546509e-02,1.287982612848281860e-01,4.738076925277709961e-01,-3.232965990900993347e-02,1.171877533197402954e-01,4.393952488899230957e-01,-3.739822283387184143e-02,1.499300897121429443e-01,5.905667543411254883e-01,4.155374132096767426e-03,1.091072484850883484e-01,5.531013607978820801e-01,-1.731099188327789307e-02,1.058641895651817322e-01,5.888373255729675293e-01,-2.640540152788162231e-02,1.216009035706520081e-01,6.132813096046447754e-01,-2.445267513394355774e-02,1.316799819469451904e-01,6.001555919647216797e-01,1.387592311948537827e-02,9.604126214981079102e-02,5.697340965270996094e-01,-1.104420609772205353e-02,9.389297664165496826e-02,6.069298386573791504e-01,-1.726538129150867462e-02,1.084548458456993103e-01,6.241237521171569824e-01,-1.199262682348489761e-02,1.195790767669677734e-01,6.139922738075256348e-01,2.025519870221614838e-02,8.906150609254837036e-02,5.940220952033996582e-01,1.732458244077861309e-03,8.955514430999755859e-02,6.196312904357910156e-01,-1.198621233925223351e-03,1.021119579672813416e-01,6.414506435394287109e-01,3.793257288634777069e-03
1.425111144781112671e-01,7.502877712249755859e-01,-9.693788882714216015e-08,1.296018511056900024e-01,7.059663534164428711e-01,-3.949021548032760620e-02,1.140144839882850647e-01,6.468200087547302246e-01,-4.507675021886825562e-02,9.215631335973739624e-02,6.049512028694152832e-01,-4.360824078321456909e-02,7.767579704523086548e-02,5.703060030937194824e-01,-3.783397749066352844e-02,1.585897356271743774e-01,5.820152163505554199e-01,-1.180235948413610458e-02,1.375717073678970337e-01,5.165318846702575684e-01,-2.405604906380176544e-02,1.198341324925422668e-01,4.754011332988739014e-01,-3.387928009033203125e-02,1.074274778366088867e-01,4.411208629608154297e-01,-3.982767835259437561e-02,1.413680911064147949e-01,5.895379781723022461e-01,3.191123949363827705e-03,1.015082746744155884e-01,5.532644391059875488e-01,-1.756557635962963104e-02,9.753251075744628906e-02,5.883550643920898438e-01,-2.648189291357994080e-02,1.136416420340538025e-01,6.124382615089416504e-01,-2.524444833397865295e-02,1.233766674995422363e-01,6.002289056777954102e-01,1.281470339745283127e-02,8.785180002450942993e-02,5.691235065460205078e-01,-1.157747209072113037e-02,8.507402241230010986e-02,6.050426959991455078e-01,-1.730104722082614899e-02,1.001819446682929993e-01,6.225422620773315430e-01,-1.248004194349050522e-02,1.108400821685791016e-01,6.150943636894226074e-01,1.899437233805656433e-02,8.019596338272094727e-02,5.920331478118896484e-01,2.236290019936859608e-04,7.917457818984985352e-02,6.178925633430480957e-01,-2.598907565698027611e-03,9.118452668190002441e-02,6.417835950851440430e-01,2.051690826192498207e-03
1.383072435855865479e-01,7.498226165771484375e-01,-7.752115749326549121e-08,1.187670230865478516e-01,7.055900692939758301e-01,-4.083109274506568909e-02,1.008995547890663147e-01,6.446626186370849609e-01,-4.527347907423973083e-02,8.018814027309417725e-02,6.009489297866821289e-01,-4.163780435919761658e-02,6.778090447187423706e-02,5.659629702568054199e-01,-3.348629549145698547e-02,1.512946784496307373e-01,5.800598859786987305e-01,-1.170825678855180740e-02,1.265606433153152466e-01,5.127599835395812988e-01,-2.050669118762016296e-02,1.089956462383270264e-01,4.716868102550506592e-01,-2.761469408869743347e-02,9.767645597457885742e-02,4.367105960845947266e-01,-3.201280161738395691e-02,1.358901709318161011e-01,5.872160792350769043e-01,6.165543571114540100e-03,9.307958185672760010e-02,5.520596504211425781e-01,-1.077610813081264496e-02,8.907379209995269775e-02,5.858270525932312012e-01,-1.850817166268825531e-02,1.053196787834167480e-01,6.066909432411193848e-01,-1.705552637577056885e-02,1.191468015313148499e-01,5.979500412940979004e-01,1.888419874012470245e-02,8.096598088741302490e-02,5.692149400711059570e-01,-2.791718114167451859e-03,7.859878242015838623e-02,6.041508913040161133e-01,-9.430355392396450043e-03,9.415123611688613892e-02,6.182640790939331055e-01,-5.744339898228645325e-03,1.076566055417060852e-01,6.119844317436218262e-01,2.822670340538024902e-02,7.534387707710266113e-02,5.908735394477844238e-01,1.094493549317121506e-02,7.407265901565551758e-02,6.170020103454589844e-01,7.191609125584363937e-03,8.635942637920379639e-02,6.388643980026245117e-01,1.093167904764413834e-02
1.316871643066406250e-01,7.493857741355895996e-01,-8.038947640898186364e-08,1.165389418601989746e-01,7.052891850471496582e-01,-4.237383231520652771e-02,9.852638095617294312e-02,6.455616950988769531e-01,-4.830262437462806702e-02,7.618538290262222290e-02,6.017014384269714355e-01,-4.652265086770057678e-02,6.360659003257751465e-02,5.653470158576965332e-01,-4.025006666779518127e-02,1.460762023925781250e-01,5.797199010848999023e-01,-1.282077282667160034e-02,1.215213909745216370e-01,5.119659304618835449e-01,-2.421837113797664642e-02,1.032169833779335022e-01,4.707467854022979736e-01,-3.244157508015632629e-02,9.031271934509277344e-02,4.354110956192016602e-01,-3.740115836262702942e-02,1.287660151720046997e-01,5.858456492424011230e-01,4.137121140956878662e-03,8.356308937072753906e-02,5.518112778663635254e-01,-1.720966771245002747e-02,8.021500706672668457e-02,5.896281599998474121e-01,-2.550759911537170410e-02,9.785518050193786621e-02,6.132665872573852539e-01,-2.328944951295852661e-02,1.101911067962646484e-01,5.959087610244750977e-01,1.545930095016956329e-02,7.147045433521270752e-02,5.688137412071228027e-01,-1.044475473463535309e-02,7.026789337396621704e-02,6.075074076652526855e-01,-1.611452735960483551e-02,8.720906078815460205e-02,6.237183213233947754e-01,-1.054551266133785248e-02,9.697838127613067627e-02,6.097418069839477539e-01,2.320868335664272308e-02,6.549290567636489868e-02,5.894680023193359375e-01,3.114335238933563232e-03,6.490881741046905518e-02,6.173170208930969238e-01,-2.148517669411376119e-04,7.813189923763275146e-02,6.400013566017150879e-01,4.515894223004579544e-03
1.287316828966140747e-01,7.464607954025268555e-01,-6.356705739563039970e-08,1.133504286408424377e-01,7.030955553054809570e-01,-4.758263006806373596e-02,9.510213136672973633e-02,6.412675976753234863e-01,-5.301569029688835144e-02,7.086897641420364380e-02,5.981090068817138672e-01,-4.854390025138854980e-02,5.599523335695266724e-02,5.616987943649291992e-01,-3.867474943399429321e-02,1.402373611927032471e-01,5.729485750198364258e-01,-1.591203548014163971e-02,1.145101562142372131e-01,5.045951008796691895e-01,-2.608217671513557434e-02,9.589648246765136719e-02,4.653312563896179199e-01,-3.340744599699974060e-02,8.366689831018447876e-02,4.306893348693847656e-01,-3.755021467804908752e-02,1.231967806816101074e-01,5.818656682968139648e-01,5.191815085709095001e-03,7.995581626892089844e-02,5.486071705818176270e-01,-1.370956469327211380e-02,7.861892879009246826e-02,5.851631760597229004e-01,-2.144605107605457306e-02,9.714495390653610229e-02,6.058886647224426270e-01,-1.925141178071498871e-02,1.049182042479515076e-01,5.930466651916503906e-01,2.020591683685779572e-02,6.708820164203643799e-02,5.648029446601867676e-01,-3.648580983281135559e-03,6.769488751888275146e-02,6.019706130027770996e-01,-1.062803529202938080e-02,8.538222312927246094e-02,6.141466498374938965e-01,-6.473732646554708481e-03,9.265720844268798828e-02,6.067119836807250977e-01,3.124546445906162262e-02,6.090790778398513794e-02,5.857356786727905273e-01,1.224373374134302139e-02,6.188733503222465515e-02,6.132177710533142090e-01,7.659938652068376541e-03,7.566539198160171509e-02,6.343131065368652344e-01,1.122408360242843628e-02
1.288918107748031616e-01,7.471821308135986328e-01,-8.444133925422647735e-08,1.105810478329658508e-01,6.994088888168334961e-01,-4.461371526122093201e-02,9.018176048994064331e-02,6.357541084289550781e-01,-4.688856378197669983e-02,6.714545935392379761e-02,5.908690094947814941e-01,-3.893193602561950684e-02,5.331026017665863037e-02,5.559975504875183105e-01,-2.555323019623756409e-02,1.347441971302032471e-01,5.717429518699645996e-01,-1.339826639741659164e-02,1.084009110927581787e-01,5.027139186859130859e-01,-2.085457369685173035e-02,9.035705775022506714e-02,4.621881544589996338e-01,-2.719647996127605438e-02,7.895036786794662476e-02,4.257501959800720215e-01,-3.097595460712909698e-02,1.187596172094345093e-01,5.808857679367065430e-01,7.743432652205228806e-03,7.476450502872467041e-02,5.465640425682067871e-01,-6.563266273587942123e-03,7.294415682554244995e-02,5.806410312652587891e-01,-1.345279254019260406e-02,9.044422954320907593e-02,6.013724803924560547e-01,-1.179031748324632645e-02,1.012407094240188599e-01,5.922387838363647461e-01,2.322746627032756805e-02,6.249629333615303040e-02,5.643218755722045898e-01,4.593790508806705475e-03,6.358337402343750000e-02,5.981903076171875000e-01,-2.700222888961434364e-03,8.038147538900375366e-02,6.101765036582946777e-01,-2.264145150547847152e-04,8.973937481641769409e-02,6.071546077728271484e-01,3.485871851444244385e-02,5.718847736716270447e-02,5.874862074851989746e-01,2.080432325601577759e-02,5.832472071051597595e-02,6.118698716163635254e-01,1.680018566548824310e-02,7.092191278934478760e-02,6.331269741058349609e-01,1.958872005343437195e-02
