2.612631618976593018e-01,7.292315363883972168e-01,-2.265068985707330285e-07,2.149670124053955078e-01,7.208035588264465332e-01,1.958304317668080330e-03,1.845575571060180664e-01,6.841812729835510254e-01,1.957073109224438667e-03,1.822881996631622314e-01,6.375267505645751953e-01,2.153779612854123116e-03,1.978656053543090820e-01,6.145526170730590820e-01,3.887066384777426720e-03,2.035899162292480469e-01,5.984379053115844727e-01,-4.300633911043405533e-03,2.114908397197723389e-01,5.510186553001403809e-01,-2.052625204669311643e-04,2.164655923843383789e-01,5.649585127830505371e-01,4.634025506675243378e-03,2.158073186874389648e-01,5.879940390586853027e-01,7.886259816586971283e-03,2.395772635936737061e-01,5.911881923675537109e-01,-6.376719102263450623e-03,2.423562854528427124e-01,5.513417124748229980e-01,3.121470799669623375e-03,2.429396957159042358e-01,5.704878568649291992e-01,9.404831565916538239e-03,2.421994954347610474e-01,5.944662690162658691e-01,1.177672948688268661e-02,2.712767124176025391e-01,5.971750617027282715e-01,-7.332875393331050873e-03,2.716444432735443115e-01,5.607628822326660156e-01,8.929615141823887825e-04,2.689693868160247803e-01,5.777664780616760254e-01,7.285747677087783813e-03,2.677792906761169434e-01,6.004430651664733887e-01,8.958131074905395508e-03,2.980865538120269775e-01,6.127237677574157715e-01,-8.038499392569065094e-03,2.953227758407592773e-01,5.804987549781799316e-01,-1.481769839301705360e-03,2.911382615566253662e-01,5.938444137573242188e-01,6.461987737566232681e-03,2.900398969650268555e-01,6.141701936721801758e-01,1.171797886490821838e-02
2.646095156669616699e-01,7.404052615165710449e-01,-2.637803788729797816e-07,2.156828194856643677e-01,7.267946004867553711e-01,4.728408064693212509e-03,1.824488043785095215e-01,6.862953901290893555e-01,6.063514389097690582e-03,1.803357601165771484e-01,6.339640021324157715e-01,7.172120735049247742e-03,1.987016201019287109e-01,6.087353825569152832e-01,9.977717883884906769e-03,2.039092183113098145e-01,5.964059829711914062e-01,-1.678849454037845135e-03,2.127616852521896362e-01,5.499204993247985840e-01,5.295703187584877014e-03,2.175011336803436279e-01,5.641202330589294434e-01,1.208346616476774216e-02,2.175816446542739868e-01,5.861041545867919922e-01,1.618201471865177155e-02,2.403327226638793945e-01,5.896856784820556641e-01,-4.670061636716127396e-03,2.437616288661956787e-01,5.517055392265319824e-01,7.870657369494438171e-03,2.438586503267288208e-01,5.701053738594055176e-01,1.599650457501411438e-02,2.440063506364822388e-01,5.938999056816101074e-01,1.891737803816795349e-02,2.729121744632720947e-01,5.963745117187500000e-01,-6.153357680886983871e-03,2.724926471710205078e-01,5.620700716972351074e-01,4.495735280215740204e-03,2.695785462856292725e-01,5.791799426078796387e-01,1.218095794320106506e-02,2.692553102970123291e-01,6.021813750267028809e-01,1.414426602423191071e-02,3.007561862468719482e-01,6.118425130844116211e-01,-7.225114386528730392e-03,2.968985140323638916e-01,5.775005817413330078e-01,1.382670947350561619e-03,2.925403714179992676e-01,5.927253961563110352e-01,1.092110387980937958e-02,2.923610806465148926e-01,6.146622896194458008e-01,1.703404448926448822e-02
2.650921046733856201e-01,7.469018697738647461e-01,-2.744762070960860001e-07,2.162938416004180908e-01,7.297444939613342285e-01,6.456481292843818665e-03,1.829547286033630371e-01,6.890667080879211426e-01,8.448984473943710327e-03,1.803160160779953003e-01,6.363980770111083984e-01,9.839342907071113586e-03,1.987910866737365723e-01,6.098545193672180176e-01,1.317034661769866943e-02,2.022872269153594971e-01,5.961778163909912109e-01,5.316534661687910557e-04,2.121055722236633301e-01,5.489261150360107422e-01,8.693317882716655731e-03,2.191251218318939209e-01,5.620533823966979980e-01,1.667143777012825012e-02,2.203637510538101196e-01,5.838303565979003906e-01,2.165007032454013824e-02,2.388413846492767334e-01,5.884454846382141113e-01,-2.990340115502476692e-03,2.447301000356674194e-01,5.515974760055541992e-01,1.075610890984535217e-02,2.464007139205932617e-01,5.697143673896789551e-01,1.913952641189098358e-02,2.460828423500061035e-01,5.932733416557312012e-01,2.206030488014221191e-02,2.724816203117370605e-01,5.954129099845886230e-01,-4.819739609956741333e-03,2.732717394828796387e-01,5.619355440139770508e-01,7.122556213289499283e-03,2.714942693710327148e-01,5.784378647804260254e-01,1.480515766888856888e-02,2.703346908092498779e-01,6.016752123832702637e-01,1.654664613306522369e-02,3.014802932739257812e-01,6.125012040138244629e-01,-6.102614104747772217e-03,2.985936701297760010e-01,5.790403485298156738e-01,4.021158907562494278e-03,2.939781844615936279e-01,5.930908918380737305e-01,1.400432456284761429e-02,2.920165061950683594e-01,6.155098080635070801e-01,2.030861936509609222e-02
2.662825584411621094e-01,7.484528422355651855e-01,-2.893172563744883519e-07,2.155931144952774048e-01,7.279524207115173340e-01,5.290954839438199997e-03,1.829387992620468140e-01,6.867908239364624023e-01,5.862561520189046860e-03,1.813029795885086060e-01,6.333979368209838867e-01,5.824510008096694946e-03,1.995599865913391113e-01,6.058626174926757812e-01,7.697652094066143036e-03,2.021758258342742920e-01,5.950679183006286621e-01,-1.322251860983669758e-03,2.115807980298995972e-01,5.482425689697265625e-01,4.753449000418186188e-03,2.166261225938796997e-01,5.647576451301574707e-01,1.065925322473049164e-02,2.170278280973434448e-01,5.881804227828979492e-01,1.427951920777559280e-02,2.393224239349365234e-01,5.871903896331787109e-01,-4.874662030488252640e-03,2.434120178222656250e-01,5.508697032928466797e-01,7.934220135211944580e-03,2.441815882921218872e-01,5.699371099472045898e-01,1.547011360526084900e-02,2.440754771232604980e-01,5.942609310150146484e-01,1.759067550301551819e-02,2.731148898601531982e-01,5.936809778213500977e-01,-6.904998328536748886e-03,2.715751528739929199e-01,5.619779229164123535e-01,4.483245778828859329e-03,2.694119513034820557e-01,5.787885189056396484e-01,1.188664138317108154e-02,2.685306966304779053e-01,6.025408506393432617e-01,1.327024959027767181e-02,3.016200959682464600e-01,6.093639731407165527e-01,-8.533190004527568817e-03,2.968936860561370850e-01,5.785540938377380371e-01,1.068859128281474113e-03,2.923019826412200928e-01,5.925546288490295410e-01,1.084021851420402527e-02,2.909809052944183350e-01,6.146444082260131836e-01,1.698726229369640350e-02
2.667450606822967529e-01,7.497993707656860352e-01,-3.019804069026577054e-07,2.162870168685913086e-01,7.266928553581237793e-01,7.016516756266355515e-03,1.846584677696228027e-01,6.849619746208190918e-01,8.250300772488117218e-03,1.835753172636032104e-01,6.319899559020996094e-01,8.446501567959785461e-03,2.016647458076477051e-01,6.049055457115173340e-01,1.040737703442573547e-02,2.026594281196594238e-01,5.938474535942077637e-01,1.044892356730997562e-03,2.118534445762634277e-01,5.475589632987976074e-01,7.368421182036399841e-03,2.172939628362655640e-01,5.643650889396667480e-01,1.308013219386339188e-02,2.177885621786117554e-01,5.878937840461730957e-01,1.655936799943447113e-02,2.392137497663497925e-01,5.862892270088195801e-01,-3.352561965584754944e-03,2.436480969190597534e-01,5.505929589271545410e-01,1.001701131463050842e-02,2.447100877761840820e-01,5.700348019599914551e-01,1.747004128992557526e-02,2.444017827510833740e-01,5.946733355522155762e-01,1.941388845443725586e-02,2.727190256118774414e-01,5.927680730819702148e-01,-6.177304778248071671e-03,2.718707025051116943e-01,5.618770718574523926e-01,5.751804914325475693e-03,2.700366973876953125e-01,5.792179703712463379e-01,1.305603235960006714e-02,2.689414024353027344e-01,6.032941341400146484e-01,1.417400687932968140e-02,3.012081980705261230e-01,6.082094907760620117e-01,-8.517488837242126465e-03,2.970878183841705322e-01,5.786320567131042480e-01,1.426480244845151901e-03,2.928231954574584961e-01,5.938242673873901367e-01,1.120478659868240356e-02,2.914256155490875244e-01,6.160929799079895020e-01,1.725399680435657501e-02
2.670597732067108154e-01,7.494770288467407227e-01,-2.805634551350522088e-07,2.165142595767974854e-01,7.273532748222351074e-01,5.117456894367933273e-03,1.851405203342437744e-01,6.860022544860839844e-01,4.952838644385337830e-03,1.844183802604675293e-01,6.325680017471313477e-01,3.848719643428921700e-03,2.007126063108444214e-01,6.029271483421325684e-01,4.616581834852695465e-03,2.033762931823730469e-01,5.955030918121337891e-01,-7.624458521604537964e-04,2.118048220872879028e-01,5.455387830734252930e-01,3.378150984644889832e-03,2.174605578184127808e-01,5.637616515159606934e-01,7.177165243774652481e-03,2.175481468439102173e-01,5.874407291412353516e-01,9.456242434680461884e-03,2.397656440734863281e-01,5.874196290969848633e-01,-5.010491702705621719e-03,2.451421916484832764e-01,5.457392334938049316e-01,6.352609954774379730e-03,2.469170242547988892e-01,5.657405853271484375e-01,1.292656734585762024e-02,2.460370957851409912e-01,5.909671783447265625e-01,1.459553744643926620e-02,2.731988131999969482e-01,5.930766463279724121e-01,-7.991573773324489594e-03,2.740703225135803223e-01,5.565120577812194824e-01,2.393325557932257652e-03,2.728302180767059326e-01,5.740267038345336914e-01,9.704942815005779266e-03,2.712158560752868652e-01,5.985960364341735840e-01,1.103823166340589523e-02,3.020424842834472656e-01,6.083456277847290039e-01,-1.067911460995674133e-02,2.998808622360229492e-01,5.774343609809875488e-01,-2.318232553079724312e-03,2.956597208976745605e-01,5.931068658828735352e-01,7.070684339851140976e-03,2.933630347251892090e-01,6.158515214920043945e-01,1.308662258088588715e-02
2.650188207626342773e-01,7.477756738662719727e-01,-2.801579057631897740e-07,2.156371772289276123e-01,7.269018888473510742e-01,5.280502140522003174e-03,1.827218085527420044e-01,6.864804029464721680e-01,4.892913158982992172e-03,1.819146573543548584e-01,6.345041394233703613e-01,3.628600155934691429e-03,2.003754377365112305e-01,6.080577373504638672e-01,4.077868070453405380e-03,2.024521082639694214e-01,5.945900082588195801e-01,-2.591488882899284363e-03,2.101613283157348633e-01,5.440281629562377930e-01,1.158603583462536335e-03,2.154124677181243896e-01,5.618534088134765625e-01,4.825602751225233078e-03,2.151884436607360840e-01,5.862200260162353516e-01,6.925158202648162842e-03,2.392097562551498413e-01,5.861339569091796875e-01,-7.120728958398103714e-03,2.441090345382690430e-01,5.422134995460510254e-01,3.823783481493592262e-03,2.460146099328994751e-01,5.620723366737365723e-01,1.056989096105098724e-02,2.451752126216888428e-01,5.884033441543579102e-01,1.233044732362031937e-02,2.729883193969726562e-01,5.914644598960876465e-01,-1.024417765438556671e-02,2.741973698139190674e-01,5.517982840538024902e-01,1.698507985565811396e-04,2.732662558555603027e-01,5.698083639144897461e-01,7.847388274967670441e-03,2.715660035610198975e-01,5.951809883117675781e-01,9.195551276206970215e-03,3.023668229579925537e-01,6.068736314773559570e-01,-1.309027150273323059e-02,3.015885651111602783e-01,5.756607651710510254e-01,-5.543159320950508118e-03,2.976556718349456787e-01,5.918819308280944824e-01,3.382653230801224709e-03,2.951759397983551025e-01,6.143992543220520020e-01,9.067638777196407318e-03
2.653926610946655273e-01,7.471780776977539062e-01,-2.736949511472630547e-07,2.158184349536895752e-01,7.257849574089050293e-01,3.092955332249403000e-03,1.815106421709060669e-01,6.845018267631530762e-01,1.020633382722735405e-03,1.816775202751159668e-01,6.320762038230895996e-01,-1.868147635832428932e-03,2.043097913265228271e-01,6.085748672485351562e-01,-2.826254582032561302e-03,2.022866308689117432e-01,5.930311083793640137e-01,-5.252341739833354950e-03,2.110452651977539062e-01,5.403071641921997070e-01,-4.615763202309608459e-03,2.158863097429275513e-01,5.608026385307312012e-01,-2.968264510855078697e-03,2.142619937658309937e-01,5.870566368103027344e-01,-2.085529034957289696e-03,2.393143177032470703e-01,5.853185653686523438e-01,-1.021288055926561356e-02,2.463690638542175293e-01,5.380600094795227051e-01,-2.970045199617743492e-03,2.483008056879043579e-01,5.598857998847961426e-01,2.560695400461554527e-03,2.460516989231109619e-01,5.875027179718017578e-01,4.176022019237279892e-03,2.733121216297149658e-01,5.909278392791748047e-01,-1.415416039526462555e-02,2.773553133010864258e-01,5.496130585670471191e-01,-7.039529737085103989e-03,2.768544256687164307e-01,5.690559744834899902e-01,5.723605863749980927e-04,2.741701602935791016e-01,5.950933694839477539e-01,2.734333276748657227e-03,3.032438158988952637e-01,6.069926023483276367e-01,-1.804108172655105591e-02,3.045600056648254395e-01,5.721673965454101562e-01,-1.287509221583604813e-02,3.008882105350494385e-01,5.895552635192871094e-01,-3.964975476264953613e-03,2.978270053863525391e-01,6.130295395851135254e-01,2.188352402299642563e-03
2.659203112125396729e-01,7.457546591758728027e-01,-2.488696964064729400e-07,2.164126336574554443e-01,7.276476621627807617e-01,3.047354286536574364e-03,1.811269819736480713e-01,6.861686706542968750e-01,2.146420767530798912e-03,1.801093667745590210e-01,6.327510476112365723e-01,6.206709658727049828e-04,2.030158936977386475e-01,6.138466596603393555e-01,9.900772711262106895e-04,2.028587609529495239e-01,5.916972756385803223e-01,-2.972459653392434120e-03,2.076357007026672363e-01,5.349939465522766113e-01,-1.624593161977827549e-03,2.132108658552169800e-01,5.525399446487426758e-01,1.179970640805549920e-04,2.131372988224029541e-01,5.799347162246704102e-01,1.282466109842061996e-03,2.407833337783813477e-01,5.827327966690063477e-01,-7.282453123480081558e-03,2.439504116773605347e-01,5.307537913322448730e-01,6.332179182209074497e-04,2.460046559572219849e-01,5.511215329170227051e-01,6.114792544394731522e-03,2.438831180334091187e-01,5.789632201194763184e-01,8.082848042249679565e-03,2.748357951641082764e-01,5.884433984756469727e-01,-1.073082070797681808e-02,2.765763401985168457e-01,5.397164821624755859e-01,-3.388324985280632973e-03,2.757265865802764893e-01,5.568911433219909668e-01,3.567369654774665833e-03,2.725427448749542236e-01,5.827063322067260742e-01,5.564043298363685608e-03,3.041316270828247070e-01,6.057627797126770020e-01,-1.408230978995561600e-02,3.038417994976043701e-01,5.707895755767822266e-01,-9.026667103171348572e-03,3.011381328105926514e-01,5.861181616783142090e-01,-8.603823953308165073e-04,2.985271811485290527e-01,6.082551479339599609e-01,4.925715271383523941e-03
2.662458121776580811e-01,7.400509715080261230e-01,-2.531461973376281094e-07,2.149208039045333862e-01,7.243543267250061035e-01,3.528834786266088486e-03,1.783940494060516357e-01,6.808677315711975098e-01,3.581546712666749954e-03,1.784020364284515381e-01,6.270689964294433594e-01,3.344519762322306633e-03,2.028913199901580811e-01,6.088939309120178223e-01,5.175084341317415237e-03,2.052021026611328125e-01,5.872299671173095703e-01,-4.473473411053419113e-03,2.050580382347106934e-01,5.268563628196716309e-01,-1.023378456011414528e-03,2.098489999771118164e-01,5.466679334640502930e-01,3.528970526531338692e-03,2.120534628629684448e-01,5.756511092185974121e-01,6.579514592885971069e-03,2.437598705291748047e-01,5.768973231315612793e-01,-8.082129061222076416e-03,2.421171963214874268e-01,5.154290199279785156e-01,4.591630422510206699e-04,2.425899803638458252e-01,5.366114974021911621e-01,7.772148121148347855e-03,2.414779812097549438e-01,5.663297772407531738e-01,1.145990286022424698e-02,2.769679427146911621e-01,5.816432237625122070e-01,-1.047301758080720901e-02,2.763535976409912109e-01,5.228236913681030273e-01,-2.353212563320994377e-03,2.744245231151580811e-01,5.387053489685058594e-01,5.486689973622560501e-03,2.719912230968475342e-01,5.642788410186767578e-01,8.165276609361171722e-03,3.050510287284851074e-01,5.985419750213623047e-01,-1.264598779380321503e-02,3.056173920631408691e-01,5.566534996032714844e-01,-7.531519513577222824e-03,3.028255701065063477e-01,5.688357353210449219e-01,1.038401387631893158e-04,3.007941544055938721e-01,5.888312458992004395e-01,5.402562674134969711e-03
2.659031748771667480e-01,7.400159835815429688e-01,-2.556479898885299917e-07,2.146335244178771973e-01,7.278331518173217773e-01,5.733019672334194183e-03,1.783602237701416016e-01,6.874545812606811523e-01,8.053423836827278137e-03,1.696197837591171265e-01,6.327036023139953613e-01,1.056441478431224823e-02,1.854658573865890503e-01,6.079436540603637695e-01,1.607503369450569153e-02,2.056398838758468628e-01,5.885892510414123535e-01,-1.220086822286248207e-03,2.037603557109832764e-01,5.221151709556579590e-01,5.527254659682512283e-03,2.080605179071426392e-01,5.369452834129333496e-01,1.432127133011817932e-02,2.110926508903503418e-01,5.642647147178649902e-01,2.063070423901081085e-02,2.437766492366790771e-01,5.780588984489440918e-01,-3.800373757258057594e-03,2.399701625108718872e-01,5.121180415153503418e-01,5.990660749375820160e-03,2.400072365999221802e-01,5.271054506301879883e-01,1.504767127335071564e-02,2.394158244132995605e-01,5.525478124618530273e-01,2.030203305184841156e-02,2.762404978275299072e-01,5.826448202133178711e-01,-4.918823949992656708e-03,2.746144831180572510e-01,5.191000103950500488e-01,3.835383336991071701e-03,2.720977962017059326e-01,5.242782235145568848e-01,1.226337812840938568e-02,2.692990005016326904e-01,5.429653525352478027e-01,1.567180827260017395e-02,3.043818473815917969e-01,5.993774533271789551e-01,-5.388809833675622940e-03,3.071501255035400391e-01,5.547792315483093262e-01,-1.545224513392895460e-04,3.069448471069335938e-01,5.526860356330871582e-01,6.344137247651815414e-03,3.056760430335998535e-01,5.606388449668884277e-01,1.104654185473918915e-02
2.654628455638885498e-01,7.394765615463256836e-01,-1.932427977635597927e-07,2.142127901315689087e-01,7.271550893783569336e-01,4.769913852214813232e-03,1.789398491382598877e-01,6.896852850914001465e-01,6.213665939867496490e-03,1.677218973636627197e-01,6.396924853324890137e-01,7.875175215303897858e-03,1.754239350557327271e-01,6.105365157127380371e-01,1.273304503411054611e-02,2.059445232152938843e-01,5.866864323616027832e-01,1.472015283070504665e-04,2.034637331962585449e-01,5.169088840484619141e-01,4.104505293071269989e-03,2.062936872243881226e-01,5.284364223480224609e-01,1.013615727424621582e-02,2.095897793769836426e-01,5.554672479629516602e-01,1.557759847491979599e-02,2.437706589698791504e-01,5.765865445137023926e-01,-1.558799180202186108e-03,2.410235255956649780e-01,5.060759186744689941e-01,6.938336417078971863e-03,2.402260154485702515e-01,5.144030451774597168e-01,1.490417867898941040e-02,2.389506101608276367e-01,5.372513532638549805e-01,2.022641152143478394e-02,2.758777141571044922e-01,5.819255709648132324e-01,-2.380715915933251381e-03,2.745736837387084961e-01,5.157349109649658203e-01,6.032342556864023209e-03,2.716802656650543213e-01,5.131167173385620117e-01,1.381757482886314392e-02,2.674557566642761230e-01,5.254243612289428711e-01,1.747752726078033447e-02,3.031042218208312988e-01,5.986692905426025391e-01,-2.632340881973505020e-03,3.076982200145721436e-01,5.531876087188720703e-01,2.777195768430829048e-03,3.092053830623626709e-01,5.396559238433837891e-01,8.490303531289100647e-03,3.083133399486541748e-01,5.354046821594238281e-01,1.306597050279378891e-02
2.645593881607055664e-01,7.383948564529418945e-01,-6.751700709628494224e-08,2.140211462974548340e-01,7.244542241096496582e-01,1.395299914292991161e-03,1.806657016277313232e-01,6.908614039421081543e-01,4.412730922922492027e-04,1.655549108982086182e-01,6.496685147285461426e-01,-1.279159769183024764e-04,1.661919355392456055e-01,6.176151037216186523e-01,2.049901057034730911e-03,2.084938585758209229e-01,5.883352160453796387e-01,-1.925038290210068226e-03,2.005491405725479126e-01,5.153434872627258301e-01,-5.577853880822658539e-04,2.043628394603729248e-01,5.138849020004272461e-01,3.382046008482575417e-03,2.086652368307113647e-01,5.325735807418823242e-01,8.074373006820678711e-03,2.435994595289230347e-01,5.771121978759765625e-01,-2.774935914203524590e-03,2.390819787979125977e-01,5.067284703254699707e-01,5.247884895652532578e-03,2.399670630693435669e-01,5.000591278076171875e-01,1.097563747316598892e-02,2.398694604635238647e-01,5.111298561096191406e-01,1.452743262052536011e-02,2.743354737758636475e-01,5.817531347274780273e-01,-3.456874284893274307e-03,2.723462581634521484e-01,5.193634033203125000e-01,3.745269495993852615e-03,2.708622217178344727e-01,5.035476684570312500e-01,8.039178326725959778e-03,2.671026885509490967e-01,5.035732984542846680e-01,9.457780048251152039e-03,3.004475235939025879e-01,5.978871583938598633e-01,-3.793344832956790924e-03,3.080518841743469238e-01,5.564128160476684570e-01,1.423920504748821259e-03,3.120589852333068848e-01,5.383445024490356445e-01,6.018212065100669861e-03,3.129136860370635986e-01,5.295339226722717285e-01,9.755292907357215881e-03
2.636127769947052002e-01,7.346472740173339844e-01,7.064806961665226481e-09,2.144673168659210205e-01,7.220419049263000488e-01,1.079331617802381516e-03,1.817868649959564209e-01,6.878616809844970703e-01,6.414658855646848679e-04,1.658495664596557617e-01,6.497371196746826172e-01,1.687725161900743842e-04,1.613834798336029053e-01,6.193082928657531738e-01,2.087775385007262230e-03,2.061014175415039062e-01,5.826040506362915039e-01,1.620477181859314442e-03,1.996567994356155396e-01,5.106466412544250488e-01,-2.552433870732784271e-04,2.036852538585662842e-01,5.025289058685302734e-01,-1.571600587340071797e-04,2.069400250911712646e-01,5.166553854942321777e-01,2.548349089920520782e-03,2.406499534845352173e-01,5.708218812942504883e-01,2.887120062950998545e-04,2.361375391483306885e-01,5.007173418998718262e-01,6.369651295244693756e-03,2.374766319990158081e-01,4.848956167697906494e-01,1.029539853334426880e-02,2.375600188970565796e-01,4.900473356246948242e-01,1.341442484408617020e-02,2.717729806900024414e-01,5.757949352264404297e-01,-1.619463204406201839e-03,2.702819705009460449e-01,5.151947140693664551e-01,4.433915484696626663e-03,2.692568600177764893e-01,4.938134551048278809e-01,7.767285220324993134e-03,2.660528123378753662e-01,4.892050027847290039e-01,9.281256236135959625e-03,2.988017797470092773e-01,5.938230156898498535e-01,-3.550452413037419319e-03,3.090255856513977051e-01,5.564888715744018555e-01,6.578651373274624348e-04,3.141510784626007080e-01,5.360176563262939453e-01,4.290678538382053375e-03,3.165973722934722900e-01,5.243284702301025391e-01,8.030730299651622772e-03
2.620919048786163330e-01,7.345266342163085938e-01,7.762383802401018329e-08,2.133723646402359009e-01,7.207196950912475586e-01,1.251948764547705650e-03,1.810852736234664917e-01,6.851588487625122070e-01,1.560350414365530014e-03,1.648266315460205078e-01,6.481280922889709473e-01,1.369500532746315002e-03,1.557605564594268799e-01,6.183250546455383301e-01,2.994848880916833878e-03,2.070122659206390381e-01,5.792689919471740723e-01,5.927136633545160294e-03,1.970476806163787842e-01,5.104243159294128418e-01,3.459586529061198235e-03,1.992778331041336060e-01,4.936153292655944824e-01,1.614125561900436878e-03,2.040707468986511230e-01,4.972616434097290039e-01,2.878113882616162300e-03,2.403815984725952148e-01,5.681595206260681152e-01,3.781584091484546661e-03,2.363773882389068604e-01,5.013452172279357910e-01,9.507335722446441650e-03,2.391980141401290894e-01,4.754727780818939209e-01,1.160328183323144913e-02,2.426595836877822876e-01,4.678656458854675293e-01,1.333364006131887436e-02,2.711093723773956299e-01,5.740115046501159668e-01,4.845237417612224817e-04,2.705383002758026123e-01,5.192223191261291504e-01,4.468779545277357101e-03,2.718661129474639893e-01,4.914674162864685059e-01,5.516801960766315460e-03,2.722767889499664307e-01,4.794387221336364746e-01,6.128117442131042480e-03,2.992190420627593994e-01,5.903634428977966309e-01,-2.856653649359941483e-03,3.110911250114440918e-01,5.516470670700073242e-01,3.016248811036348343e-04,3.182311058044433594e-01,5.286427736282348633e-01,3.358280286192893982e-03,3.233835101127624512e-01,5.141238570213317871e-01,6.946080829948186874e-03
2.606029212474822998e-01,7.298592925071716309e-01,1.552170090235449607e-07,2.139718830585479736e-01,7.159913778305053711e-01,-2.079698024317622185e-03,1.826552450656890869e-01,6.795671582221984863e-01,-3.381870221346616745e-03,1.657491922378540039e-01,6.442025899887084961e-01,-4.908414091914892197e-03,1.519460082054138184e-01,6.183018088340759277e-01,-5.428096279501914978e-03,2.077482789754867554e-01,5.757243037223815918e-01,8.220322197303175926e-04,1.963645815849304199e-01,5.110946893692016602e-01,-3.282794496044516563e-03,1.979061663150787354e-01,4.857023656368255615e-01,-6.817839574068784714e-03,2.030563503503799438e-01,4.761643409729003906e-01,-7.731935009360313416e-03,2.399036139249801636e-01,5.625103712081909180e-01,-1.696052146144211292e-03,2.344981580972671509e-01,4.937624931335449219e-01,2.596258418634533882e-04,2.377623617649078369e-01,4.617052674293518066e-01,-3.605485544539988041e-04,2.441395670175552368e-01,4.484252333641052246e-01,-5.870111053809523582e-04,2.711573243141174316e-01,5.669043064117431641e-01,-5.462774075567722321e-03,2.700153589248657227e-01,5.049569606781005859e-01,-5.340391770005226135e-03,2.711437940597534180e-01,4.743976891040802002e-01,-7.585687562823295593e-03,2.731881141662597656e-01,4.590419530868530273e-01,-9.287856519222259521e-03,3.001714646816253662e-01,5.837346315383911133e-01,-9.503233246505260468e-03,3.137959241867065430e-01,5.433360338211059570e-01,-1.032547187060117722e-02,3.210491240024566650e-01,5.172464847564697266e-01,-1.070753112435340881e-02,3.277438879013061523e-01,4.990872442722320557e-01,-9.767813608050346375e-03
2.563944458961486816e-01,7.290420532226562500e-01,2.160095817771434668e-07,2.124067246913909912e-01,7.145889401435852051e-01,-5.064045079052448273e-03,1.815405189990997314e-01,6.780501008033752441e-01,-8.290790952742099762e-03,1.641206443309783936e-01,6.442219018936157227e-01,-1.189621072262525558e-02,1.489198058843612671e-01,6.224742531776428223e-01,-1.522643677890300751e-02,2.094611227512359619e-01,5.722045302391052246e-01,-9.502620669081807137e-04,1.974721848964691162e-01,5.112621784210205078e-01,-5.227553658187389374e-03,1.970506310462951660e-01,4.805672466754913330e-01,-1.072948705404996872e-02,2.003632336854934692e-01,4.597961902618408203e-01,-1.477590389549732208e-02,2.391324341297149658e-01,5.587642788887023926e-01,-4.623280372470617294e-03,2.339834272861480713e-01,4.883310794830322266e-01,-4.312974400818347931e-03,2.352535128593444824e-01,4.482890963554382324e-01,-8.424748666584491730e-03,2.404162138700485229e-01,4.213269352912902832e-01,-1.263242680579423904e-02,2.700746357440948486e-01,5.621411204338073730e-01,-9.855538606643676758e-03,2.699684202671051025e-01,4.943509101867675781e-01,-1.302979514002799988e-02,2.705207169055938721e-01,4.566493034362792969e-01,-2.018107473850250244e-02,2.726891040802001953e-01,4.305816292762756348e-01,-2.632227167487144470e-02,2.999713420867919922e-01,5.786106586456298828e-01,-1.561819296330213547e-02,3.174870014190673828e-01,5.331791043281555176e-01,-2.021453343331813812e-02,3.274008333683013916e-01,5.037253499031066895e-01,-2.406181395053863525e-02,3.368360996246337891e-01,4.803218841552734375e-01,-2.671463973820209503e-02
2.560805082321166992e-01,7.260274291038513184e-01,2.504440033135324484e-07,2.110967785120010376e-01,7.109988331794738770e-01,-3.660433460026979446e-03,1.810470521450042725e-01,6.742370724678039551e-01,-7.322214078158140182e-03,1.619451642036437988e-01,6.405016779899597168e-01,-1.118163112550973892e-02,1.436646878719329834e-01,6.215563416481018066e-01,-1.551223732531070709e-02,2.102501690387725830e-01,5.717881917953491211e-01,-5.971651989966630936e-03,1.967833191156387329e-01,5.053606629371643066e-01,-1.066959556192159653e-02,1.958081573247909546e-01,4.702674448490142822e-01,-1.518429256975650787e-02,1.988890171051025391e-01,4.446713924407958984e-01,-1.864373311400413513e-02,2.400137037038803101e-01,5.584971308708190918e-01,-1.042923238128423691e-02,2.326926141977310181e-01,4.787067472934722900e-01,-1.225183345377445221e-02,2.324249744415283203e-01,4.332051575183868408e-01,-1.696302182972431183e-02,2.362549453973770142e-01,4.019895792007446289e-01,-2.135554887354373932e-02,2.709733247756958008e-01,5.625547170639038086e-01,-1.566340215504169464e-02,2.723406553268432617e-01,4.857565462589263916e-01,-2.182307094335556030e-02,2.735986709594726562e-01,4.409525692462921143e-01,-3.167705237865447998e-02,2.758179903030395508e-01,4.098655581474304199e-01,-3.935193642973899841e-02,3.009871840476989746e-01,5.788168311119079590e-01,-2.070040628314018250e-02,3.230264484882354736e-01,5.284594893455505371e-01,-2.832521684467792511e-02,3.352342844009399414e-01,4.951639473438262939e-01,-3.438891097903251648e-02,3.454387784004211426e-01,4.679023921489715576e-01,-3.859592601656913757e-02
2.548438906669616699e-01,7.248993515968322754e-01,2.412017465758253820e-07,2.097370922565460205e-01,7.073527574539184570e-01,-1.730047166347503662e-03,1.802022904157638550e-01,6.698147058486938477e-01,-5.287670064717531204e-03,1.601574718952178955e-01,6.373351216316223145e-01,-9.270155802369117737e-03,1.412135064601898193e-01,6.203687787055969238e-01,-1.431064680218696594e-02,2.104215919971466064e-01,5.689425468444824219e-01,-8.865110576152801514e-03,1.957513988018035889e-01,4.986833631992340088e-01,-1.463242713361978531e-02,1.931428015232086182e-01,4.604190587997436523e-01,-1.901003159582614899e-02,1.945152580738067627e-01,4.320147633552551270e-01,-2.217857725918292999e-02,2.405843734741210938e-01,5.567507147789001465e-01,-1.450177188962697983e-02,2.324424833059310913e-01,4.733368158340454102e-01,-1.813530735671520233e-02,2.310003787279129028e-01,4.258067607879638672e-01,-2.314531430602073669e-02,2.331307083368301392e-01,3.919545412063598633e-01,-2.762279659509658813e-02,2.712763845920562744e-01,5.610784292221069336e-01,-2.042465098202228546e-02,2.737303376197814941e-01,4.818462729454040527e-01,-2.857339382171630859e-02,2.747830152511596680e-01,4.348808526992797852e-01,-3.927017003297805786e-02,2.762321233749389648e-01,4.020265340805053711e-01,-4.723605141043663025e-02,3.002964854240417480e-01,5.771411657333374023e-01,-2.572640776634216309e-02,3.248285055160522461e-01,5.236893892288208008e-01,-3.533073142170906067e-02,3.395911753177642822e-01,4.886302351951599121e-01,-4.229465499520301819e-02,3.519806861877441406e-01,4.593495428562164307e-01,-4.696950316429138184e-02
2.504184842109680176e-01,7.238415479660034180e-01,2.414892605884233490e-07,2.066762447357177734e-01,7.045696973800659180e-01,-2.701341407373547554e-03,1.784981936216354370e-01,6.656591296195983887e-01,-6.657768040895462036e-03,1.584958136081695557e-01,6.346975564956665039e-01,-1.133699994534254074e-02,1.386481225490570068e-01,6.209102869033813477e-01,-1.737905293703079224e-02,2.106535881757736206e-01,5.651393532752990723e-01,-8.507662452757358551e-03,1.968473643064498901e-01,4.959397912025451660e-01,-1.573271490633487701e-02,1.921592652797698975e-01,4.555771648883819580e-01,-2.167266979813575745e-02,1.906743347644805908e-01,4.247271418571472168e-01,-2.620154060423374176e-02,2.398378401994705200e-01,5.537534952163696289e-01,-1.522918138653039932e-02,2.330368012189865112e-01,4.701492488384246826e-01,-2.091164886951446533e-02,2.302343845367431641e-01,4.205750823020935059e-01,-2.775345556437969208e-02,2.296352982521057129e-01,3.842548131942749023e-01,-3.343811631202697754e-02,2.698132693767547607e-01,5.592456459999084473e-01,-2.254644408822059631e-02,2.736906707286834717e-01,4.791213572025299072e-01,-3.270603716373443604e-02,2.746703624725341797e-01,4.298839271068572998e-01,-4.493431746959686279e-02,2.755039930343627930e-01,3.940236568450927734e-01,-5.390875786542892456e-02,2.985735833644866943e-01,5.769766569137573242e-01,-2.940119802951812744e-02,3.259193301200866699e-01,5.243350267410278320e-01,-4.092100635170936584e-02,3.419175744056701660e-01,4.878475069999694824e-01,-4.919223114848136902e-02,3.549596667289733887e-01,4.568322300910949707e-01,-5.489961802959442139e-02
2.493039369583129883e-01,7.223343849182128906e-01,2.666098168901953613e-07,2.093920111656188965e-01,7.032130360603332520e-01,-9.822905063629150391e-03,1.793154925107955933e-01,6.640070080757141113e-01,-1.665869355201721191e-02,1.569802016019821167e-01,6.363912820816040039e-01,-2.359361015260219574e-02,1.348340958356857300e-01,6.265441179275512695e-01,-3.145300224423408508e-02,2.105842977762222290e-01,5.574221611022949219e-01,-1.124144159257411957e-02,1.956570893526077271e-01,4.903509616851806641e-01,-2.118086814880371094e-02,1.895992755889892578e-01,4.491559863090515137e-01,-2.996017783880233765e-02,1.869457364082336426e-01,4.173581302165985107e-01,-3.680845722556114197e-02,2.397859990596771240e-01,5.451752543449401855e-01,-1.666919887065887451e-02,2.320143878459930420e-01,4.641227126121520996e-01,-2.522342652082443237e-02,2.282735854387283325e-01,4.151565432548522949e-01,-3.434970229864120483e-02,2.263692319393157959e-01,3.782427310943603516e-01,-4.147753119468688965e-02,2.700895369052886963e-01,5.509820580482482910e-01,-2.375623583793640137e-02,2.741267085075378418e-01,4.713042080402374268e-01,-3.612740710377693176e-02,2.742571234703063965e-01,4.244542121887207031e-01,-4.888816922903060913e-02,2.742515802383422852e-01,3.886439800262451172e-01,-5.814564600586891174e-02,2.998010218143463135e-01,5.709537267684936523e-01,-3.137320280075073242e-02,3.272283673286437988e-01,5.217453241348266602e-01,-4.479042813181877136e-02,3.428081274032592773e-01,4.856274127960205078e-01,-5.393157899379730225e-02,3.556703329086303711e-01,4.537259638309478760e-01,-6.024115160107612610e-02
2.498801946640014648e-01,7.205598354339599609e-01,2.593529870864585973e-07,2.099233418703079224e-01,7.009346485137939453e-01,-1.103568356484174728e-02,1.790395528078079224e-01,6.629571914672851562e-01,-1.956171356141567230e-02,1.539641469717025757e-01,6.358984112739562988e-01,-2.793566696345806122e-02,1.288447976112365723e-01,6.290775537490844727e-01,-3.742381930351257324e-02,2.129323631525039673e-01,5.568969845771789551e-01,-1.558179222047328949e-02,1.970213651657104492e-01,4.873459935188293457e-01,-2.632937021553516388e-02,1.896337866783142090e-01,4.441142380237579346e-01,-3.541534766554832458e-02,1.856480836868286133e-01,4.104584157466888428e-01,-4.254490137100219727e-02,2.420817166566848755e-01,5.447502136230468750e-01,-2.024564705789089203e-02,2.329600304365158081e-01,4.620366096496582031e-01,-2.907544933259487152e-02,2.287161797285079956e-01,4.126801490783691406e-01,-3.786306455731391907e-02,2.267324328422546387e-01,3.756303787231445312e-01,-4.504968225955963135e-02,2.722490429878234863e-01,5.504016876220703125e-01,-2.637103945016860962e-02,2.739312648773193359e-01,4.686102569103240967e-01,-3.886424377560615540e-02,2.729988992214202881e-01,4.210656285285949707e-01,-5.153380334377288818e-02,2.719537019729614258e-01,3.855612874031066895e-01,-6.095660850405693054e-02,3.020331561565399170e-01,5.691858530044555664e-01,-3.305865451693534851e-02,3.286036550998687744e-01,5.195215344429016113e-01,-4.675545915961265564e-02,3.442111611366271973e-01,4.838779866695404053e-01,-5.609175562858581543e-02,3.569276332855224609e-01,4.527276158332824707e-01,-6.264081597328186035e-02
2.535519003868103027e-01,7.243018746376037598e-01,2.462338670738972723e-07,2.116698175668716431e-01,7.027095556259155273e-01,-1.023150235414505005e-02,1.792032718658447266e-01,6.622835397720336914e-01,-1.821657083928585052e-02,1.520002484321594238e-01,6.351220607757568359e-01,-2.602248825132846832e-02,1.262782365083694458e-01,6.290308833122253418e-01,-3.480095788836479187e-02,2.144525796175003052e-01,5.563359856605529785e-01,-1.382108125835657120e-02,1.978201419115066528e-01,4.860372841358184814e-01,-2.379876188933849335e-02,1.891874969005584717e-01,4.418521523475646973e-01,-3.224001824855804443e-02,1.838715225458145142e-01,4.080000519752502441e-01,-3.894773498177528381e-02,2.433206588029861450e-01,5.445077419281005859e-01,-1.846272870898246765e-02,2.334974557161331177e-01,4.621185362339019775e-01,-2.651839330792427063e-02,2.282168120145797729e-01,4.127384424209594727e-01,-3.443634137511253357e-02,2.253073900938034058e-01,3.761384785175323486e-01,-4.093466699123382568e-02,2.732350528240203857e-01,5.506466627120971680e-01,-2.460458688437938690e-02,2.742841243743896484e-01,4.686158299446105957e-01,-3.639376908540725708e-02,2.723017632961273193e-01,4.208971560001373291e-01,-4.835209995508193970e-02,2.703783512115478516e-01,3.853992223739624023e-01,-5.715834721922874451e-02,3.031395673751831055e-01,5.695775151252746582e-01,-3.126081451773643494e-02,3.288432359695434570e-01,5.182934403419494629e-01,-4.430940747261047363e-02,3.436942696571350098e-01,4.821114242076873779e-01,-5.312963202595710754e-02,3.556332290172576904e-01,4.503410160541534424e-01,-5.922034755349159241e-02
2.548880577087402344e-01,7.255430221557617188e-01,2.379312462608140777e-07,2.119691222906112671e-01,7.024365067481994629e-01,-8.914538659155368805e-03,1.801290214061737061e-01,6.617241501808166504e-01,-1.631022244691848755e-02,1.521238982677459717e-01,6.348082423210144043e-01,-2.363681234419345856e-02,1.251969039440155029e-01,6.306604743003845215e-01,-3.224387392401695251e-02,2.172171622514724731e-01,5.574146509170532227e-01,-1.403520721942186356e-02,1.999374330043792725e-01,4.854595065116882324e-01,-2.388699725270271301e-02,1.908475756645202637e-01,4.410692453384399414e-01,-3.208432719111442566e-02,1.851911842823028564e-01,4.071548581123352051e-01,-3.855112940073013306e-02,2.459369301795959473e-01,5.462808609008789062e-01,-1.887582801282405853e-02,2.355663776397705078e-01,4.621304869651794434e-01,-2.691831253468990326e-02,2.300266623497009277e-01,4.118533432483673096e-01,-3.492210060358047485e-02,2.268962413072586060e-01,3.744811117649078369e-01,-4.152179509401321411e-02,2.756471633911132812e-01,5.520744323730468750e-01,-2.494444139301776886e-02,2.750299274921417236e-01,4.685560762882232666e-01,-3.691415488719940186e-02,2.725078165531158447e-01,4.189023375511169434e-01,-4.967415332794189453e-02,2.701907753944396973e-01,3.821444511413574219e-01,-5.910312011837959290e-02,3.047766387462615967e-01,5.703851580619812012e-01,-3.128388151526451111e-02,3.300176858901977539e-01,5.188550949096679688e-01,-4.479595273733139038e-02,3.450180292129516602e-01,4.824948906898498535e-01,-5.434423312544822693e-02,3.572014570236206055e-01,4.513138234615325928e-01,-6.102690473198890686e-02
2.558015584945678711e-01,7.272702455520629883e-01,2.431571601846371777e-07,2.129857838153839111e-01,7.031422853469848633e-01,-1.044996269047260284e-02,1.805225312709808350e-01,6.621764898300170898e-01,-1.873707398772239685e-02,1.512325853109359741e-01,6.357782483100891113e-01,-2.686036936938762665e-02,1.234018579125404358e-01,6.311104297637939453e-01,-3.613677620887756348e-02,2.178999334573745728e-01,5.581088066101074219e-01,-1.473036780953407288e-02,2.009433507919311523e-01,4.858129024505615234e-01,-2.505946159362792969e-02,1.916723698377609253e-01,4.407398104667663574e-01,-3.377990052103996277e-02,1.856754124164581299e-01,4.064252674579620361e-01,-4.069641232490539551e-02,2.470647990703582764e-01,5.465230345726013184e-01,-1.925922185182571411e-02,2.368423789739608765e-01,4.630804061889648438e-01,-2.769592218101024628e-02,2.311766147613525391e-01,4.127179384231567383e-01,-3.614500164985656738e-02,2.277573198080062866e-01,3.755998611450195312e-01,-4.311269149184226990e-02,2.772535085678100586e-01,5.521605610847473145e-01,-2.522532083094120026e-02,2.764482796192169189e-01,4.687905907630920410e-01,-3.743890672922134399e-02,2.735356986522674561e-01,4.195607602596282959e-01,-5.019458383321762085e-02,2.707965970039367676e-01,3.830925226211547852e-01,-5.966052785515785217e-02,3.069137930870056152e-01,5.706987380981445312e-01,-3.166066482663154602e-02,3.316221833229064941e-01,5.193800926208496094e-01,-4.530246928334236145e-02,3.464113473892211914e-01,4.830316901206970215e-01,-5.478702485561370850e-02,3.585614562034606934e-01,4.519270658493041992e-01,-6.142796576023101807e-02
2.559168040752410889e-01,7.304717302322387695e-01,2.506904763777129119e-07,2.133920192718505859e-01,7.055881619453430176e-01,-1.279338449239730835e-02,1.790334284305572510e-01,6.629523634910583496e-01,-2.157293446362018585e-02,1.492501199245452881e-01,6.365281939506530762e-01,-3.028620406985282898e-02,1.208927780389785767e-01,6.319797635078430176e-01,-4.004095122218132019e-02,2.195577770471572876e-01,5.576710104942321777e-01,-1.386472024023532867e-02,2.024828642606735229e-01,4.879576861858367920e-01,-2.540724165737628937e-02,1.934849619865417480e-01,4.447687566280364990e-01,-3.554211184382438660e-02,1.874272525310516357e-01,4.111668765544891357e-01,-4.361456632614135742e-02,2.480309009552001953e-01,5.470147132873535156e-01,-1.861515082418918610e-02,2.392010688781738281e-01,4.651403129100799561e-01,-2.889569289982318878e-02,2.340709418058395386e-01,4.158243238925933838e-01,-3.883250802755355835e-02,2.302837073802947998e-01,3.787249326705932617e-01,-4.668720811605453491e-02,2.773799002170562744e-01,5.527274608612060547e-01,-2.548394910991191864e-02,2.773834168910980225e-01,4.710636138916015625e-01,-3.939310461282730103e-02,2.746621370315551758e-01,4.236197471618652344e-01,-5.286922305822372437e-02,2.714666426181793213e-01,3.872800767421722412e-01,-6.266760826110839844e-02,3.069142103195190430e-01,5.721077919006347656e-01,-3.324449062347412109e-02,3.321911692619323730e-01,5.211278796195983887e-01,-4.782895371317863464e-02,3.470268845558166504e-01,4.854117333889007568e-01,-5.790814757347106934e-02,3.585659861564636230e-01,4.549133181571960449e-01,-6.513225287199020386e-02
2.557449936866760254e-01,7.302696704864501953e-01,2.391962254932877840e-07,2.133687734603881836e-01,7.044296264648437500e-01,-1.011823397129774094e-02,1.792056858539581299e-01,6.617860198020935059e-01,-1.754447817802429199e-02,1.486016362905502319e-01,6.361787915229797363e-01,-2.512173540890216827e-02,1.206108555197715759e-01,6.321074962615966797e-01,-3.380713984370231628e-02,2.211140543222427368e-01,5.580414533615112305e-01,-1.153409853577613831e-02,2.034196555614471436e-01,4.884594678878784180e-01,-2.114197239279747009e-02,1.947323083877563477e-01,4.461602866649627686e-01,-2.969519048929214478e-02,1.892351359128952026e-01,4.135785400867462158e-01,-3.665531054139137268e-02,2.492349147796630859e-01,5.467399358749389648e-01,-1.650069467723369598e-02,2.400851994752883911e-01,4.649707973003387451e-01,-2.479527518153190613e-02,2.354568839073181152e-01,4.157232046127319336e-01,-3.360503166913986206e-02,2.325444370508193970e-01,3.794227838516235352e-01,-4.080187529325485229e-02,2.783127725124359131e-01,5.520334839820861816e-01,-2.324099093675613403e-02,2.787412106990814209e-01,4.703402817249298096e-01,-3.599787503480911255e-02,2.769123911857604980e-01,4.211707711219787598e-01,-4.985307157039642334e-02,2.748410701751708984e-01,3.840439915657043457e-01,-6.002753973007202148e-02,3.072133064270019531e-01,5.708827376365661621e-01,-3.046290203928947449e-02,3.333194553852081299e-01,5.213481187820434570e-01,-4.459931701421737671e-02,3.490274846553802490e-01,4.856899976730346680e-01,-5.494821816682815552e-02,3.614705801010131836e-01,4.551468193531036377e-01,-6.236907467246055603e-02
2.544087469577789307e-01,7.319200038909912109e-01,2.391331292983522872e-07,2.131388932466506958e-01,7.051966190338134766e-01,-1.156048849225044250e-02,1.795752942562103271e-01,6.616370081901550293e-01,-1.982859335839748383e-02,1.493850946426391602e-01,6.355875730514526367e-01,-2.848630398511886597e-02,1.213580965995788574e-01,6.311313509941101074e-01,-3.817056119441986084e-02,2.206457704305648804e-01,5.559489130973815918e-01,-1.031100191175937653e-02,2.040089219808578491e-01,4.885169863700866699e-01,-2.105963602662086487e-02,1.948294341564178467e-01,4.463741779327392578e-01,-3.121973946690559387e-02,1.887403428554534912e-01,4.136273264884948730e-01,-3.947202116250991821e-02,2.483900636434555054e-01,5.450622439384460449e-01,-1.575387455523014069e-02,2.400039732456207275e-01,4.651917219161987305e-01,-2.525255084037780762e-02,2.354610860347747803e-01,4.163721799850463867e-01,-3.523827344179153442e-02,2.325796335935592651e-01,3.795529305934906006e-01,-4.318766295909881592e-02,2.774497866630554199e-01,5.510284900665283203e-01,-2.338783629238605499e-02,2.783306539058685303e-01,4.699049293994903564e-01,-3.695155680179595947e-02,2.768956720829010010e-01,4.215705394744873047e-01,-5.066930502653121948e-02,2.753356099128723145e-01,3.840635716915130615e-01,-6.068072468042373657e-02,3.067514896392822266e-01,5.714465975761413574e-01,-3.185844793915748596e-02,3.323119282722473145e-01,5.210726261138916016e-01,-4.623929038643836975e-02,3.481410145759582520e-01,4.855982065200805664e-01,-5.607661604881286621e-02,3.609683215618133545e-01,4.550759494304656982e-01,-6.311397254467010498e-02
2.546187043190002441e-01,7.324588298797607422e-01,2.472236531048110919e-07,2.131429016590118408e-01,7.051985263824462891e-01,-1.284898817539215088e-02,1.796733736991882324e-01,6.619820594787597656e-01,-2.184178866446018219e-02,1.494134962558746338e-01,6.356551647186279297e-01,-3.084523417055606842e-02,1.215384081006050110e-01,6.315437555313110352e-01,-4.083253443241119385e-02,2.217513322830200195e-01,5.583207607269287109e-01,-1.287799514830112457e-02,2.049877047538757324e-01,4.893821477890014648e-01,-2.438490651547908783e-02,1.961299926042556763e-01,4.464639723300933838e-01,-3.486540168523788452e-02,1.904915273189544678e-01,4.130754470825195312e-01,-4.320674762129783630e-02,2.496706247329711914e-01,5.476382970809936523e-01,-1.764220371842384338e-02,2.403478324413299561e-01,4.661816954612731934e-01,-2.793090231716632843e-02,2.359631508588790894e-01,4.166679382324218750e-01,-3.816133365035057068e-02,2.334920167922973633e-01,3.791872859001159668e-01,-4.624032601714134216e-02,2.785036861896514893e-01,5.536177158355712891e-01,-2.458979561924934387e-02,2.790538668632507324e-01,4.713711738586425781e-01,-3.873863071203231812e-02,2.780237197875976562e-01,4.228429794311523438e-01,-5.247633531689643860e-02,2.769621312618255615e-01,3.856886029243469238e-01,-6.235198676586151123e-02,3.072745501995086670e-01,5.734662413597106934e-01,-3.243637830018997192e-02,3.328344523906707764e-01,5.223482847213745117e-01,-4.716032370924949646e-02,3.486990034580230713e-01,4.864398241043090820e-01,-5.710291489958763123e-02,3.614487051963806152e-01,4.558197259902954102e-01,-6.412949413061141968e-02
