0.000000000000000000e+00,0.000000000000000000e+00,0.000000000000000000e+00,-4.315268993377685547e-02,-5.277436971664428711e-02,-4.285803223245920890e-02,-7.501888275146484375e-02,-1.363661289215087891e-01,-5.452482188337626212e-02,-9.662592411041259766e-02,-2.004392743110656738e-01,-5.905601168268503898e-02,-1.031684875488281250e-01,-2.583667635917663574e-01,-5.966726849072756522e-02,-5.827760696411132812e-02,-2.532387971878051758e-01,-1.977672400170149558e-02,-7.282274961471557617e-02,-3.668974936008453369e-01,-3.202184448235811942e-02,-8.210444450378417969e-02,-4.359530806541442871e-01,-4.496413255327524894e-02,-9.006893634796142578e-02,-4.903681576251983643e-01,-5.326161692136111014e-02,-2.978634834289550781e-02,-2.572627067565917969e-01,-3.834677117254159384e-03,-3.651314973831176758e-02,-3.700674772262573242e-01,-5.291992521222255164e-03,-4.498314857482910156e-02,-4.407935142517089844e-01,-1.119912015491308921e-02,-5.447095632553100586e-02,-4.912288784980773926e-01,-1.570434095555128806e-02,-4.266500473022460938e-04,-2.420245409011840820e-01,6.645540984038689203e-03,-6.232082843780517578e-03,-3.362542390823364258e-01,1.002178834534106500e-02,-1.221740245819091797e-02,-3.943148255348205566e-01,7.886992113355972833e-03,-1.912450790405273438e-02,-4.397200345993041992e-01,4.339023304794409341e-03,2.873718738555908203e-02,-2.120731472969055176e-01,1.159491603976903207e-02,3.208512067794799805e-02,-2.718265652656555176e-01,1.711784517175374276e-02,3.037428855895996094e-02,-3.083907067775726318e-01,2.011209567791638619e-02,2.936196327209472656e-02,-3.377819657325744629e-01,2.154587050682721383e-02
0.000000000000000000e+00,0.000000000000000000e+00,0.000000000000000000e+00,-4.004585742950439453e-02,-5.382937192916870117e-02,-3.700928228442990076e-02,-7.312965393066406250e-02,-1.410881876945495605e-01,-4.866700085347019922e-02,-9.328645467758178711e-02,-2.075210809707641602e-01,-5.515678065364681970e-02,-1.005830764770507812e-01,-2.681518793106079102e-01,-5.839035498445355188e-02,-5.378025770187377930e-02,-2.558724284172058105e-01,-1.997229667847477685e-02,-6.907486915588378906e-02,-3.674982190132141113e-01,-3.658737825696789514e-02,-7.861781120300292969e-02,-4.365566670894622803e-01,-5.127850385849797021e-02,-8.682477474212646484e-02,-4.926441609859466553e-01,-6.062523859088742029e-02,-2.706503868103027344e-02,-2.595805525779724121e-01,-1.017669054215275537e-02,-3.698384761810302734e-02,-3.731704056262969971e-01,-1.692749212031685602e-02,-4.248857498168945312e-02,-4.430776536464691162e-01,-2.423265787308537256e-02,-4.754769802093505859e-02,-4.964557588100433350e-01,-2.926044935827576410e-02,1.094937324523925781e-03,-2.437111139297485352e-01,-5.487236441126697173e-03,-6.990790367126464844e-03,-3.423050642013549805e-01,-8.197206319323413481e-03,-1.155555248260498047e-02,-4.023369252681732178e-01,-1.075007511769854318e-02,-1.662832498550415039e-02,-4.497059285640716553e-01,-1.395770280157648813e-02,3.068190813064575195e-02,-2.102286219596862793e-01,-5.715476595810287108e-03,3.275090456008911133e-02,-2.699062824249267578e-01,-5.577605464509360900e-03,3.130012750625610352e-02,-3.073955178260803223e-01,-3.557844799956910720e-03,3.014153242111206055e-02,-3.375906348228454590e-01,-2.323944601243965735e-03
0.000000000000000000e+00,0.000000000000000000e+00,0.000000000000000000e+00,-4.014384746551513672e-02,-5.282473564147949219e-02,-3.749392435253184885e-02,-7.269865274429321289e-02,-1.409612298011779785e-01,-4.884071529210132212e-02,-9.308528900146484375e-02,-2.069698572158813477e-01,-5.479226887524646372e-02,-1.003354787826538086e-01,-2.670065760612487793e-01,-5.742254734337848276e-02,-5.427598953247070312e-02,-2.546254396438598633e-01,-2.073754251301807017e-02,-6.912857294082641602e-02,-3.673621416091918945e-01,-3.726504251659434885e-02,-7.890635728836059570e-02,-4.371277093887329102e-01,-5.139963582456630320e-02,-8.728611469268798828e-02,-4.930275976657867432e-01,-6.017174825370830149e-02,-2.693563699722290039e-02,-2.592551708221435547e-01,-1.067730758637708277e-02,-3.717035055160522461e-02,-3.737380206584930420e-01,-1.800762929320853800e-02,-4.338192939758300781e-02,-4.446012973785400391e-01,-2.547502957582992167e-02,-4.927825927734375000e-02,-4.990378320217132568e-01,-3.034880265892070383e-02,1.629412174224853516e-03,-2.442692518234252930e-01,-5.707314445828615135e-03,-6.235182285308837891e-03,-3.424604535102844238e-01,-8.986542674904285377e-03,-1.071339845657348633e-02,-4.024129509925842285e-01,-1.171813600063842387e-02,-1.572322845458984375e-02,-4.506844878196716309e-01,-1.481665458828729243e-02,3.120607137680053711e-02,-2.117940187454223633e-01,-5.630403499310432380e-03,3.236430883407592773e-02,-2.722408175468444824e-01,-5.545553493504939979e-03,3.150659799575805664e-02,-3.092566132545471191e-01,-3.270565972854910797e-03,3.094285726547241211e-02,-3.394870162010192871e-01,-1.772042106097160286e-03
0.000000000000000000e+00,0.000000000000000000e+00,0.000000000000000000e+00,-4.036724567413330078e-02,-5.412459373474121094e-02,-3.977975783169540591e-02,-7.115715742111206055e-02,-1.454507112503051758e-01,-5.021528315961631961e-02,-9.126096963882446289e-02,-2.117182016372680664e-01,-5.456061450064453311e-02,-9.700107574462890625e-02,-2.713557481765747070e-01,-5.516810876548561282e-02,-5.166637897491455078e-02,-2.580527067184448242e-01,-1.808666040420803256e-02,-6.707292795181274414e-02,-3.705227673053741455e-01,-3.243800414026054568e-02,-7.752931118011474609e-02,-4.394510984420776367e-01,-4.583154035032066531e-02,-8.619797229766845703e-02,-4.948024749755859375e-01,-5.427318227708610721e-02,-2.480691671371459961e-02,-2.615141868591308594e-01,-5.266752776208249998e-03,-3.424257040023803711e-02,-3.763532638549804688e-01,-9.056225169899789762e-03,-4.021668434143066406e-02,-4.460780620574951172e-01,-1.493025173664364047e-02,-4.626381397247314453e-02,-4.988886713981628418e-01,-1.913166393757137484e-02,3.237962722778320312e-03,-2.454529404640197754e-01,1.995650834885509539e-03,-3.524243831634521484e-03,-3.448053896427154541e-01,2.162699836787851382e-03,-7.956147193908691406e-03,-4.040813148021697998e-01,3.873189143064337259e-04,-1.307016611099243164e-02,-4.517766833305358887e-01,-2.570571361559359502e-03,3.248471021652221680e-02,-2.128385305404663086e-01,3.959529816654594470e-03,3.457492589950561523e-02,-2.737297415733337402e-01,6.639430082884700823e-03,3.384196758270263672e-02,-3.110010027885437012e-01,9.366464118954809237e-03,3.351312875747680664e-02,-3.420501649379730225e-01,1.078874735861745648e-02
0.000000000000000000e+00,0.000000000000000000e+00,0.000000000000000000e+00,-3.647702932357788086e-02,-5.276328325271606445e-02,-4.404288608185424891e-02,-6.827247142791748047e-02,-1.406374573707580566e-01,-5.751484337798729030e-02,-9.093940258026123047e-02,-2.091187238693237305e-01,-6.436404291144981471e-02,-9.950679540634155273e-02,-2.720036506652832031e-01,-6.744568500272407618e-02,-5.259281396865844727e-02,-2.563205957412719727e-01,-2.276164929918422786e-02,-6.706714630126953125e-02,-3.694153428077697754e-01,-3.874141055695190516e-02,-7.658380270004272461e-02,-4.383956193923950195e-01,-5.306114706746711818e-02,-8.440798521041870117e-02,-4.940322339534759521e-01,-6.214553195587768641e-02,-2.603876590728759766e-02,-2.614293694496154785e-01,-8.746954459468270215e-03,-3.563904762268066406e-02,-3.773257136344909668e-01,-1.523193422309532252e-02,-4.148757457733154297e-02,-4.482054412364959717e-01,-2.242418270162715999e-02,-4.730910062789916992e-02,-5.018569827079772949e-01,-2.723908688477649775e-02,1.783311367034912109e-03,-2.463268041610717773e-01,-6.206142350606569380e-04,-4.522800445556640625e-03,-3.459936678409576416e-01,-3.044278906429553899e-03,-8.635818958282470703e-03,-4.050933718681335449e-01,-5.945606935540581617e-03,-1.349514722824096680e-02,-4.529190063476562500e-01,-9.335041824499512586e-03,3.034657239913940430e-02,-2.142965197563171387e-01,1.939189889696990576e-03,3.358036279678344727e-02,-2.742438912391662598e-01,2.685472754990314570e-03,3.364127874374389648e-02,-3.107542395591735840e-01,4.245648313542460528e-03,3.400963544845581055e-02,-3.407591879367828369e-01,5.004014972826098528e-03
0.000000000000000000e+00,0.000000000000000000e+00,0.000000000000000000e+00,-4.045486450195312500e-02,-5.478489398956298828e-02,-3.545726029554430170e-02,-7.382518053054809570e-02,-1.429771780967712402e-01,-4.567732600847307367e-02,-9.454083442687988281e-02,-2.081100940704345703e-01,-5.113424299636903925e-02,-1.023696064949035645e-01,-2.673141360282897949e-01,-5.329418121257845087e-02,-5.353391170501708984e-02,-2.577351331710815430e-01,-1.667895106950822992e-02,-6.962203979492187500e-02,-3.680947422981262207e-01,-3.209597183743539972e-02,-7.969027757644653320e-02,-4.360674917697906494e-01,-4.597741304317537470e-02,-8.844250440597534180e-02,-4.912491142749786377e-01,-5.485976798811975641e-02,-2.705287933349609375e-02,-2.618070244789123535e-01,-7.897948235068952272e-03,-3.765952587127685547e-02,-3.744576573371887207e-01,-1.433074133822742624e-02,-4.361879825592041016e-02,-4.448292553424835205e-01,-2.189028201976839227e-02,-4.887324571609497070e-02,-4.990805685520172119e-01,-2.711163400093141718e-02,6.635189056396484375e-04,-2.461473345756530762e-01,-4.309420794044171998e-03,-6.995916366577148438e-03,-3.424489498138427734e-01,-6.972376577351724336e-03,-1.114988327026367188e-02,-4.019613862037658691e-01,-1.032574786225382013e-02,-1.597690582275390625e-02,-4.498752355575561523e-01,-1.411059717068496866e-02,2.966248989105224609e-02,-2.128597497940063477e-01,-5.557584896479283998e-03,3.267771005630493164e-02,-2.713192701339721680e-01,-5.164934176747237871e-03,3.227978944778442383e-02,-3.080892860889434814e-01,-3.521378239412342737e-03,3.175336122512817383e-02,-3.380360603332519531e-01,-2.696571260486280153e-03
0.000000000000000000e+00,0.000000000000000000e+00,0.000000000000000000e+00,-4.050552845001220703e-02,-5.326044559478759766e-02,-3.979081813793072797e-02,-7.254868745803833008e-02,-1.409357786178588867e-01,-5.149234239559064008e-02,-9.363210201263427734e-02,-2.077980041503906250e-01,-5.733931962947735883e-02,-1.026694774627685547e-01,-2.689784169197082520e-01,-5.959850702981839277e-02,-5.379915237426757812e-02,-2.580341696739196777e-01,-1.964793693821320630e-02,-7.020056247711181641e-02,-3.694931566715240479e-01,-3.521813232998738386e-02,-8.086228370666503906e-02,-4.381312727928161621e-01,-4.946147058706173993e-02,-8.945059776306152344e-02,-4.938474595546722412e-01,-5.845146406988988019e-02,-2.688300609588623047e-02,-2.609254717826843262e-01,-7.649748721973992360e-03,-3.780674934387207031e-02,-3.741481304168701172e-01,-1.285792016039977170e-02,-4.394972324371337891e-02,-4.445569515228271484e-01,-1.945756901602635480e-02,-4.940885305404663086e-02,-4.978134334087371826e-01,-2.405989137093911268e-02,1.686632633209228516e-03,-2.444622516632080078e-01,-1.178290015900529397e-03,-5.866110324859619141e-03,-3.413135111331939697e-01,-2.237402038531399739e-03,-1.043814420700073242e-02,-4.005778133869171143e-01,-4.405544740961886419e-03,-1.554423570632934570e-02,-4.484872817993164062e-01,-7.503575315581656469e-03,3.134334087371826172e-02,-2.113175392150878906e-01,-7.425278340633667540e-06,3.352290391921997070e-02,-2.703703045845031738e-01,1.618795193849109637e-03,3.252303600311279297e-02,-3.066356778144836426e-01,3.955477712793253886e-03,3.197878599166870117e-02,-3.366298973560333252e-01,5.266571747256421077e-03
0.000000000000000000e+00,0.000000000000000000e+00,0.000000000000000000e+00,-4.191559553146362305e-02,-5.357831716537475586e-02,-4.057379445174547072e-02,-7.352846860885620117e-02,-1.423799991607666016e-01,-5.217675870397897597e-02,-9.370744228363037109e-02,-2.096278667449951172e-01,-5.771591147521348830e-02,-1.018385291099548340e-01,-2.717784643173217773e-01,-5.957080057004304763e-02,-5.517864227294921875e-02,-2.577840685844421387e-01,-1.944588875511499282e-02,-7.027339935302734375e-02,-3.694779276847839355e-01,-3.514339408019395705e-02,-8.037650585174560547e-02,-4.386404752731323242e-01,-4.970162740090700026e-02,-8.884119987487792969e-02,-4.946466982364654541e-01,-5.893316498139711257e-02,-2.739179134368896484e-02,-2.611354589462280273e-01,-6.897015554102381429e-03,-3.724533319473266602e-02,-3.756482601165771484e-01,-1.195919053742500182e-02,-4.281836748123168945e-02,-4.469972848892211914e-01,-1.861770084241243239e-02,-4.853439331054687500e-02,-5.015675723552703857e-01,-2.343127695957036849e-02,1.387417316436767578e-03,-2.445685863494873047e-01,-4.387428879226717982e-05,-5.712687969207763672e-03,-3.427678942680358887e-01,-1.267096084745844564e-03,-1.003664731979370117e-02,-4.022113978862762451e-01,-3.493691153096278867e-03,-1.514989137649536133e-02,-4.500757455825805664e-01,-6.629650538059195242e-03,3.159743547439575195e-02,-2.116121053695678711e-01,1.455795312097052374e-03,3.375661373138427734e-02,-2.719236612319946289e-01,2.836499539000669756e-03,3.264296054840087891e-02,-3.089672029018402100e-01,4.983431602624932566e-03,3.197735548019409180e-02,-3.399167358875274658e-01,6.106458547321835795e-03
0.000000000000000000e+00,0.000000000000000000e+00,0.000000000000000000e+00,-4.226791858673095703e-02,-5.280375480651855469e-02,-3.708026871422021031e-02,-7.553440332412719727e-02,-1.410728096961975098e-01,-4.831391141155449986e-02,-9.621042013168334961e-02,-2.075006961822509766e-01,-5.441840678790299535e-02,-1.044022440910339355e-01,-2.679947614669799805e-01,-5.730218381026475072e-02,-5.656194686889648438e-02,-2.557452321052551270e-01,-1.976987474003522038e-02,-7.247596979141235352e-02,-3.681974112987518311e-01,-3.690067991951195836e-02,-8.273613452911376953e-02,-4.378221035003662109e-01,-5.200281679967133641e-02,-9.138435125350952148e-02,-4.939841032028198242e-01,-6.150956765154091954e-02,-2.904635667800903320e-02,-2.600833177566528320e-01,-1.020977493712393880e-02,-3.927588462829589844e-02,-3.748938441276550293e-01,-1.728069164195744634e-02,-4.553043842315673828e-02,-4.460078775882720947e-01,-2.504603132942406774e-02,-5.165141820907592773e-02,-5.007111132144927979e-01,-3.041185938158719182e-02,2.455711364746093750e-05,-2.444748282432556152e-01,-5.852278660626097917e-03,-7.400572299957275391e-03,-3.435473144054412842e-01,-8.680250834316893815e-03,-1.164543628692626953e-02,-4.036665260791778564e-01,-1.149129063227860570e-02,-1.648104190826416016e-02,-4.519073367118835449e-01,-1.493596971371857762e-02,3.044164180755615234e-02,-2.106836438179016113e-01,-6.468107331187411546e-03,3.198170661926269531e-02,-2.707812786102294922e-01,-6.367138459921761751e-03,3.080165386199951172e-02,-3.079544901847839355e-01,-4.299518525243684053e-03,3.004002571105957031e-02,-3.385556936264038086e-01,-3.075678472981735467e-03
0.000000000000000000e+00,0.000000000000000000e+00,0.000000000000000000e+00,-4.228723049163818359e-02,-5.188030004501342773e-02,-3.502267154647142888e-02,-7.382464408874511719e-02,-1.408256292343139648e-01,-4.634243177963526250e-02,-9.385824203491210938e-02,-2.094140052795410156e-01,-5.320902096821100713e-02,-1.017650365829467773e-01,-2.703235149383544922e-01,-5.712754207445414067e-02,-5.498969554901123047e-02,-2.561130523681640625e-01,-1.903903412414820195e-02,-7.001471519470214844e-02,-3.697240352630615234e-01,-3.665795105291635991e-02,-8.007764816284179688e-02,-4.396523237228393555e-01,-5.201334061814577581e-02,-8.841824531555175781e-02,-4.958989024162292480e-01,-6.174708830906183721e-02,-2.724301815032958984e-02,-2.605819106101989746e-01,-1.111375002903969289e-02,-3.749269247055053711e-02,-3.763914704322814941e-01,-1.890301259948046209e-02,-4.359662532806396484e-02,-4.477937817573547363e-01,-2.723219546271593572e-02,-4.961156845092773438e-02,-5.023251473903656006e-01,-3.296112942291529180e-02,2.252161502838134766e-03,-2.451982498168945312e-01,-8.180125828516793263e-03,-5.889117717742919922e-03,-3.457450270652770996e-01,-1.178359727157385350e-02,-1.036500930786132812e-02,-4.066290259361267090e-01,-1.512477288736135961e-02,-1.586025953292846680e-02,-4.550552666187286377e-01,-1.893163214219839574e-02,3.295534849166870117e-02,-2.119882106781005859e-01,-9.963391560745549214e-03,3.514581918716430664e-02,-2.722380161285400391e-01,-1.076534504784376622e-02,3.380948305130004883e-02,-3.100162148475646973e-01,-9.199029046726536762e-03,3.268080949783325195e-02,-3.406001627445220947e-01,-8.286811623406720173e-03
0.000000000000000000e+00,0.000000000000000000e+00,0.000000000000000000e+00,-4.296362400054931641e-02,-5.490618944168090820e-02,-3.505591322351619965e-02,-7.541036605834960938e-02,-1.439381837844848633e-01,-4.508060981203243500e-02,-9.493941068649291992e-02,-2.108517885208129883e-01,-5.027680118251964814e-02,-1.034094691276550293e-01,-2.697230577468872070e-01,-5.216055010129139191e-02,-5.531024932861328125e-02,-2.588607072830200195e-01,-1.654210333396122223e-02,-7.119327783584594727e-02,-3.712180852890014648e-01,-3.171515856553241974e-02,-8.116894960403442383e-02,-4.396749138832092285e-01,-4.571426306534931427e-02,-8.957380056381225586e-02,-4.952902495861053467e-01,-5.471695606280491120e-02,-2.783989906311035156e-02,-2.622080445289611816e-01,-7.563312730383131566e-03,-3.806722164154052734e-02,-3.766872882843017578e-01,-1.284164023269340760e-02,-4.360729455947875977e-02,-4.476600289344787598e-01,-2.009348776806518799e-02,-4.876136779785156250e-02,-5.018831491470336914e-01,-2.535384540129825837e-02,1.254618167877197266e-03,-2.457324862480163574e-01,-3.681665246006105008e-03,-6.310701370239257812e-03,-3.448370099067687988e-01,-5.357394653003666463e-03,-1.074337959289550781e-02,-4.048963189125061035e-01,-8.738774998676035466e-03,-1.596337556838989258e-02,-4.530017971992492676e-01,-1.279353090245649582e-02,3.209203481674194336e-02,-2.116599082946777344e-01,-4.562760895680639806e-03,3.516530990600585938e-02,-2.713629603385925293e-01,-3.936955432038757863e-03,3.350412845611572266e-02,-3.090876936912536621e-01,-2.534381073530767026e-03,3.200256824493408203e-02,-3.402061462402343750e-01,-1.945861691240224900e-03
0.000000000000000000e+00,0.000000000000000000e+00,0.000000000000000000e+00,-4.133206605911254883e-02,-5.131399631500244141e-02,-3.920870130110643004e-02,-7.358616590499877930e-02,-1.392959356307983398e-01,-5.130080362010858153e-02,-9.417051076889038086e-02,-2.078663706779479980e-01,-5.773982633996865843e-02,-1.043100953102111816e-01,-2.701921463012695312e-01,-6.068469439793489073e-02,-5.503427982330322266e-02,-2.589625716209411621e-01,-2.107527894128224943e-02,-7.084959745407104492e-02,-3.711048662662506104e-01,-3.804343049574754332e-02,-8.111077547073364258e-02,-4.403708279132843018e-01,-5.320181553412339781e-02,-8.946669101715087891e-02,-4.970181882381439209e-01,-6.287406240750215147e-02,-2.704709768295288086e-02,-2.627903223037719727e-01,-1.030344837505481337e-02,-3.670692443847656250e-02,-3.763744235038757324e-01,-1.648424980390927885e-02,-4.218077659606933594e-02,-4.473699927330017090e-01,-2.363180783737561796e-02,-4.732549190521240234e-02,-5.024627745151519775e-01,-2.882977989662549589e-02,2.366006374359130859e-03,-2.465978264808654785e-01,-4.985793914386249526e-03,-4.476606845855712891e-03,-3.435581922531127930e-01,-7.054173808285213454e-03,-8.593618869781494141e-03,-4.030875861644744873e-01,-9.373370047399021132e-03,-1.339256763458251953e-02,-4.516893923282623291e-01,-1.268697199571988676e-02,3.300464153289794922e-02,-2.134212851524353027e-01,-4.919518671670175536e-03,3.486335277557373047e-02,-2.733286619186401367e-01,-4.438409536817289336e-03,3.337317705154418945e-02,-3.098011016845703125e-01,-2.311269474887467368e-03,3.255975246429443359e-02,-3.401913642883300781e-01,-1.115378995166338427e-03
0.000000000000000000e+00,0.000000000000000000e+00,0.000000000000000000e+00,-4.440516233444213867e-02,-5.442172288894653320e-02,-3.401808674621520368e-02,-7.646954059600830078e-02,-1.432965397834777832e-01,-4.415660957980094281e-02,-9.664440155029296875e-02,-2.101382613182067871e-01,-4.981687153863845197e-02,-1.056351661682128906e-01,-2.699041962623596191e-01,-5.251317705202040997e-02,-5.485886335372924805e-02,-2.575643658638000488e-01,-1.740113879728255597e-02,-7.079654932022094727e-02,-3.700205087661743164e-01,-3.475604067730841962e-02,-8.132129907608032227e-02,-4.400619268417358398e-01,-5.022463436412749616e-02,-8.997780084609985352e-02,-4.966849386692047119e-01,-5.996323610830245343e-02,-2.651399374008178711e-02,-2.619521617889404297e-01,-9.320017427086213502e-03,-3.625863790512084961e-02,-3.766237199306488037e-01,-1.602732624101577130e-02,-4.187297821044921875e-02,-4.483892321586608887e-01,-2.365653450775084821e-02,-4.747670888900756836e-02,-5.039401352405548096e-01,-2.904621931898532239e-02,3.203272819519042969e-03,-2.464786171913146973e-01,-6.278517201423028382e-03,-4.338324069976806641e-03,-3.460595309734344482e-01,-8.604079961656907471e-03,-8.374571800231933594e-03,-4.064699411392211914e-01,-1.123400825250087109e-02,-1.323360204696655273e-02,-4.549722969532012939e-01,-1.463120757776437131e-02,3.368401527404785156e-02,-2.130689024925231934e-01,-7.995080679535249146e-03,3.570103645324707031e-02,-2.734636068344116211e-01,-7.382968917369225892e-03,3.486192226409912109e-02,-3.107477426528930664e-01,-5.068673297643044862e-03,3.476822376251220703e-02,-3.415050804615020752e-01,-3.703806327536085519e-03
0.000000000000000000e+00,0.000000000000000000e+00,0.000000000000000000e+00,-4.304051399230957031e-02,-5.312448740005493164e-02,-4.253312707743361898e-02,-7.538783550262451172e-02,-1.397326588630676270e-01,-5.582953751883223958e-02,-9.632521867752075195e-02,-2.079257965087890625e-01,-6.270477683148101278e-02,-1.053383350372314453e-01,-2.716953158378601074e-01,-6.583004207215026327e-02,-5.446422100067138672e-02,-2.597866058349609375e-01,-2.227248945138171621e-02,-7.039684057235717773e-02,-3.719434142112731934e-01,-3.924072296223357625e-02,-8.138465881347656250e-02,-4.414226412773132324e-01,-5.502921477756217428e-02,-8.985948562622070312e-02,-4.981143772602081299e-01,-6.523161143860534139e-02,-2.574717998504638672e-02,-2.633758187294006348e-01,-9.152284309777769522e-03,-3.576153516769409180e-02,-3.779491186141967773e-01,-1.480644144913867422e-02,-4.138183593750000000e-02,-4.490758180618286133e-01,-2.223172359964564748e-02,-4.706066846847534180e-02,-5.034649074077606201e-01,-2.785101481578067251e-02,3.755331039428710938e-03,-2.465986609458923340e-01,-1.854496028784069495e-03,-2.832770347595214844e-03,-3.463811576366424561e-01,-3.778918365526351408e-03,-7.184386253356933594e-03,-4.057907462120056152e-01,-6.698602296921762900e-03,-1.254183053970336914e-02,-4.537889957427978516e-01,-1.050908905318692632e-02,3.484237194061279297e-02,-2.132889032363891602e-01,-4.180873230552606401e-05,3.779500722885131836e-02,-2.734096646308898926e-01,1.387458366366445262e-04,3.666800260543823242e-02,-3.102174997329711914e-01,1.406508312982168718e-03,3.592222929000854492e-02,-3.413139879703521729e-01,1.905103611250069662e-03
0.000000000000000000e+00,0.000000000000000000e+00,0.000000000000000000e+00,-4.296863079071044922e-02,-5.381131172180175781e-02,-4.067025779824007259e-02,-7.592678070068359375e-02,-1.416200995445251465e-01,-5.298236831168878780e-02,-9.649503231048583984e-02,-2.096720933914184570e-01,-5.908652841191042171e-02,-1.039058566093444824e-01,-2.730435132980346680e-01,-6.137840150933016048e-02,-5.340611934661865234e-02,-2.617285847663879395e-01,-2.099190167228925930e-02,-6.916517019271850586e-02,-3.732908964157104492e-01,-3.757413922886598812e-02,-7.989555597305297852e-02,-4.421772956848144531e-01,-5.283846407274950252e-02,-8.826076984405517578e-02,-4.981065392494201660e-01,-6.252981423477876888e-02,-2.454441785812377930e-02,-2.647793292999267578e-01,-8.525143182680494647e-03,-3.351050615310668945e-02,-3.794162273406982422e-01,-1.374834849576700435e-02,-3.876966238021850586e-02,-4.504134953022003174e-01,-2.046047038476217494e-02,-4.394441843032836914e-02,-5.045711696147918701e-01,-2.537512294094312892e-02,5.399227142333984375e-03,-2.476459741592407227e-01,-1.713296087302751403e-03,-8.171200752258300781e-04,-3.461668491363525391e-01,-2.955930112705118518e-03,-5.339980125427246094e-03,-4.063372611999511719e-01,-5.408531325713283877e-03,-1.047587394714355469e-02,-4.546939730644226074e-01,-8.786923988566286425e-03,3.714692592620849609e-02,-2.139008641242980957e-01,-2.707090259832511947e-04,3.989553451538085938e-02,-2.746664285659790039e-01,9.271368236909438565e-04,3.832906484603881836e-02,-3.112842738628387451e-01,2.959658586576097150e-03,3.742837905883789062e-02,-3.419768810272216797e-01,4.075744849785678525e-03
0.000000000000000000e+00,0.000000000000000000e+00,0.000000000000000000e+00,-4.439294338226318359e-02,-5.745702981948852539e-02,-3.286491268812596900e-02,-7.647699117660522461e-02,-1.475670933723449707e-01,-4.186995634375989539e-02,-9.608274698257446289e-02,-2.137245535850524902e-01,-4.631389239369809729e-02,-1.042419075965881348e-01,-2.735390067100524902e-01,-4.747478225766599280e-02,-5.310773849487304688e-02,-2.611473202705383301e-01,-1.581613095044076545e-02,-6.928128004074096680e-02,-3.734629452228546143e-01,-3.223138981996953589e-02,-8.010840415954589844e-02,-4.427773356437683105e-01,-4.686620393334806067e-02,-8.896946907043457031e-02,-4.987847506999969482e-01,-5.590889164744794471e-02,-2.384024858474731445e-02,-2.646237015724182129e-01,-7.499549347301126545e-03,-3.321677446365356445e-02,-3.802843689918518066e-01,-1.305108358650386435e-02,-3.850555419921875000e-02,-4.520763754844665527e-01,-1.995202088295400245e-02,-4.372519254684448242e-02,-5.072983801364898682e-01,-2.479178951620042426e-02,6.769418716430664062e-03,-2.482275962829589844e-01,-4.123701057721973484e-03,-4.641413688659667969e-04,-3.473663330078125000e-01,-5.580065581341386860e-03,-5.041003227233886719e-03,-4.079932868480682373e-01,-7.996207378198505467e-03,-1.035362482070922852e-02,-4.560326933860778809e-01,-1.113069457500159842e-02,3.893101215362548828e-02,-2.147688865661621094e-01,-5.381758599867225712e-03,4.113632440567016602e-02,-2.755233645439147949e-01,-4.084854661812187260e-03,3.966826200485229492e-02,-3.136922121047973633e-01,-1.586897224512995308e-03,3.890568017959594727e-02,-3.452386260032653809e-01,2.243141312874286086e-05
0.000000000000000000e+00,0.000000000000000000e+00,0.000000000000000000e+00,-4.498195648193359375e-02,-5.786991119384765625e-02,-3.839695735115356001e-02,-7.608050107955932617e-02,-1.478864550590515137e-01,-4.846924824852294478e-02,-9.577167034149169922e-02,-2.144959568977355957e-01,-5.244870765346831831e-02,-1.032705307006835938e-01,-2.768859863281250000e-01,-5.264194218653983626e-02,-5.202245712280273438e-02,-2.625408768653869629e-01,-1.771183779675311598e-02,-6.795698404312133789e-02,-3.750857710838317871e-01,-3.305519281167335066e-02,-7.889884710311889648e-02,-4.445777535438537598e-01,-4.777019379872626814e-02,-8.716779947280883789e-02,-5.009855926036834717e-01,-5.701479224700278792e-02,-2.265632152557373047e-02,-2.650539875030517578e-01,-4.872538170104689925e-03,-3.228700160980224609e-02,-3.806850314140319824e-01,-8.403325474148459762e-03,-3.719687461853027344e-02,-4.521124958992004395e-01,-1.491165070075339827e-02,-4.257208108901977539e-02,-5.076482295989990234e-01,-2.003352439243144545e-02,7.426559925079345703e-03,-2.481592297554016113e-01,2.516387242565087945e-03,9.119510650634765625e-04,-3.475021421909332275e-01,3.086767371485166223e-03,-3.336250782012939453e-03,-4.084320664405822754e-01,5.690628105980977125e-04,-8.431017398834228516e-03,-4.570934772491455078e-01,-3.159312086438603728e-03,3.960376977920532227e-02,-2.152822017669677734e-01,4.763024372721247346e-03,4.161816835403442383e-02,-2.770386934280395508e-01,7.885755019003681809e-03,4.008299112319946289e-02,-3.147173523902893066e-01,1.026895547073536363e-02,3.937172889709472656e-02,-3.465245068073272705e-01,1.128424143206530061e-02
0.000000000000000000e+00,0.000000000000000000e+00,0.000000000000000000e+00,-4.454886913299560547e-02,-5.738496780395507812e-02,-3.654408123085772786e-02,-7.727777957916259766e-02,-1.473257541656494141e-01,-4.544144537041461263e-02,-9.755051136016845703e-02,-2.128192782402038574e-01,-4.864866327235972676e-02,-1.064864993095397949e-01,-2.730216383934020996e-01,-4.806439246723925862e-02,-5.226755142211914062e-02,-2.653227448463439941e-01,-1.557906850914037022e-02,-6.907469034194946289e-02,-3.763647973537445068e-01,-3.033727448175227437e-02,-8.027786016464233398e-02,-4.447604417800903320e-01,-4.434445541093623433e-02,-8.890032768249511719e-02,-5.005662143230438232e-01,-5.308777134607112203e-02,-2.350068092346191406e-02,-2.672971487045288086e-01,-4.165973455855009888e-03,-3.302055597305297852e-02,-3.811435103416442871e-01,-7.224779983260987137e-03,-3.815746307373046875e-02,-4.525269865989685059e-01,-1.274174399415528569e-02,-4.278576374053955078e-02,-5.074367225170135498e-01,-1.694912131617343221e-02,6.263613700866699219e-03,-2.491230964660644531e-01,1.723838679282607700e-03,-5.609989166259765625e-04,-3.456995189189910889e-01,2.434550144499780799e-03,-5.222320556640625000e-03,-4.062954187393188477e-01,2.375332408348640456e-04,-1.036876440048217773e-02,-4.552776813507080078e-01,-3.113761252933500145e-03,3.776222467422485352e-02,-2.146658897399902344e-01,2.522316121286394264e-03,4.021292924880981445e-02,-2.746858596801757812e-01,5.087920057377459671e-03,3.841155767440795898e-02,-3.125169277191162109e-01,7.238273101648928787e-03,3.782588243484497070e-02,-3.451628386974334717e-01,8.319484594068171646e-03
0.000000000000000000e+00,0.000000000000000000e+00,0.000000000000000000e+00,-4.319673776626586914e-02,-5.846816301345825195e-02,-3.932283264913394305e-02,-7.634502649307250977e-02,-1.479493975639343262e-01,-4.967423719682528827e-02,-9.805756807327270508e-02,-2.135174274444580078e-01,-5.388061893501117083e-02,-1.062160730361938477e-01,-2.751995325088500977e-01,-5.421029222526385638e-02,-5.182623863220214844e-02,-2.656905055046081543e-01,-1.786945578970744464e-02,-6.801986694335937500e-02,-3.764061331748962402e-01,-3.284467947997882220e-02,-7.891565561294555664e-02,-4.443509876728057861e-01,-4.683849406757190081e-02,-8.757901191711425781e-02,-4.998970627784729004e-01,-5.569311422624423358e-02,-2.337086200714111328e-02,-2.674914002418518066e-01,-5.479464357279084652e-03,-3.234940767288208008e-02,-3.813281655311584473e-01,-9.403508206389687984e-03,-3.705424070358276367e-02,-4.527388811111450195e-01,-1.545273890116050097e-02,-4.156845808029174805e-02,-5.074570775032043457e-01,-1.997393747188880297e-02,6.183981895446777344e-03,-2.490917444229125977e-01,1.159807733699835808e-03,-5.131363868713378906e-04,-3.462941944599151611e-01,6.517198136748447723e-04,-4.468202590942382812e-03,-4.069928526878356934e-01,-2.284931534461520641e-03,-9.077847003936767578e-03,-4.562326073646545410e-01,-6.044152708284400433e-03,3.730368614196777344e-02,-2.146889567375183105e-01,2.558115819908834965e-03,3.997719287872314453e-02,-2.747663259506225586e-01,4.267711608179070026e-03,3.916913270950317383e-02,-3.128708899021148682e-01,5.739668334342695744e-03,3.966224193572998047e-02,-3.459754586219787598e-01,6.264537523009039433e-03
0.000000000000000000e+00,0.000000000000000000e+00,0.000000000000000000e+00,-4.346263408660888672e-02,-5.883640050888061523e-02,-3.411054306963023919e-02,-7.685995101928710938e-02,-1.480429768562316895e-01,-4.387059503534374016e-02,-9.731113910675048828e-02,-2.125500440597534180e-01,-4.882993244865474480e-02,-1.053715348243713379e-01,-2.723436355590820312e-01,-5.050830983856258172e-02,-5.126494169235229492e-02,-2.640146613121032715e-01,-1.709560931959686059e-02,-6.690186262130737305e-02,-3.763018250465393066e-01,-3.357467496135768670e-02,-7.700830698013305664e-02,-4.454931616783142090e-01,-4.830930822828349847e-02,-8.526229858398437500e-02,-5.018168389797210693e-01,-5.760658228138026971e-02,-2.292525768280029297e-02,-2.657149434089660645e-01,-8.573419165998075187e-03,-3.220653533935546875e-02,-3.797017335891723633e-01,-1.520353996494350213e-02,-3.687638044357299805e-02,-4.515632987022399902e-01,-2.321525358894405144e-02,-4.127353429794311523e-02,-5.074640512466430664e-01,-2.892259017863807458e-02,6.319463253021240234e-03,-2.481311559677124023e-01,-5.055673637627933203e-03,-3.542304039001464844e-04,-3.464675545692443848e-01,-7.886929189055535971e-03,-3.677666187286376953e-03,-4.077083170413970947e-01,-1.154507671782312173e-02,-7.762670516967773438e-03,-4.569208920001983643e-01,-1.555479106792745370e-02,3.735560178756713867e-02,-2.136483788490295410e-01,-6.187499252348516166e-03,4.042267799377441406e-02,-2.736902832984924316e-01,-6.225667179762695014e-03,3.975421190261840820e-02,-3.132779896259307861e-01,-4.907262263088796317e-03,3.992533683776855469e-02,-3.469713330268859863e-01,-4.243185495226953208e-03
0.000000000000000000e+00,0.000000000000000000e+00,0.000000000000000000e+00,-4.384702444076538086e-02,-5.827832221984863281e-02,-3.403912814471254933e-02,-7.659512758255004883e-02,-1.493446826934814453e-01,-4.323656441781054127e-02,-9.612476825714111328e-02,-2.154573798179626465e-01,-4.772760303828249562e-02,-1.041687130928039551e-01,-2.745441794395446777e-01,-4.883878635379801381e-02,-5.144566297531127930e-02,-2.643181681632995605e-01,-1.589810805532465565e-02,-6.621968746185302734e-02,-3.758988380432128906e-01,-3.194503443452845204e-02,-7.608318328857421875e-02,-4.446354806423187256e-01,-4.638636814567576039e-02,-8.450168371200561523e-02,-5.007449090480804443e-01,-5.555370779845247853e-02,-2.269542217254638672e-02,-2.660483717918395996e-01,-7.607943882675272107e-03,-3.117257356643676758e-02,-3.803442716598510742e-01,-1.365121690693626988e-02,-3.590518236160278320e-02,-4.519855380058288574e-01,-2.104994425687323201e-02,-4.037064313888549805e-02,-5.080088973045349121e-01,-2.627043383333216298e-02,7.063210010528564453e-03,-2.481470704078674316e-01,-4.420553838343721509e-03,1.111209392547607422e-03,-3.468828797340393066e-01,-6.776477248848777890e-03,-2.354383468627929688e-03,-4.077455103397369385e-01,-9.731428270669084668e-03,-6.559371948242187500e-03,-4.571541845798492432e-01,-1.322194611790905583e-02,3.852730989456176758e-02,-2.133195996284484863e-01,-5.973743779094320416e-03,4.115337133407592773e-02,-2.734695672988891602e-01,-5.627004002661806226e-03,4.013580083847045898e-02,-3.124595880508422852e-01,-3.728729711355072141e-03,4.011273384094238281e-02,-3.459227383136749268e-01,-2.594444706545573354e-03
0.000000000000000000e+00,0.000000000000000000e+00,0.000000000000000000e+00,-4.419779777526855469e-02,-5.742228031158447266e-02,-3.715037835206658201e-02,-7.630479335784912109e-02,-1.486656069755554199e-01,-4.748379347290665464e-02,-9.676373004913330078e-02,-2.144840955734252930e-01,-5.241683406200081663e-02,-1.028127670288085938e-01,-2.742980718612670898e-01,-5.386050698723465757e-02,-5.096882581710815430e-02,-2.625138163566589355e-01,-1.799504553343922453e-02,-6.527054309844970703e-02,-3.750271201133728027e-01,-3.508834449019104795e-02,-7.507067918777465820e-02,-4.449805617332458496e-01,-5.078685191836029844e-02,-8.276194334030151367e-02,-5.022665858268737793e-01,-6.068774965967804746e-02,-2.221220731735229492e-02,-2.645275592803955078e-01,-7.159113431384866999e-03,-3.069913387298583984e-02,-3.798159956932067871e-01,-1.354386099990279035e-02,-3.486591577529907227e-02,-4.525178670883178711e-01,-2.150629368986756162e-02,-3.947705030441284180e-02,-5.101862847805023193e-01,-2.730043326880604582e-02,7.612884044647216797e-03,-2.475035190582275391e-01,-1.665646689048116968e-03,1.978158950805664062e-03,-3.454396128654479980e-01,-3.559194751119321154e-03,-1.262605190277099609e-03,-4.070525765419006348e-01,-6.431358879467552470e-03,-5.395352840423583984e-03,-4.566462337970733643e-01,-9.990477947553699778e-03,3.965407609939575195e-02,-2.142814993858337402e-01,-1.204911283252840803e-03,4.233098030090332031e-02,-2.759737968444824219e-01,3.745386653690729872e-04,4.167598485946655273e-02,-3.151948153972625732e-01,2.697911798918539716e-03,4.189103841781616211e-02,-3.484830260276794434e-01,3.837203128227884008e-03
0.000000000000000000e+00,0.000000000000000000e+00,0.000000000000000000e+00,-4.249089956283569336e-02,-5.854326486587524414e-02,-3.398654048996263555e-02,-7.554709911346435547e-02,-1.477796435356140137e-01,-4.402797108249956182e-02,-9.571641683578491211e-02,-2.134428024291992188e-01,-4.928330888705545476e-02,-1.030979752540588379e-01,-2.734333872795104980e-01,-5.129298006849580815e-02,-5.036550760269165039e-02,-2.635090351104736328e-01,-1.773202975945764592e-02,-6.570649147033691406e-02,-3.756949305534362793e-01,-3.449659978704744390e-02,-7.555067539215087891e-02,-4.447486996650695801e-01,-4.937142317848497441e-02,-8.362430334091186523e-02,-5.009695589542388916e-01,-5.887602081256204656e-02,-2.209568023681640625e-02,-2.652378082275390625e-01,-9.641472228935299427e-03,-3.168690204620361328e-02,-3.792285323143005371e-01,-1.657328007476621679e-02,-3.623205423355102539e-02,-4.509031474590301514e-01,-2.490394374089532903e-02,-4.042172431945800781e-02,-5.067948997020721436e-01,-3.089089503245645574e-02,7.397353649139404297e-03,-2.471737265586853027e-01,-6.458958589604435474e-03,1.181542873382568359e-03,-3.457110524177551270e-01,-9.757468455603657276e-03,-1.401722431182861328e-03,-4.068169593811035156e-01,-1.374489439385229161e-02,-4.878640174865722656e-03,-4.561833143234252930e-01,-1.798977514462762883e-02,3.858822584152221680e-02,-2.118659615516662598e-01,-7.836032637527523548e-03,4.134577512741088867e-02,-2.722159028053283691e-01,-8.758528136780796558e-03,4.054182767868041992e-02,-3.111109733581542969e-01,-7.935892769268093616e-03,4.032856225967407227e-02,-3.439486026763916016e-01,-7.516943828335342914e-03
0.000000000000000000e+00,0.000000000000000000e+00,0.000000000000000000e+00,-4.343050718307495117e-02,-5.791985988616943359e-02,-3.865107259608180357e-02,-7.645481824874877930e-02,-1.477507948875427246e-01,-4.870125389552981687e-02,-9.654802083969116211e-02,-2.147014141082763672e-01,-5.268641671992213560e-02,-1.046203970909118652e-01,-2.757932543754577637e-01,-5.284969991899401975e-02,-5.115854740142822266e-02,-2.643535137176513672e-01,-1.851315348304183317e-02,-6.613481044769287109e-02,-3.760888576507568359e-01,-3.402857593155772520e-02,-7.620042562484741211e-02,-4.451427459716796875e-01,-4.847009218192965818e-02,-8.449798822402954102e-02,-5.016151070594787598e-01,-5.761583632684619261e-02,-2.270364761352539062e-02,-2.664836645126342773e-01,-6.571650215306590326e-03,-3.191250562667846680e-02,-3.802596330642700195e-01,-1.129187474853665663e-02,-3.678917884826660156e-02,-4.521766006946563721e-01,-1.807453221536547971e-02,-4.147815704345703125e-02,-5.081968307495117188e-01,-2.312053291953475309e-02,6.736934185028076172e-03,-2.487025260925292969e-01,-9.132819960200322384e-05,9.286403656005859375e-04,-3.464171290397644043e-01,-1.097194793516109712e-03,-2.044737339019775391e-03,-4.068215489387512207e-01,-3.960362345793555505e-03,-5.905091762542724609e-03,-4.560880661010742188e-01,-7.604967047342370279e-03,3.774982690811157227e-02,-2.142470479011535645e-01,1.229636311649073832e-03,4.077243804931640625e-02,-2.743835449218750000e-01,2.385678990862061255e-03,3.965502977371215820e-02,-3.130591213703155518e-01,3.842619770324517958e-03,3.954875469207763672e-02,-3.464607596397399902e-01,4.528526972165991538e-03
0.000000000000000000e+00,0.000000000000000000e+00,0.000000000000000000e+00,-4.407358169555664062e-02,-5.789893865585327148e-02,-3.490057055071815739e-02,-7.805514335632324219e-02,-1.480411291122436523e-01,-4.469932083205208073e-02,-9.799188375473022461e-02,-2.151210308074951172e-01,-4.949867937878593693e-02,-1.062334179878234863e-01,-2.758405208587646484e-01,-5.087534923271164189e-02,-5.197972059249877930e-02,-2.650753855705261230e-01,-1.782325867728218327e-02,-6.821203231811523438e-02,-3.765906095504760742e-01,-3.463260669425949345e-02,-7.869875431060791016e-02,-4.458672404289245605e-01,-4.979508582667335759e-02,-8.745378255844116211e-02,-5.025335252285003662e-01,-5.946164790705665837e-02,-2.338421344757080078e-02,-2.675082683563232422e-01,-9.193514736153929334e-03,-3.325879573822021484e-02,-3.810715079307556152e-01,-1.534850176588520299e-02,-3.851640224456787109e-02,-4.526637196540832520e-01,-2.267168115989193211e-02,-4.340779781341552734e-02,-5.084648430347442627e-01,-2.794392060653194676e-02,6.181836128234863281e-03,-2.496203780174255371e-01,-5.668472295411675077e-03,-4.979372024536132812e-04,-3.477963507175445557e-01,-7.903212012507765394e-03,-4.055440425872802734e-03,-4.082927107810974121e-01,-1.048588220194801579e-02,-8.354783058166503906e-03,-4.572683572769165039e-01,-1.379983339623436223e-02,3.727936744689941406e-02,-2.138682603836059570e-01,-7.002404687710850339e-03,4.000800848007202148e-02,-2.740163207054138184e-01,-7.039923948951809507e-03,3.884053230285644531e-02,-3.127445578575134277e-01,-5.272430164524166685e-03,3.859800100326538086e-02,-3.456453680992126465e-01,-4.132299480744450193e-03
0.000000000000000000e+00,0.000000000000000000e+00,0.000000000000000000e+00,-4.378128051757812500e-02,-5.792760848999023438e-02,-3.721484300075417195e-02,-7.532489299774169922e-02,-1.484642624855041504e-01,-4.839165639458542501e-02,-9.609371423721313477e-02,-2.157070636749267578e-01,-5.429952722369080220e-02,-1.025243997573852539e-01,-2.782261967658996582e-01,-5.696838479815369283e-02,-5.086499452590942383e-02,-2.639064788818359375e-01,-1.936165187834149037e-02,-6.643009185791015625e-02,-3.757106959819793701e-01,-3.789796065865402852e-02,-7.720178365707397461e-02,-4.453503787517547607e-01,-5.479520317493324910e-02,-8.559423685073852539e-02,-5.024090707302093506e-01,-6.554020326910858785e-02,-2.149617671966552734e-02,-2.664176225662231445e-01,-9.240776676222139940e-03,-3.052735328674316406e-02,-3.820295333862304688e-01,-1.624919046042805348e-02,-3.566122055053710938e-02,-4.542811512947082520e-01,-2.455255892454033528e-02,-4.128283262252807617e-02,-5.105012953281402588e-01,-3.061931152222996388e-02,8.704125881195068359e-03,-2.491037845611572266e-01,-4.508785347923094378e-03,2.542018890380859375e-03,-3.484283685684204102e-01,-7.106397211089188204e-03,-1.369655132293701172e-03,-4.100881814956665039e-01,-1.044771299092417394e-02,-6.528377532958984375e-03,-4.591529667377471924e-01,-1.432768479315882360e-02,4.018270969390869141e-02,-2.143304944038391113e-01,-4.810194860681349383e-03,4.308563470840454102e-02,-2.761496901512145996e-01,-4.608612883373552904e-03,4.163777828216552734e-02,-3.151812255382537842e-01,-3.010304787665063486e-03,4.092144966125488281e-02,-3.480179309844970703e-01,-2.183893372773582087e-03
0.000000000000000000e+00,0.000000000000000000e+00,0.000000000000000000e+00,-4.618346691131591797e-02,-6.061422824859619141e-02,-4.038532610329070849e-02,-7.648432254791259766e-02,-1.527191996574401855e-01,-5.048976998122611803e-02,-9.684771299362182617e-02,-2.182034850120544434e-01,-5.384082134159484667e-02,-1.027740836143493652e-01,-2.796993255615234375e-01,-5.323196734579482836e-02,-5.057549476623535156e-02,-2.652978897094726562e-01,-1.815365228148380083e-02,-6.639975309371948242e-02,-3.774580657482147217e-01,-3.387085135372558398e-02,-7.757276296615600586e-02,-4.476265907287597656e-01,-4.967828999551215929e-02,-8.592593669891357422e-02,-5.047249197959899902e-01,-5.975262235196510119e-02,-2.163165807723999023e-02,-2.649271488189697266e-01,-3.318577039038927978e-03,-3.001111745834350586e-02,-3.806682229042053223e-01,-6.366677780619056648e-03,-3.382772207260131836e-02,-4.526436030864715576e-01,-1.316335118653455538e-02,-3.917831182479858398e-02,-5.088465213775634766e-01,-1.887811134847083849e-02,8.107423782348632812e-03,-2.463926076889038086e-01,5.765308893302290016e-03,2.762854099273681641e-03,-3.441050052642822266e-01,7.469414069333879524e-03,-1.166284084320068359e-03,-4.060625731945037842e-01,4.554453573206274086e-03,-6.015121936798095703e-03,-4.550761282444000244e-01,1.367330459345339477e-04,4.053843021392822266e-02,-2.129694819450378418e-01,9.445323876121847206e-03,4.349040985107421875e-02,-2.749366760253906250e-01,1.387523886469921308e-02,4.221796989440917969e-02,-3.141482174396514893e-01,1.585868586508354383e-02,4.218292236328125000e-02,-3.479704856872558594e-01,1.604017455784401136e-02
0.000000000000000000e+00,0.000000000000000000e+00,0.000000000000000000e+00,-4.422450065612792969e-02,-5.983877182006835938e-02,-3.170709874984822818e-02,-7.692688703536987305e-02,-1.495669484138488770e-01,-4.078899141904912540e-02,-9.607875347137451172e-02,-2.147406339645385742e-01,-4.534642961380086490e-02,-1.038889884948730469e-01,-2.737148404121398926e-01,-4.666740265247426578e-02,-5.100071430206298828e-02,-2.644454836845397949e-01,-1.726371054110131809e-02,-6.724703311920166016e-02,-3.758596181869506836e-01,-3.450528722760282108e-02,-7.809638977050781250e-02,-4.443022310733795166e-01,-4.976878133174977847e-02,-8.705478906631469727e-02,-4.999048709869384766e-01,-5.921470191833577701e-02,-2.219361066818237305e-02,-2.667247653007507324e-01,-9.653803934725146974e-03,-3.104132413864135742e-02,-3.814868927001953125e-01,-1.586007517335019656e-02,-3.567707538604736328e-02,-4.534299373626708984e-01,-2.299961824473939487e-02,-4.025703668594360352e-02,-5.089390873908996582e-01,-2.812936906275353977e-02,7.676601409912109375e-03,-2.490630149841308594e-01,-6.783911069305759156e-03,1.094043254852294922e-03,-3.476201295852661133e-01,-8.449005936654430116e-03,-2.743005752563476562e-03,-4.088668227195739746e-01,-1.117103271690211841e-02,-7.397294044494628906e-03,-4.571117758750915527e-01,-1.469531193879447528e-02,3.892779350280761719e-02,-2.137067914009094238e-01,-8.420220618518214906e-03,4.195326566696166992e-02,-2.737890481948852539e-01,-7.557952818842750276e-03,4.040080308914184570e-02,-3.127107620239257812e-01,-5.585338962646346772e-03,3.968787193298339844e-02,-3.448790013790130615e-01,-4.404685036661248887e-03
0.000000000000000000e+00,0.000000000000000000e+00,0.000000000000000000e+00,-4.376965761184692383e-02,-5.938631296157836914e-02,-3.478823841092548719e-02,-7.701802253723144531e-02,-1.501895189285278320e-01,-4.395502672073803296e-02,-9.712415933609008789e-02,-2.162516117095947266e-01,-4.791745037314854017e-02,-1.034292578697204590e-01,-2.768395543098449707e-01,-4.823772475597820630e-02,-5.152332782745361328e-02,-2.637204527854919434e-01,-1.606404275176487317e-02,-6.751006841659545898e-02,-3.753870129585266113e-01,-3.164059535143337598e-02,-7.844007015228271484e-02,-4.436539113521575928e-01,-4.567157716033420911e-02,-8.752936124801635742e-02,-4.993816614151000977e-01,-5.437554285404644361e-02,-2.248924970626831055e-02,-2.660924792289733887e-01,-6.258908254181960729e-03,-3.091913461685180664e-02,-3.807106912136077881e-01,-1.091345265982113233e-02,-3.511714935302734375e-02,-4.524815678596496582e-01,-1.708626986024341932e-02,-3.922253847122192383e-02,-5.084079205989837646e-01,-2.158201538500748029e-02,7.451951503753662109e-03,-2.483069896697998047e-01,-1.681460477499285844e-03,1.482248306274414062e-03,-3.453723788261413574e-01,-2.350054509093979505e-03,-2.339065074920654297e-03,-4.067449271678924561e-01,-4.596874178474763539e-03,-6.994187831878662109e-03,-4.564769864082336426e-01,-7.819871944462875035e-03,3.912150859832763672e-02,-2.139006853103637695e-01,-1.940031596546987203e-03,4.188835620880126953e-02,-2.745743393898010254e-01,5.938247826975384669e-05,4.062855243682861328e-02,-3.133873343467712402e-01,2.568789231503387782e-03,4.045850038528442383e-02,-3.466160297393798828e-01,3.936158432537695262e-03
0.000000000000000000e+00,0.000000000000000000e+00,0.000000000000000000e+00,-4.456609487533569336e-02,-5.734491348266601562e-02,-3.216077628576385905e-02,-7.955646514892578125e-02,-1.461387872695922852e-01,-4.249298813783752848e-02,-9.842175245285034180e-02,-2.127004861831665039e-01,-4.850838202082741191e-02,-1.049253344535827637e-01,-2.736750245094299316e-01,-5.142693462812530925e-02,-5.157327651977539062e-02,-2.622632384300231934e-01,-1.834468598508465220e-02,-6.783580780029296875e-02,-3.747028112411499023e-01,-3.571027013504135539e-02,-7.842206954956054688e-02,-4.433388113975524902e-01,-5.057084056579697062e-02,-8.769983053207397461e-02,-4.992384016513824463e-01,-5.995260047757255961e-02,-2.255916595458984375e-02,-2.645035386085510254e-01,-1.201548575454580714e-02,-3.148365020751953125e-02,-3.793137073516845703e-01,-1.923540848338234355e-02,-3.656893968582153320e-02,-4.506497383117675781e-01,-2.689708079242336680e-02,-4.130780696868896484e-02,-5.060852766036987305e-01,-3.235895055377113749e-02,7.049381732940673828e-03,-2.467241883277893066e-01,-1.041590104841816355e-02,6.446838378906250000e-04,-3.463200926780700684e-01,-1.364563460492718150e-02,-2.841413021087646484e-03,-4.077906012535095215e-01,-1.657676938020813395e-02,-6.946980953216552734e-03,-4.574376344680786133e-01,-2.018138821267712046e-02,3.802013397216796875e-02,-2.109655737876892090e-01,-1.330536565774309565e-02,4.074227809906005859e-02,-2.714624404907226562e-01,-1.395571007424223353e-02,4.001349210739135742e-02,-3.110379874706268311e-01,-1.218668892079222132e-02,4.015260934829711914e-02,-3.445421755313873291e-01,-1.113781294816362788e-02
0.000000000000000000e+00,0.000000000000000000e+00,0.000000000000000000e+00,-4.367226362228393555e-02,-5.664360523223876953e-02,-3.523010229403666926e-02,-7.714033126831054688e-02,-1.450287699699401855e-01,-4.634253149563960505e-02,-9.673821926116943359e-02,-2.119220495223999023e-01,-5.255671059424571467e-02,-1.042503118515014648e-01,-2.733716964721679688e-01,-5.549639304811648799e-02,-5.107998847961425781e-02,-2.626244425773620605e-01,-1.948522990281276179e-02,-6.666707992553710938e-02,-3.745816946029663086e-01,-3.739951764876536799e-02,-7.716518640518188477e-02,-4.437758028507232666e-01,-5.316668962771586848e-02,-8.602041006088256836e-02,-5.005542039871215820e-01,-6.317125474745921565e-02,-2.222096920013427734e-02,-2.650712132453918457e-01,-1.114826490814380122e-02,-3.122591972351074219e-02,-3.794127702713012695e-01,-1.856922385925940944e-02,-3.619313240051269531e-02,-4.511607587337493896e-01,-2.653495063717059566e-02,-4.103511571884155273e-02,-5.073820054531097412e-01,-3.216298883492640925e-02,7.547140121459960938e-03,-2.476044893264770508e-01,-7.893909045407099256e-03,1.092731952667236328e-03,-3.469776809215545654e-01,-1.129297939772300197e-02,-2.155721187591552734e-03,-4.081953763961791992e-01,-1.426396732861689998e-02,-6.156086921691894531e-03,-4.579326510429382324e-01,-1.774856475825004054e-02,3.875303268432617188e-02,-2.130036950111389160e-01,-9.442271009930891523e-03,4.151082038879394531e-02,-2.736712098121643066e-01,-1.020748847807340098e-02,4.064720869064331055e-02,-3.126514554023742676e-01,-8.537205212661547193e-03,4.073876142501831055e-02,-3.457642793655395508e-01,-7.446053714403433332e-03
0.000000000000000000e+00,0.000000000000000000e+00,0.000000000000000000e+00,-4.348587989807128906e-02,-5.791079998016357422e-02,-3.903547054207479050e-02,-7.489156723022460938e-02,-1.486685872077941895e-01,-4.940715929544126084e-02,-9.567898511886596680e-02,-2.156007885932922363e-01,-5.352293452298795273e-02,-1.041983962059020996e-01,-2.776468992233276367e-01,-5.385073771751081040e-02,-5.072724819183349609e-02,-2.651172280311584473e-01,-1.889344429648076584e-02,-6.664752960205078125e-02,-3.769805431365966797e-01,-3.521790852821027329e-02,-7.786363363265991211e-02,-4.467962980270385742e-01,-5.062952017462407639e-02,-8.687323331832885742e-02,-5.040003359317779541e-01,-6.049011772549306443e-02,-2.133643627166748047e-02,-2.667011022567749023e-01,-6.486618742854943775e-03,-3.035718202590942383e-02,-3.811106681823730469e-01,-1.169851267761146119e-02,-3.461593389511108398e-02,-4.529494047164916992e-01,-1.919981403327142289e-02,-3.965902328491210938e-02,-5.098125636577606201e-01,-2.497976211881791642e-02,8.208513259887695312e-03,-2.487415075302124023e-01,3.938493639736861951e-04,2.562880516052246094e-03,-3.458592593669891357e-01,-8.465949474327771895e-04,-2.949237823486328125e-04,-4.066331386566162109e-01,-3.989188783378949665e-03,-4.542648792266845703e-03,-4.561455249786376953e-01,-7.914273385466685795e-03,3.935295343399047852e-02,-2.151393890380859375e-01,2.115021375431069828e-03,4.165720939636230469e-02,-2.772294282913208008e-01,3.551669334484586216e-03,4.097348451614379883e-02,-3.164426088333129883e-01,5.144742931662449337e-03,4.108214378356933594e-02,-3.504199087619781494e-01,5.687195490537533260e-03
0.000000000000000000e+00,0.000000000000000000e+00,0.000000000000000000e+00,-4.390299320220947266e-02,-5.864500999450683594e-02,-3.462504264516041985e-02,-7.749438285827636719e-02,-1.485170125961303711e-01,-4.442885187071965447e-02,-9.787660837173461914e-02,-2.154882550239562988e-01,-4.920918535989926568e-02,-1.068145036697387695e-01,-2.759764194488525391e-01,-5.060040619773076287e-02,-5.129742622375488281e-02,-2.644214034080505371e-01,-1.776807983023331872e-02,-6.741786003112792969e-02,-3.769560158252716064e-01,-3.440495249432728997e-02,-7.848972082138061523e-02,-4.464078247547149658e-01,-4.939146381420300713e-02,-8.779138326644897461e-02,-5.032196044921875000e-01,-5.891171884340451470e-02,-2.224576473236083984e-02,-2.667523622512817383e-01,-8.983001528207523734e-03,-3.141319751739501953e-02,-3.812516927719116211e-01,-1.496199932498143426e-02,-3.629159927368164062e-02,-4.529706239700317383e-01,-2.248579491478608361e-02,-4.104840755462646484e-02,-5.091277360916137695e-01,-2.806589235169099084e-02,7.342040538787841797e-03,-2.488480210304260254e-01,-5.238403981451256186e-03,1.839220523834228516e-03,-3.467001914978027344e-01,-7.298177057776911170e-03,-1.173138618469238281e-03,-4.074413478374481201e-01,-1.030096266967461816e-02,-5.365908145904541016e-03,-4.565439820289611816e-01,-1.405553374988244286e-02,3.822433948516845703e-02,-2.137711644172668457e-01,-6.259589405630094916e-03,4.117482900619506836e-02,-2.743385434150695801e-01,-5.900271186504824072e-03,4.024624824523925781e-02,-3.133364915847778320e-01,-4.192637229238016516e-03,3.991425037384033203e-02,-3.463416695594787598e-01,-3.284849641744358451e-03
0.000000000000000000e+00,0.000000000000000000e+00,0.000000000000000000e+00,-4.433822631835937500e-02,-5.841034650802612305e-02,-3.221358029276188972e-02,-7.910102605819702148e-02,-1.488255262374877930e-01,-4.150458840757664802e-02,-9.987229108810424805e-02,-2.144628167152404785e-01,-4.633966503769215706e-02,-1.067212820053100586e-01,-2.739881277084350586e-01,-4.796807883411702278e-02,-5.165487527847290039e-02,-2.648879885673522949e-01,-1.719708038598355415e-02,-6.866359710693359375e-02,-3.765441775321960449e-01,-3.458290962606724861e-02,-7.982182502746582031e-02,-4.461353421211242676e-01,-4.985118700295743110e-02,-8.909279108047485352e-02,-5.028640925884246826e-01,-5.947102276712712410e-02,-2.301222085952758789e-02,-2.670700550079345703e-01,-1.002080874621924522e-02,-3.267985582351684570e-02,-3.810375928878784180e-01,-1.708668699592408302e-02,-3.764134645462036133e-02,-4.530378282070159912e-01,-2.476042738288697365e-02,-4.234611988067626953e-02,-5.096915960311889648e-01,-3.019594257801827553e-02,6.682813167572021484e-03,-2.492570877075195312e-01,-7.663882766962615278e-03,-8.523464202880859375e-05,-3.469495773315429688e-01,-1.060622042149361732e-02,-3.644883632659912109e-03,-4.081471562385559082e-01,-1.344973823159989479e-02,-8.021950721740722656e-03,-4.574745893478393555e-01,-1.684486350148972633e-02,3.816348314285278320e-02,-2.136961221694946289e-01,-9.847792294920054701e-03,4.039019346237182617e-02,-2.744740843772888184e-01,-1.005263483256157997e-02,3.913646936416625977e-02,-3.141661882400512695e-01,-8.212845270634261396e-03,3.867155313491821289e-02,-3.477096557617187500e-01,-7.042465695292321470e-03
0.000000000000000000e+00,0.000000000000000000e+00,0.000000000000000000e+00,-4.447054862976074219e-02,-6.003898382186889648e-02,-2.983260073045812533e-02,-7.828372716903686523e-02,-1.511558890342712402e-01,-3.802181512395463869e-02,-9.795111417770385742e-02,-2.167647480964660645e-01,-4.240468994061075136e-02,-1.046626567840576172e-01,-2.755392789840698242e-01,-4.369776428023897097e-02,-5.114656686782836914e-02,-2.654533982276916504e-01,-1.361167814860664294e-02,-6.783425807952880859e-02,-3.775967955589294434e-01,-3.038883127550207064e-02,-7.846653461456298828e-02,-4.468940496444702148e-01,-4.537325457016549990e-02,-8.729577064514160156e-02,-5.032703876495361328e-01,-5.488982156197153017e-02,-2.252966165542602539e-02,-2.672141790390014648e-01,-7.754387914189919684e-03,-3.197467327117919922e-02,-3.812527656555175781e-01,-1.439524639675937578e-02,-3.692156076431274414e-02,-4.524798989295959473e-01,-2.240584522763811037e-02,-4.163902997970581055e-02,-5.083538591861724854e-01,-2.820341393629632876e-02,7.204473018646240234e-03,-2.493456006050109863e-01,-6.611442307928427908e-03,1.417696475982666016e-03,-3.481010496616363525e-01,-9.345594908097609732e-03,-1.413166522979736328e-03,-4.092420339584350586e-01,-1.223905582259021685e-02,-5.089044570922851562e-03,-4.583127200603485107e-01,-1.576182723323427126e-02,3.880846500396728516e-02,-2.138177752494812012e-01,-9.834977912703379843e-03,4.181224107742309570e-02,-2.747694253921508789e-01,-9.763216714361533377e-03,4.116088151931762695e-02,-3.144523203372955322e-01,-7.622611357817277167e-03,4.121613502502441406e-02,-3.480705022811889648e-01,-6.338182951310500357e-03
0.000000000000000000e+00,0.000000000000000000e+00,0.000000000000000000e+00,-4.256570339202880859e-02,-5.783659219741821289e-02,-4.051003650340589957e-02,-7.462531328201293945e-02,-1.471495628356933594e-01,-5.275448829445394949e-02,-9.613227844238281250e-02,-2.154349684715270996e-01,-5.883475810799154715e-02,-1.044061183929443359e-01,-2.790418863296508789e-01,-6.127118737015280203e-02,-5.055820941925048828e-02,-2.664885520935058594e-01,-2.100333244118246512e-02,-6.636267900466918945e-02,-3.785395026206970215e-01,-3.864765584978613333e-02,-7.810097932815551758e-02,-4.478940963745117188e-01,-5.483000398191961722e-02,-8.777636289596557617e-02,-5.052210390567779541e-01,-6.520003498110327200e-02,-2.131819725036621094e-02,-2.682530879974365234e-01,-8.807561812432140869e-03,-2.997010946273803711e-02,-3.816412091255187988e-01,-1.494678061965259985e-02,-3.484195470809936523e-02,-4.533048868179321289e-01,-2.269942731174978690e-02,-4.023891687393188477e-02,-5.096626281738281250e-01,-2.858664326879534201e-02,8.500874042510986328e-03,-2.496959567070007324e-01,-2.286593649046153587e-03,3.010869026184082031e-03,-3.459915518760681152e-01,-4.305529860289425415e-03,-1.417994499206542969e-04,-4.075878858566284180e-01,-7.239022744329304260e-03,-4.735827445983886719e-03,-4.583366513252258301e-01,-1.108582642439159827e-02,3.918075561523437500e-02,-2.146493792533874512e-01,-1.100951210105449718e-03,4.243630170822143555e-02,-2.752161622047424316e-01,-6.078901216142185149e-04,4.149234294891357422e-02,-3.142971694469451904e-01,1.006911522267728287e-03,4.125970602035522461e-02,-3.479844331741333008e-01,1.715714940360157925e-03
0.000000000000000000e+00,0.000000000000000000e+00,0.000000000000000000e+00,-4.283905029296875000e-02,-5.728822946548461914e-02,-4.007628045062006095e-02,-7.580435276031494141e-02,-1.456223130226135254e-01,-5.270343503931940177e-02,-9.766674041748046875e-02,-2.137312889099121094e-01,-5.939229435304582694e-02,-1.045356988906860352e-01,-2.778162360191345215e-01,-6.241448453644693473e-02,-5.044621229171752930e-02,-2.656038999557495117e-01,-2.103090330044210532e-02,-6.646740436553955078e-02,-3.777512013912200928e-01,-3.878151855448663810e-02,-7.754123210906982422e-02,-4.469470381736755371e-01,-5.492542541603029349e-02,-8.616435527801513672e-02,-5.039010345935821533e-01,-6.521355963329256156e-02,-2.130681276321411133e-02,-2.676809430122375488e-01,-9.236540151931649234e-03,-3.002119064331054688e-02,-3.820168375968933105e-01,-1.549640341679037192e-02,-3.462076187133789062e-02,-4.538362026214599609e-01,-2.300474463979185202e-02,-3.945118188858032227e-02,-5.092906355857849121e-01,-2.860233790258348563e-02,8.965790271759033203e-03,-2.493957877159118652e-01,-3.129182821311360385e-03,3.144443035125732422e-03,-3.468752801418304443e-01,-5.386916427113419559e-03,-9.739398956298828125e-05,-4.083291292190551758e-01,-8.572085267104512241e-03,-4.531919956207275391e-03,-4.580637812614440918e-01,-1.245303868333280661e-02,4.051387310028076172e-02,-2.145224809646606445e-01,-2.286430187695032146e-03,4.383695125579833984e-02,-2.754722237586975098e-01,-2.083989763804083850e-03,4.257202148437500000e-02,-3.139212727546691895e-01,-7.646125463622865936e-04,4.224091768264770508e-02,-3.466266393661499023e-01,-1.846677928085682652e-04
0.000000000000000000e+00,0.000000000000000000e+00,0.000000000000000000e+00,-4.553973674774169922e-02,-5.943906307220458984e-02,-3.232598855007040584e-02,-7.888972759246826172e-02,-1.506259441375732422e-01,-4.106279267776358211e-02,-9.910833835601806641e-02,-2.165294289588928223e-01,-4.526397391069281184e-02,-1.061790585517883301e-01,-2.765411734580993652e-01,-4.620384975183355891e-02,-5.146539211273193359e-02,-2.640183568000793457e-01,-1.569078667867529475e-02,-6.751149892807006836e-02,-3.759854733943939209e-01,-3.310185103524077022e-02,-7.825744152069091797e-02,-4.460750222206115723e-01,-4.863951160419333064e-02,-8.725649118423461914e-02,-5.031357109546661377e-01,-5.833938150513517940e-02,-2.243876457214355469e-02,-2.660261392593383789e-01,-7.674954280588508482e-03,-3.090006113052368164e-02,-3.800625205039978027e-01,-1.408933094549524867e-02,-3.495609760284423828e-02,-4.522832036018371582e-01,-2.140131770480024898e-02,-3.947120904922485352e-02,-5.092297196388244629e-01,-2.668023287165510737e-02,7.615447044372558594e-03,-2.483457922935485840e-01,-4.651178520504117841e-03,1.372754573822021484e-03,-3.450297713279724121e-01,-6.554750640276552076e-03,-2.010285854339599609e-03,-4.070295393466949463e-01,-8.932723578396917219e-03,-6.107509136199951172e-03,-4.570845067501068115e-01,-1.217658157307255351e-02,3.917598724365234375e-02,-2.133479118347167969e-01,-6.269080944690585966e-03,4.164171218872070312e-02,-2.740420103073120117e-01,-5.158177491608739729e-03,4.062759876251220703e-02,-3.135028183460235596e-01,-2.687128641042590971e-03,4.089415073394775391e-02,-3.470377027988433838e-01,-1.278206969942630167e-03
0.000000000000000000e+00,0.000000000000000000e+00,0.000000000000000000e+00,-4.601633548736572266e-02,-5.818974971771240234e-02,-4.362431262387644892e-02,-7.720100879669189453e-02,-1.498204469680786133e-01,-5.505792145385157710e-02,-9.906935691833496094e-02,-2.161561846733093262e-01,-5.936515425099742060e-02,-1.068658828735351562e-01,-2.795517444610595703e-01,-6.003941316856753474e-02,-5.318856239318847656e-02,-2.644740343093872070e-01,-2.123268973781478053e-02,-6.835693120956420898e-02,-3.772146403789520264e-01,-3.829473723425280696e-02,-7.944494485855102539e-02,-4.484724104404449463e-01,-5.537393782987010127e-02,-8.799189329147338867e-02,-5.067771971225738525e-01,-6.658830960049044734e-02,-2.384662628173828125e-02,-2.661775350570678711e-01,-5.695902749437209422e-03,-3.225487470626831055e-02,-3.811867833137512207e-01,-1.024585031672131663e-02,-3.648692369461059570e-02,-4.537239968776702881e-01,-1.894216519548308497e-02,-4.253041744232177734e-02,-5.105043351650238037e-01,-2.606362384511839991e-02,6.511628627777099609e-03,-2.484737634658813477e-01,3.885185804676893895e-03,1.047372817993164062e-03,-3.475916981697082520e-01,3.742238266852382367e-03,-1.695990562438964844e-03,-4.096649885177612305e-01,-1.126550144988414104e-03,-5.822300910949707031e-03,-4.601370692253112793e-01,-6.898459054070826824e-03,3.813767433166503906e-02,-2.149960398674011230e-01,7.899303913575295155e-03,4.157388210296630859e-02,-2.756530046463012695e-01,9.945213787716511433e-03,4.078686237335205078e-02,-3.147810399532318115e-01,1.006790436105120534e-02,4.133492708206176758e-02,-3.489785790443420410e-01,9.016201824408653920e-03
0.000000000000000000e+00,0.000000000000000000e+00,0.000000000000000000e+00,-4.387193918228149414e-02,-5.905932188034057617e-02,-3.937929660730787873e-02,-7.627487182617187500e-02,-1.503090858459472656e-01,-4.942451209478804230e-02,-9.729152917861938477e-02,-2.161303162574768066e-01,-5.322822720461317658e-02,-1.055231690406799316e-01,-2.782044410705566406e-01,-5.322017312698790192e-02,-5.240368843078613281e-02,-2.676117420196533203e-01,-1.807421982937285065e-02,-6.843239068984985352e-02,-3.800007700920104980e-01,-3.383550584965178132e-02,-7.938730716705322266e-02,-4.497384428977966309e-01,-4.919450149589010834e-02,-8.810573816299438477e-02,-5.066070854663848877e-01,-5.920643523984381318e-02,-2.401959896087646484e-02,-2.688874602317810059e-01,-5.580423182777849433e-03,-3.297871351242065430e-02,-3.836072087287902832e-01,-9.838188781372991798e-03,-3.751301765441894531e-02,-4.553193449974060059e-01,-1.749621868782469392e-02,-4.274320602416992188e-02,-5.102699398994445801e-01,-2.361339308970400452e-02,5.914986133575439453e-03,-2.501955628395080566e-01,1.234391921229871514e-03,8.438825607299804688e-04,-3.498918414115905762e-01,5.249022930229330086e-04,-1.979470252990722656e-03,-4.116380810737609863e-01,-4.018625027470079658e-03,-6.277024745941162109e-03,-4.615317583084106445e-01,-9.265535294048277137e-03,3.759700059890747070e-02,-2.152580618858337402e-01,2.874824202649506333e-03,4.171645641326904297e-02,-2.756450176239013672e-01,3.843269760750445130e-03,4.074865579605102539e-02,-3.147483468055725098e-01,3.887669633172663453e-03,4.054325819015502930e-02,-3.488090634346008301e-01,3.156231467642101052e-03
0.000000000000000000e+00,0.000000000000000000e+00,0.000000000000000000e+00,-4.161894321441650391e-02,-6.167060136795043945e-02,-3.246180111108287747e-02,-7.455623149871826172e-02,-1.516347527503967285e-01,-4.355510467229350979e-02,-9.484243392944335938e-02,-2.176499962806701660e-01,-5.061190718350871975e-02,-1.033297181129455566e-01,-2.781854867935180664e-01,-5.487815806208118374e-02,-4.992556571960449219e-02,-2.668042182922363281e-01,-1.898040951726898129e-02,-6.513649225234985352e-02,-3.786687850952148438e-01,-3.832958781657680447e-02,-7.536929845809936523e-02,-4.478655457496643066e-01,-5.514035889444812710e-02,-8.441150188446044922e-02,-5.048567950725555420e-01,-6.614197561083301480e-02,-2.071017026901245117e-02,-2.682099342346191406e-01,-1.344336991695627148e-02,-2.898544073104858398e-02,-3.826193809509277344e-01,-2.357423634765609677e-02,-3.357952833175659180e-02,-4.548698067665100098e-01,-3.379322358904346402e-02,-3.839451074600219727e-02,-5.118683278560638428e-01,-4.109935605464443142e-02,9.233355522155761719e-03,-2.491680979728698730e-01,-1.270420899180635388e-02,3.718912601470947266e-03,-3.486717939376831055e-01,-1.896691837845310147e-02,1.019895076751708984e-03,-4.113056063652038574e-01,-2.395940342483982022e-02,-2.903819084167480469e-03,-4.617555737495422363e-01,-2.881830701170429165e-02,4.068511724472045898e-02,-2.121659517288208008e-01,-1.634341062543853695e-02,4.501110315322875977e-02,-2.720280289649963379e-01,-1.975576722560390408e-02,4.478490352630615234e-02,-3.134237229824066162e-01,-1.982293793497547085e-02,4.498010873794555664e-02,-3.490337431430816650e-01,-2.003307969806655819e-02
0.000000000000000000e+00,0.000000000000000000e+00,0.000000000000000000e+00,-4.372799396514892578e-02,-6.054425239562988281e-02,-3.632967977989665087e-02,-7.762825489044189453e-02,-1.504943966865539551e-01,-4.734239041079035815e-02,-9.917992353439331055e-02,-2.180132865905761719e-01,-5.312071426976672228e-02,-1.071529388427734375e-01,-2.802588939666748047e-01,-5.552163406480303820e-02,-5.188298225402832031e-02,-2.662388086318969727e-01,-1.913673303295126971e-02,-6.800985336303710938e-02,-3.796052932739257812e-01,-3.694946377743235644e-02,-7.866311073303222656e-02,-4.496581852436065674e-01,-5.278948753345957812e-02,-8.748871088027954102e-02,-5.069380700588226318e-01,-6.290497689712992724e-02,-2.250105142593383789e-02,-2.677348256111145020e-01,-9.808289475927267631e-03,-3.035974502563476562e-02,-3.826968967914581299e-01,-1.717135182786933001e-02,-3.430879116058349609e-02,-4.549256861209869385e-01,-2.549018210936537798e-02,-3.872913122177124023e-02,-5.114052593708038330e-01,-3.156690358389369067e-02,7.576048374176025391e-03,-2.488843202590942383e-01,-5.763461005130920967e-03,2.532124519348144531e-03,-3.471187353134155273e-01,-9.151274927148733696e-03,-6.216764450073242188e-05,-4.096429944038391113e-01,-1.288604143280736025e-02,-3.710567951202392578e-03,-4.601411223411560059e-01,-1.709662622977248247e-02,3.899478912353515625e-02,-2.129103541374206543e-01,-6.564381189832602104e-03,4.229563474655151367e-02,-2.736483216285705566e-01,-7.120825939068708976e-03,4.185175895690917969e-02,-3.136158585548400879e-01,-5.947137374619160255e-03,4.238855838775634766e-02,-3.481848239898681641e-01,-5.510059308448944648e-03
0.000000000000000000e+00,0.000000000000000000e+00,0.000000000000000000e+00,-4.339581727981567383e-02,-6.028223037719726562e-02,-3.619787979391730914e-02,-7.823878526687622070e-02,-1.495779156684875488e-01,-4.620995509890235553e-02,-1.002155542373657227e-01,-2.152972817420959473e-01,-5.092109132078803668e-02,-1.076402068138122559e-01,-2.762530446052551270e-01,-5.208897727993644367e-02,-5.164337158203125000e-02,-2.671191692352294922e-01,-1.703404958811916003e-02,-6.879168748855590820e-02,-3.781569004058837891e-01,-3.354214641717589984e-02,-7.968664169311523438e-02,-4.467547535896301270e-01,-4.865044492748893390e-02,-8.859455585479736328e-02,-5.032536089420318604e-01,-5.842445183066047321e-02,-2.280110120773315430e-02,-2.695409655570983887e-01,-7.488891458933721879e-03,-3.207749128341674805e-02,-3.824307620525360107e-01,-1.364227894214309345e-02,-3.656202554702758789e-02,-4.535664618015289307e-01,-2.153314601150668750e-02,-4.096752405166625977e-02,-5.092199146747589111e-01,-2.739046278861678729e-02,6.804764270782470703e-03,-2.513829469680786133e-01,-3.352469741230379441e-03,1.140415668487548828e-03,-3.484522700309753418e-01,-6.087521067684065201e-03,-1.439809799194335938e-03,-4.096904993057250977e-01,-1.003700632122672687e-02,-4.860460758209228516e-03,-4.596991539001464844e-01,-1.440862424192346225e-02,3.785115480422973633e-02,-2.157713770866394043e-01,-4.109269915943514206e-03,4.131603240966796875e-02,-2.744422554969787598e-01,-4.426767560516964295e-03,4.077845811843872070e-02,-3.132628202438354492e-01,-3.666788549026023247e-03,4.132491350173950195e-02,-3.466897606849670410e-01,-3.510571759989034035e-03
0.000000000000000000e+00,0.000000000000000000e+00,0.000000000000000000e+00,-4.420244693756103516e-02,-6.148570775985717773e-02,-4.563320991735508869e-02,-7.458561658859252930e-02,-1.536464095115661621e-01,-5.738278669457486103e-02,-9.694665670394897461e-02,-2.207268476486206055e-01,-6.164704826812794636e-02,-1.039127111434936523e-01,-2.842819690704345703e-01,-6.213669297437718342e-02,-5.061644315719604492e-02,-2.681779265403747559e-01,-2.040798594396164845e-02,-6.596255302429199219e-02,-3.802740573883056641e-01,-3.633526158671429585e-02,-7.679092884063720703e-02,-4.503390192985534668e-01,-5.288984072547009418e-02,-8.483296632766723633e-02,-5.083874464035034180e-01,-6.396297183971455524e-02,-2.112549543380737305e-02,-2.693251967430114746e-01,-3.741823883387951355e-03,-2.947318553924560547e-02,-3.839761018753051758e-01,-7.484947845000533562e-03,-3.321641683578491211e-02,-4.561451673507690430e-01,-1.616169703345349262e-02,-3.862750530242919922e-02,-5.129424929618835449e-01,-2.341616717319539021e-02,8.909344673156738281e-03,-2.506167888641357422e-01,6.642280564051361580e-03,4.398822784423828125e-03,-3.491155207157135010e-01,6.509514477443190117e-03,2.097487449645996094e-03,-4.108009338378906250e-01,1.074147479016573925e-03,-1.430332660675048828e-03,-4.611317515373229980e-01,-5.068320363420752983e-03,4.041624069213867188e-02,-2.166330218315124512e-01,1.128824329782673885e-02,4.438662528991699219e-02,-2.767160534858703613e-01,1.332166413624236156e-02,4.430735111236572266e-02,-3.156065940856933594e-01,1.292700408805558254e-02,4.592794179916381836e-02,-3.500574827194213867e-01,1.138574625213095715e-02
0.000000000000000000e+00,0.000000000000000000e+00,0.000000000000000000e+00,-4.491317272186279297e-02,-6.203812360763549805e-02,-3.419481899445031559e-02,-7.747244834899902344e-02,-1.534696221351623535e-01,-4.280909087364648258e-02,-9.830504655838012695e-02,-2.186630964279174805e-01,-4.643780674641106998e-02,-1.047135591506958008e-01,-2.788029909133911133e-01,-4.664841230814431583e-02,-5.074208974838256836e-02,-2.683610320091247559e-01,-1.453214913462375080e-02,-6.587022542953491211e-02,-3.799911141395568848e-01,-3.086939390604470645e-02,-7.629060745239257812e-02,-4.486362040042877197e-01,-4.620727460687135135e-02,-8.500397205352783203e-02,-5.050921142101287842e-01,-5.605731841032479679e-02,-2.144980430603027344e-02,-2.701275944709777832e-01,-5.328683013516410938e-03,-2.959257364273071289e-02,-3.837218880653381348e-01,-1.094226103131745731e-02,-3.366070985794067383e-02,-4.550920724868774414e-01,-1.893643785123799717e-02,-3.858143091201782227e-02,-5.116419196128845215e-01,-2.494647290413354312e-02,8.680343627929687500e-03,-2.518649101257324219e-01,-1.433557312424227348e-03,3.455221652984619141e-03,-3.500365614891052246e-01,-3.409365721466883770e-03,1.014769077301025391e-03,-4.114642441272735596e-01,-7.320757786231979480e-03,-2.911090850830078125e-03,-4.615513682365417480e-01,-1.170483726863835727e-02,3.995752334594726562e-02,-2.169974446296691895e-01,-2.278642792674645534e-03,4.363536834716796875e-02,-2.776848673820495605e-01,-1.930331060151502243e-03,4.332393407821655273e-02,-3.172387182712554932e-01,-9.767142529142347485e-04,4.412722587585449219e-02,-3.512856066226959229e-01,-7.143567255241123348e-04
0.000000000000000000e+00,0.000000000000000000e+00,0.000000000000000000e+00,-4.453319311141967773e-02,-6.262463331222534180e-02,-3.670096714719761621e-02,-7.626456022262573242e-02,-1.543463468551635742e-01,-4.599808846339215052e-02,-9.744089841842651367e-02,-2.196470499038696289e-01,-4.986629952415455591e-02,-1.044093966484069824e-01,-2.807294130325317383e-01,-5.033199806436527979e-02,-5.133789777755737305e-02,-2.670919895172119141e-01,-1.611908097490299951e-02,-6.672632694244384766e-02,-3.792294561862945557e-01,-3.223589380010594141e-02,-7.731056213378906250e-02,-4.484978616237640381e-01,-4.762268756255139124e-02,-8.611023426055908203e-02,-5.054521262645721436e-01,-5.758329798206318628e-02,-2.200174331665039062e-02,-2.690619826316833496e-01,-5.360333628203761691e-03,-3.058123588562011719e-02,-3.832578659057617188e-01,-1.077620164230097544e-02,-3.449207544326782227e-02,-4.554609656333923340e-01,-1.918087471946705591e-02,-3.948068618774414062e-02,-5.122696757316589355e-01,-2.559701111837853205e-02,8.138358592987060547e-03,-2.512902021408081055e-01,-6.343599758906748320e-05,2.366542816162109375e-03,-3.501093983650207520e-01,-1.727192692641210670e-03,5.370974540710449219e-04,-4.121868610382080078e-01,-6.499645679440391177e-03,-2.885222434997558594e-03,-4.629698991775512695e-01,-1.172800120636452448e-02,3.898841142654418945e-02,-2.172007560729980469e-01,3.321067188437609730e-04,4.263997077941894531e-02,-2.763687968254089355e-01,1.122110726129221803e-03,4.298150539398193359e-02,-3.155903220176696777e-01,1.517384399477350598e-03,4.451376199722290039e-02,-3.494357764720916748e-01,1.063717149946796781e-03
0.000000000000000000e+00,0.000000000000000000e+00,0.000000000000000000e+00,-4.410976171493530273e-02,-5.995672941207885742e-02,-3.219901865710994571e-02,-7.806760072708129883e-02,-1.498363018035888672e-01,-4.162518775453349917e-02,-9.807676076889038086e-02,-2.161027193069458008e-01,-4.684563449015399783e-02,-1.053251028060913086e-01,-2.770491838455200195e-01,-4.888520857682010501e-02,-5.185645818710327148e-02,-2.664658427238464355e-01,-1.573689563562652438e-02,-6.756132841110229492e-02,-3.778867423534393311e-01,-3.308511620750209659e-02,-7.788050174713134766e-02,-4.463905394077301025e-01,-4.839266932000896304e-02,-8.668094873428344727e-02,-5.027584731578826904e-01,-5.830181485404750674e-02,-2.230602502822875977e-02,-2.680591940879821777e-01,-9.427980542085379057e-03,-3.111553192138671875e-02,-3.813452124595642090e-01,-1.736587753882190555e-02,-3.532177209854125977e-02,-4.527456760406494141e-01,-2.628074681749126285e-02,-3.949636220932006836e-02,-5.095978677272796631e-01,-3.270053213825008243e-02,7.829666137695312500e-03,-2.496184706687927246e-01,-8.130842842064112119e-03,2.333998680114746094e-03,-3.476972281932830811e-01,-1.274575481554052203e-02,3.538727760314941406e-04,-4.092763960361480713e-01,-1.711518226554176181e-02,-2.612829208374023438e-03,-4.600201249122619629e-01,-2.151803395142337649e-02,3.958904743194580078e-02,-2.141586542129516602e-01,-1.129162686308404773e-02,4.245489835739135742e-02,-2.741930484771728516e-01,-1.323979815830966800e-02,4.230767488479614258e-02,-3.142750859260559082e-01,-1.263957472880861133e-02,4.328411817550659180e-02,-3.490335345268249512e-01,-1.240216290941020816e-02
0.000000000000000000e+00,0.000000000000000000e+00,0.000000000000000000e+00,-4.344671964645385742e-02,-5.860042572021484375e-02,-3.678970424445537901e-02,-7.690376043319702148e-02,-1.476746201515197754e-01,-4.799311248572735167e-02,-9.810662269592285156e-02,-2.145649194717407227e-01,-5.405404431732563353e-02,-1.057658791542053223e-01,-2.771536707878112793e-01,-5.670889480026630736e-02,-5.141788721084594727e-02,-2.669180035591125488e-01,-1.827241679640678740e-02,-6.719195842742919922e-02,-3.781994879245758057e-01,-3.575944168480305052e-02,-7.797890901565551758e-02,-4.466544389724731445e-01,-5.167718244703678465e-02,-8.681255578994750977e-02,-5.034851729869842529e-01,-6.208039833219913817e-02,-2.217942476272583008e-02,-2.682049274444580078e-01,-9.137815926095527175e-03,-3.121441602706909180e-02,-3.808983564376831055e-01,-1.621361462386516905e-02,-3.572690486907958984e-02,-4.524088501930236816e-01,-2.496401792379288054e-02,-4.051631689071655273e-02,-5.094474554061889648e-01,-3.151139629991916991e-02,7.857680320739746094e-03,-2.491959929466247559e-01,-5.465589593967479232e-03,2.419769763946533203e-03,-3.460918664932250977e-01,-9.149358738085311415e-03,1.884102821350097656e-04,-4.073143601417541504e-01,-1.363985160352854109e-02,-3.471136093139648438e-03,-4.583192467689514160e-01,-1.839485218735603667e-02,3.933525085449218750e-02,-2.137131690979003906e-01,-6.708978339901250365e-03,4.261881113052368164e-02,-2.730550765991210938e-01,-8.031073156615775588e-03,4.231888055801391602e-02,-3.118836581707000732e-01,-7.703108377626222136e-03,4.318505525588989258e-02,-3.461199700832366943e-01,-7.854435723146480086e-03
0.000000000000000000e+00,0.000000000000000000e+00,0.000000000000000000e+00,-4.430872201919555664e-02,-5.949628353118896484e-02,-3.580291708172467224e-02,-7.861119508743286133e-02,-1.489027738571166992e-01,-4.604288329542782776e-02,-9.993362426757812500e-02,-2.157807350158691406e-01,-5.112438042820599549e-02,-1.081654429435729980e-01,-2.781098484992980957e-01,-5.277946357787755005e-02,-5.276948213577270508e-02,-2.669340372085571289e-01,-1.729715009392407410e-02,-6.945270299911499023e-02,-3.790682256221771240e-01,-3.383859013379719727e-02,-8.054977655410766602e-02,-4.483627378940582275e-01,-4.897879948080685608e-02,-8.954232931137084961e-02,-5.053641498088836670e-01,-5.871951718987133972e-02,-2.320784330368041992e-02,-2.690543532371520996e-01,-7.938361253451375887e-03,-3.251004219055175781e-02,-3.821930885314941406e-01,-1.375210610390809052e-02,-3.721058368682861328e-02,-4.535055756568908691e-01,-2.146165211857464783e-02,-4.182291030883789062e-02,-5.091852843761444092e-01,-2.724578184248116486e-02,7.249593734741210938e-03,-2.504813671112060547e-01,-3.885863574083714411e-03,1.223564147949218750e-03,-3.483034372329711914e-01,-6.173169698428182528e-03,-1.920819282531738281e-03,-4.097797572612762451e-01,-9.702589820932416842e-03,-6.056249141693115234e-03,-4.596207141876220703e-01,-1.385381677360442154e-02,3.902769088745117188e-02,-2.149372696876525879e-01,-4.680125966530113146e-03,4.208993911743164062e-02,-2.741669416427612305e-01,-4.804322954129247591e-03,4.141819477081298828e-02,-3.137542605400085449e-01,-3.695716841008334086e-03,4.199635982513427734e-02,-3.478094935417175293e-01,-3.240856334429054186e-03
0.000000000000000000e+00,0.000000000000000000e+00,0.000000000000000000e+00,-4.406988620758056641e-02,-5.898082256317138672e-02,-3.381587663733398585e-02,-7.859969139099121094e-02,-1.473582386970520020e-01,-4.481885308467781215e-02,-9.830462932586669922e-02,-2.141873836517333984e-01,-5.132412264191543727e-02,-1.058289408683776855e-01,-2.754825949668884277e-01,-5.475526401841079860e-02,-5.079442262649536133e-02,-2.662560939788818359e-01,-1.880484731935894160e-02,-6.677407026290893555e-02,-3.774132728576660156e-01,-3.717400232397949367e-02,-7.749760150909423828e-02,-4.462762176990509033e-01,-5.350196460329925685e-02,-8.671414852142333984e-02,-5.029292702674865723e-01,-6.415456632220184474e-02,-2.163577079772949219e-02,-2.677859067916870117e-01,-1.198647083782589107e-02,-3.006470203399658203e-02,-3.814874291419982910e-01,-2.039076486670410304e-02,-3.434997797012329102e-02,-4.531689882278442383e-01,-2.964390540563499599e-02,-3.863137960433959961e-02,-5.094076097011566162e-01,-3.645056957446968227e-02,8.116006851196289062e-03,-2.489433288574218750e-01,-1.018713979118501811e-02,2.608299255371093750e-03,-3.479956388473510742e-01,-1.514010323279535442e-02,-2.098083496093750000e-04,-4.104394614696502686e-01,-1.992749335312282710e-02,-3.961622714996337891e-03,-4.607171416282653809e-01,-2.481752732836639552e-02,3.971153497695922852e-02,-2.124322652816772461e-01,-1.294245762818491130e-02,4.373729228973388672e-02,-2.718086838722229004e-01,-1.553387666189109950e-02,4.313975572586059570e-02,-3.119347691535949707e-01,-1.551016239517366557e-02,4.334300756454467773e-02,-3.462911844253540039e-01,-1.574716815792953639e-02
0.000000000000000000e+00,0.000000000000000000e+00,0.000000000000000000e+00,-4.651904106140136719e-02,-5.975455045700073242e-02,-3.117206504620639862e-02,-7.943677902221679688e-02,-1.517360806465148926e-01,-4.010295121051399292e-02,-9.705948829650878906e-02,-2.201174497604370117e-01,-4.487420244194595398e-02,-1.051180958747863770e-01,-2.809597849845886230e-01,-4.674976689793197693e-02,-5.105668306350708008e-02,-2.646404504776000977e-01,-1.688471434690086426e-02,-6.576508283615112305e-02,-3.777289986610412598e-01,-3.465860335208503784e-02,-7.619655132293701172e-02,-4.472552537918090820e-01,-5.025265364028541626e-02,-8.549225330352783203e-02,-5.041012465953826904e-01,-6.015000490523902954e-02,-2.056473493576049805e-02,-2.672348022460937500e-01,-1.073678487964002670e-02,-2.882331609725952148e-02,-3.833128809928894043e-01,-1.846752872742740692e-02,-3.341603279113769531e-02,-4.556249976158142090e-01,-2.694362586416332306e-02,-3.832948207855224609e-02,-5.130502283573150635e-01,-3.293811900593368591e-02,1.008492708206176758e-02,-2.496719360351562500e-01,-9.280828740969582213e-03,4.088342189788818359e-03,-3.501938283443450928e-01,-1.312317324854461731e-02,9.540915489196777344e-04,-4.125480055809020996e-01,-1.663019878841964783e-02,-2.985537052154541016e-03,-4.629761874675750732e-01,-2.048066815413562836e-02,4.229193925857543945e-02,-2.146586179733276367e-01,-1.219425441749422134e-02,4.510396718978881836e-02,-2.763743400573730469e-01,-1.323516851343242706e-02,4.440534114837646484e-02,-3.169218897819519043e-01,-1.165201978810159744e-02,4.459697008132934570e-02,-3.514550924301147461e-01,-1.067435832746355118e-02
0.000000000000000000e+00,0.000000000000000000e+00,0.000000000000000000e+00,-4.551208019256591797e-02,-6.123530864715576172e-02,-3.779452211517764226e-02,-7.911360263824462891e-02,-1.525974273681640625e-01,-4.784827969331217901e-02,-1.004563570022583008e-01,-2.193330526351928711e-01,-5.227056808132601873e-02,-1.073449254035949707e-01,-2.804534435272216797e-01,-5.316482774276209966e-02,-5.229824781417846680e-02,-2.669216990470886230e-01,-1.752347230274153844e-02,-6.777191162109375000e-02,-3.786289393901824951e-01,-3.464519894976092473e-02,-7.856935262680053711e-02,-4.483146071434020996e-01,-5.057466692585421697e-02,-8.726149797439575195e-02,-5.060275793075561523e-01,-6.088384158272219793e-02,-2.261555194854736328e-02,-2.681778669357299805e-01,-6.685746473408471502e-03,-3.087788820266723633e-02,-3.820576071739196777e-01,-1.282290659207774297e-02,-3.446280956268310547e-02,-4.548214673995971680e-01,-2.087287335950804845e-02,-3.824961185455322266e-02,-5.124244689941406250e-01,-2.695944636423064367e-02,7.890641689300537109e-03,-2.490769028663635254e-01,-1.483164367414246954e-03,2.807259559631347656e-03,-3.468228876590728760e-01,-4.201203690058719076e-03,2.048015594482421875e-04,-4.091039299964904785e-01,-8.382885822243224538e-03,-3.261804580688476562e-03,-4.603369235992431641e-01,-1.289042561609221593e-02,3.987258672714233398e-02,-2.133516073226928711e-01,-1.316300931534897245e-03,4.350167512893676758e-02,-2.737989425659179688e-01,-1.800062123834322847e-03,4.313343763351440430e-02,-3.139365911483764648e-01,-1.379987330324183858e-03,4.419034719467163086e-02,-3.496106266975402832e-01,-1.525926974750291265e-03
0.000000000000000000e+00,0.000000000000000000e+00,0.000000000000000000e+00,-4.488575458526611328e-02,-5.931383371353149414e-02,-3.989340332876167849e-02,-7.665932178497314453e-02,-1.514346003532409668e-01,-5.044457656870804385e-02,-9.847992658615112305e-02,-2.182259559631347656e-01,-5.467847702632866458e-02,-1.056912541389465332e-01,-2.814134955406188965e-01,-5.525924978385887698e-02,-5.139952898025512695e-02,-2.677485346794128418e-01,-1.950930771957359866e-02,-6.637567281723022461e-02,-3.794156908988952637e-01,-3.718912196885071353e-02,-7.703739404678344727e-02,-4.497415125370025635e-01,-5.402791840563736514e-02,-8.520489931106567383e-02,-5.073450207710266113e-01,-6.484528971444092349e-02,-2.214515209197998047e-02,-2.682675123214721680e-01,-6.648936919674497403e-03,-3.073751926422119141e-02,-3.829884529113769531e-01,-1.211441741864405230e-02,-3.461551666259765625e-02,-4.555695652961730957e-01,-2.015631427596531466e-02,-3.966045379638671875e-02,-5.125850439071655273e-01,-2.640999821554146365e-02,8.370399475097656250e-03,-2.494645118713378906e-01,4.730346849726174696e-04,2.567350864410400391e-03,-3.483760058879852295e-01,-9.936567217039282696e-04,-1.181960105895996094e-04,-4.110491275787353516e-01,-5.199466511413675107e-03,-3.681004047393798828e-03,-4.620966017246246338e-01,-1.004391131530724124e-02,4.067528247833251953e-02,-2.147879600524902344e-01,2.349698538154143534e-03,4.403209686279296875e-02,-2.756800055503845215e-01,2.855441387936252795e-03,4.360759258270263672e-02,-3.151701688766479492e-01,3.109158104479092799e-03,4.502350091934204102e-02,-3.499529957771301270e-01,2.651062416106242381e-03
