0.000000000000000000e+00,0.000000000000000000e+00,0.000000000000000000e+00,1.842972636222839355e-02,-5.751138925552368164e-02,-1.268336820572812940e-02,1.178562641143798828e-03,-1.278233528137207031e-01,-1.472173064172466184e-02,-3.332811594009399414e-02,-1.577593088150024414e-01,-1.670937697559793378e-02,-6.563118100166320801e-02,-1.493734121322631836e-01,-1.920946958631475354e-02,-5.337250232696533203e-02,-1.640180349349975586e-01,-4.332819871308402071e-03,-7.356703281402587891e-02,-2.312497496604919434e-01,-1.707959446281392957e-02,-8.547523617744445801e-02,-2.789168357849121094e-01,-2.885598029166658307e-02,-9.448143839836120605e-02,-3.183484673500061035e-01,-3.714350137084920789e-02,-7.467755675315856934e-02,-1.574275493621826172e-01,-8.581836625637606630e-03,-1.040843129158020020e-01,-2.329080104827880859e-01,-1.885901103884179975e-02,-1.204721331596374512e-01,-2.904379665851593018e-01,-2.985030870109994794e-02,-1.320758759975433350e-01,-3.342954814434051514e-01,-3.722398999303777600e-02,-8.759394288063049316e-02,-1.395075321197509766e-01,-1.563380557269056226e-02,-1.229294836521148682e-01,-2.107308506965637207e-01,-2.771550688117940808e-02,-1.442583799362182617e-01,-2.669808864593505859e-01,-4.047212648362119580e-02,-1.600629985332489014e-01,-3.097614049911499023e-01,-4.837533357709844495e-02,-9.450727701187133789e-02,-1.130164861679077148e-01,-2.400585535139043714e-02,-1.239250302314758301e-01,-1.667447686195373535e-01,-3.556077825993497754e-02,-1.418628692626953125e-01,-2.096080183982849121e-01,-4.269205677479703809e-02,-1.554923057556152344e-01,-2.442159056663513184e-01,-4.734078320831258679e-02
0.000000000000000000e+00,0.000000000000000000e+00,0.000000000000000000e+00,1.578021049499511719e-02,-6.622779369354248047e-02,-1.086746317511710913e-02,-2.226471900939941406e-03,-1.387798190116882324e-01,-1.255470768725786002e-02,-3.945916891098022461e-02,-1.654711961746215820e-01,-1.494053353732738287e-02,-7.242590188980102539e-02,-1.591178774833679199e-01,-1.777424917733583243e-02,-5.627384781837463379e-02,-1.716970205307006836e-01,8.315210166358610877e-04,-7.648929953575134277e-02,-2.417066097259521484e-01,-1.212681059902820380e-02,-8.787986636161804199e-02,-2.887094616889953613e-01,-2.419830181813154013e-02,-9.560880064964294434e-02,-3.278207778930664062e-01,-3.266231225049409659e-02,-7.696717977523803711e-02,-1.640895605087280273e-01,-5.008796445935104202e-03,-1.089636981487274170e-01,-2.407560348510742188e-01,-1.541905359542283804e-02,-1.257900297641754150e-01,-2.968564033508300781e-01,-2.611974508678827078e-02,-1.360889375209808350e-01,-3.406190872192382812e-01,-3.367197768008622916e-02,-8.921754360198974609e-02,-1.453820466995239258e-01,-1.433192913597736151e-02,-1.283390223979949951e-01,-2.200714349746704102e-01,-2.729983882224473746e-02,-1.504094600677490234e-01,-2.768477201461791992e-01,-4.017643139874849112e-02,-1.646582186222076416e-01,-3.215565681457519531e-01,-4.855527983224305899e-02,-9.643816947937011719e-02,-1.178576350212097168e-01,-2.489814602947149069e-02,-1.259303689002990723e-01,-1.700695753097534180e-01,-3.742610545074853690e-02,-1.440614759922027588e-01,-2.134627699851989746e-01,-4.536925138151559622e-02,-1.574180126190185547e-01,-2.500209212303161621e-01,-5.096679807817849905e-02
0.000000000000000000e+00,0.000000000000000000e+00,0.000000000000000000e+00,1.652842760086059570e-02,-6.848233938217163086e-02,-1.016490404893488630e-02,-1.199632883071899414e-03,-1.440545916557312012e-01,-1.058235914845795378e-02,-3.903862833976745605e-02,-1.708061695098876953e-01,-1.204959453482956633e-02,-7.235604524612426758e-02,-1.610038876533508301e-01,-1.366146338571638807e-02,-5.600067973136901855e-02,-1.786386966705322266e-01,6.047391226246645601e-03,-7.633695006370544434e-02,-2.483341693878173828e-01,-5.511204352870890943e-03,-8.790373802185058594e-02,-2.940870821475982666e-01,-1.708158721615404829e-02,-9.586933255195617676e-02,-3.326001465320587158e-01,-2.541399059285254225e-02,-7.746326923370361328e-02,-1.711329221725463867e-01,1.137706220788459177e-06,-1.089082658290863037e-01,-2.468915581703186035e-01,-9.189614666894385664e-03,-1.257655322551727295e-01,-3.020260334014892578e-01,-1.943714787651629194e-02,-1.362826228141784668e-01,-3.457938432693481445e-01,-2.679421809901327833e-02,-9.043419361114501953e-02,-1.523745656013488770e-01,-9.863534583047339765e-03,-1.283248960971832275e-01,-2.262631058692932129e-01,-2.185460050989718184e-02,-1.495715677738189697e-01,-2.820985913276672363e-01,-3.404716086973280653e-02,-1.635145246982574463e-01,-3.269450068473815918e-01,-4.206496534337134108e-02,-9.853544831275939941e-02,-1.249043941497802734e-01,-2.116677035976977095e-02,-1.272514164447784424e-01,-1.772899031639099121e-01,-3.242467028488249525e-02,-1.447864174842834473e-01,-2.201471924781799316e-01,-3.962813002456755385e-02,-1.579285264015197754e-01,-2.569618821144104004e-01,-4.492284787286848768e-02
0.000000000000000000e+00,0.000000000000000000e+00,0.000000000000000000e+00,1.642879843711853027e-02,-6.869113445281982422e-02,-9.537518822412494046e-03,-2.414107322692871094e-03,-1.451563835144042969e-01,-9.350160934786799771e-03,-4.096817970275878906e-02,-1.721581816673278809e-01,-1.026485660747766815e-02,-7.376205921173095703e-02,-1.620569825172424316e-01,-1.123827216849804245e-02,-5.796086788177490234e-02,-1.806291937828063965e-01,6.852331704635616916e-03,-7.765659689903259277e-02,-2.502407431602478027e-01,-3.765957063819769246e-03,-8.856588602066040039e-02,-2.948112487792968750e-01,-1.444449169264316879e-02,-9.587690234184265137e-02,-3.317730426788330078e-01,-2.235967000649452530e-02,-7.915008068084716797e-02,-1.732622385025024414e-01,6.802480371561614447e-04,-1.108343899250030518e-01,-2.496325373649597168e-01,-8.010663890104297025e-03,-1.276104152202606201e-01,-3.043355345726013184e-01,-1.772462283895492874e-02,-1.380981504917144775e-01,-3.473747968673706055e-01,-2.470482593105316482e-02,-9.155741333961486816e-02,-1.540363430976867676e-01,-9.235165879886153562e-03,-1.291860044002532959e-01,-2.293303608894348145e-01,-2.121034158096790634e-02,-1.501141488552093506e-01,-2.840715050697326660e-01,-3.353817095683098159e-02,-1.642595231533050537e-01,-3.279858827590942383e-01,-4.165531029627800308e-02,-9.855318069458007812e-02,-1.255499720573425293e-01,-2.047725287900448166e-02,-1.265411078929901123e-01,-1.758372783660888672e-01,-3.246004586742401443e-02,-1.446094512939453125e-01,-2.170625329017639160e-01,-4.040554990695000015e-02,-1.589722931385040283e-01,-2.528827190399169922e-01,-4.613579889462471328e-02
0.000000000000000000e+00,0.000000000000000000e+00,0.000000000000000000e+00,1.677036285400390625e-02,-6.905031204223632812e-02,-1.019912769950792608e-02,-1.965075731277465820e-03,-1.463192701339721680e-01,-9.782928022815440272e-03,-4.100388288497924805e-02,-1.745584011077880859e-01,-1.045098246939346609e-02,-7.474476099014282227e-02,-1.649127602577209473e-01,-1.105000635541841802e-02,-5.656710267066955566e-02,-1.836463212966918945e-01,8.900370468126084234e-03,-7.640585303306579590e-02,-2.531884312629699707e-01,-1.134481610989723777e-03,-8.804053068161010742e-02,-2.973834276199340820e-01,-1.188707349754736242e-02,-9.660622477531433105e-02,-3.341985344886779785e-01,-2.009687943316862402e-02,-7.840585708618164062e-02,-1.761519312858581543e-01,3.003221955822255040e-03,-1.094163060188293457e-01,-2.516731023788452148e-01,-5.542955807669613932e-03,-1.264294683933258057e-01,-3.052803874015808105e-01,-1.558797152645752249e-02,-1.377554535865783691e-01,-3.481427431106567383e-01,-2.300171179629728613e-02,-9.161683917045593262e-02,-1.571782827377319336e-01,-6.914144828243706797e-03,-1.278333663940429688e-01,-2.314317822456359863e-01,-1.885527370430395422e-02,-1.485789418220520020e-01,-2.858051061630249023e-01,-3.122831320322916326e-02,-1.629559993743896484e-01,-3.295443654060363770e-01,-3.950650056756899176e-02,-1.000056564807891846e-01,-1.295434832572937012e-01,-1.832932418145105657e-02,-1.278759241104125977e-01,-1.805527806282043457e-01,-3.017861021615431127e-02,-1.459814608097076416e-01,-2.218326926231384277e-01,-3.815663417734072027e-02,-1.604312062263488770e-01,-2.582387924194335938e-01,-4.408595522798464117e-02
0.000000000000000000e+00,0.000000000000000000e+00,0.000000000000000000e+00,1.768639683723449707e-02,-6.895518302917480469e-02,-8.187135367563769250e-03,-2.529293298721313477e-03,-1.470540761947631836e-01,-6.308826303950354486e-03,-4.156774282455444336e-02,-1.758987903594970703e-01,-5.920950940719649225e-03,-7.423356175422668457e-02,-1.651967167854309082e-01,-5.561050179323956399e-03,-5.655992031097412109e-02,-1.837785243988037109e-01,1.101161105287928876e-02,-7.609495520591735840e-02,-2.533031105995178223e-01,2.124254207217290968e-03,-8.737793564796447754e-02,-2.978316545486450195e-01,-7.851444802156493097e-03,-9.560033679008483887e-02,-3.345105648040771484e-01,-1.558402149277071658e-02,-7.803276181221008301e-02,-1.766963601112365723e-01,4.383585729726746649e-03,-1.086985766887664795e-01,-2.525836825370788574e-01,-2.893532545215293794e-03,-1.254023611545562744e-01,-3.066504597663879395e-01,-1.226800835030417147e-02,-1.366075873374938965e-01,-3.490670025348663330e-01,-1.929201806234459582e-02,-9.107598662376403809e-02,-1.582204103469848633e-01,-6.099246128371760278e-03,-1.271596848964691162e-01,-2.323202490806579590e-01,-1.673681350695233050e-02,-1.478163599967956543e-01,-2.869474291801452637e-01,-2.862781906770806017e-02,-1.625673472881317139e-01,-3.303527235984802246e-01,-3.674351485716442767e-02,-9.913173317909240723e-02,-1.315460205078125000e-01,-1.798272753404717150e-02,-1.282137334346771240e-01,-1.835991740226745605e-01,-2.860316323386769000e-02,-1.462678015232086182e-01,-2.250656485557556152e-01,-3.593692617761234942e-02,-1.604597270488739014e-01,-2.610951066017150879e-01,-4.159844728457073870e-02
0.000000000000000000e+00,0.000000000000000000e+00,0.000000000000000000e+00,1.677268743515014648e-02,-7.002538442611694336e-02,-7.702356346669603226e-03,-4.254430532455444336e-03,-1.484629511833190918e-01,-5.939820923629213212e-03,-4.238632321357727051e-02,-1.761872172355651855e-01,-5.792791631790805695e-03,-7.506728172302246094e-02,-1.643987298011779785e-01,-5.815009263130832551e-03,-5.772235989570617676e-02,-1.860817074775695801e-01,1.006168205964286244e-02,-7.765141129493713379e-02,-2.551060318946838379e-01,6.270449699172786495e-04,-8.880585432052612305e-02,-2.993699610233306885e-01,-9.611385085406709550e-03,-9.681326150894165039e-02,-3.362160325050354004e-01,-1.757142707032244289e-02,-7.896324992179870605e-02,-1.778491139411926270e-01,2.833608628463935020e-03,-1.103299558162689209e-01,-2.531135082244873047e-01,-5.148537133607078431e-03,-1.270436346530914307e-01,-3.070155978202819824e-01,-1.484766616744082057e-02,-1.383545100688934326e-01,-3.501473069190979004e-01,-2.210756591779272640e-02,-9.137690067291259766e-02,-1.577783226966857910e-01,-8.154235922518182633e-03,-1.280455291271209717e-01,-2.316058278083801270e-01,-1.955628409308474147e-02,-1.489448547363281250e-01,-2.863213419914245605e-01,-3.176891631704847896e-02,-1.639078557491302490e-01,-3.306661844253540039e-01,-4.006229541522543514e-02,-9.855350852012634277e-02,-1.292153000831604004e-01,-2.046025931161921108e-02,-1.280486285686492920e-01,-1.810590624809265137e-01,-3.184235296470205867e-02,-1.466453075408935547e-01,-2.231758832931518555e-01,-3.959275237542669856e-02,-1.612978875637054443e-01,-2.602149844169616699e-01,-4.553658715707342708e-02
0.000000000000000000e+00,0.000000000000000000e+00,0.000000000000000000e+00,1.599195599555969238e-02,-7.134139537811279297e-02,-7.736688350689746585e-03,-5.195468664169311523e-03,-1.495423316955566406e-01,-6.277295166057683673e-03,-4.357296228408813477e-02,-1.780384778976440430e-01,-6.423852277350761142e-03,-7.655060291290283203e-02,-1.678865551948547363e-01,-6.792128888321258273e-03,-5.762016773223876953e-02,-1.864733695983886719e-01,9.593770037042759213e-03,-7.775732874870300293e-02,-2.556548118591308594e-01,-6.107574341740473756e-05,-8.939203619956970215e-02,-3.000076115131378174e-01,-1.028197245801720783e-02,-9.793314337730407715e-02,-3.369901180267333984e-01,-1.823799206073317691e-02,-7.868146896362304688e-02,-1.785671710968017578e-01,2.388740087496898923e-03,-1.100843846797943115e-01,-2.541313171386718750e-01,-5.821233486187793460e-03,-1.269635856151580811e-01,-3.077589273452758789e-01,-1.528845435137782260e-02,-1.385397911071777344e-01,-3.508399128913879395e-01,-2.239720976109538242e-02,-9.100687503814697266e-02,-1.583794951438903809e-01,-8.572246750247813907e-03,-1.279782652854919434e-01,-2.324361801147460938e-01,-2.024581922347579166e-02,-1.491579711437225342e-01,-2.869099974632263184e-01,-3.224585099275145694e-02,-1.643167734146118164e-01,-3.310727477073669434e-01,-4.036607859785590335e-02,-9.805408120155334473e-02,-1.292175650596618652e-01,-2.081740355248484775e-02,-1.274812519550323486e-01,-1.806201934814453125e-01,-3.243794186170134708e-02,-1.462361216545104980e-01,-2.226585149765014648e-01,-4.022902144248519107e-02,-1.612023413181304932e-01,-2.596467137336730957e-01,-4.618720976765189334e-02
0.000000000000000000e+00,0.000000000000000000e+00,0.000000000000000000e+00,1.645123958587646484e-02,-6.907880306243896484e-02,-8.838237738871157489e-03,-3.822088241577148438e-03,-1.469282507896423340e-01,-7.512299819552481495e-03,-4.287102818489074707e-02,-1.744299530982971191e-01,-7.443814082705557666e-03,-7.586032152175903320e-02,-1.650301218032836914e-01,-7.403267091774523578e-03,-5.817711353302001953e-02,-1.848767995834350586e-01,9.298227251804291882e-03,-7.788980007171630859e-02,-2.545695304870605469e-01,-7.444469059691982693e-05,-8.944213390350341797e-02,-2.991826534271240234e-01,-9.981563790404379688e-03,-9.776294231414794922e-02,-3.360833525657653809e-01,-1.761609922226625713e-02,-7.920533418655395508e-02,-1.774259209632873535e-01,2.986887925601422467e-03,-1.104879379272460938e-01,-2.532209753990173340e-01,-4.739034465217173420e-03,-1.269420981407165527e-01,-3.067930340766906738e-01,-1.379913325484949382e-02,-1.379561126232147217e-01,-3.495395481586456299e-01,-2.060486796375471386e-02,-9.181991219520568848e-02,-1.581352353096008301e-01,-7.188484548294127308e-03,-1.287289261817932129e-01,-2.324557900428771973e-01,-1.849534596379953655e-02,-1.494871675968170166e-01,-2.870069146156311035e-01,-3.036844591673570903e-02,-1.643214821815490723e-01,-3.310787975788116455e-01,-3.838733258720594677e-02,-9.951531887054443359e-02,-1.297483444213867188e-01,-1.873336593683916362e-02,-1.283698081970214844e-01,-1.817104816436767578e-01,-3.002270544942575725e-02,-1.466462612152099609e-01,-2.233259081840515137e-01,-3.769161972280699047e-02,-1.614890694618225098e-01,-2.598087787628173828e-01,-4.354150640841680797e-02
0.000000000000000000e+00,0.000000000000000000e+00,0.000000000000000000e+00,1.719826459884643555e-02,-6.912887096405029297e-02,-8.724752543798786064e-03,-2.463102340698242188e-03,-1.465685963630676270e-01,-7.073976761034828087e-03,-4.229775071144104004e-02,-1.739207506179809570e-01,-6.692243935844999214e-03,-7.493782043457031250e-02,-1.639144420623779297e-01,-6.206711018762689491e-03,-5.676293373107910156e-02,-1.835033297538757324e-01,1.099793081141342554e-02,-7.637089490890502930e-02,-2.527488470077514648e-01,2.107244021885890106e-03,-8.765766024589538574e-02,-2.973753511905670166e-01,-7.736608116260867973e-03,-9.548985958099365234e-02,-3.338800966739654541e-01,-1.523756488256822195e-02,-7.816708087921142578e-02,-1.769827008247375488e-01,5.026106992431778053e-03,-1.092920601367950439e-01,-2.524924874305725098e-01,-1.948923766917687317e-03,-1.255621314048767090e-01,-3.058652281761169434e-01,-1.073996416323552694e-02,-1.358188688755035400e-01,-3.476394712924957275e-01,-1.732617496543298330e-02,-9.144449234008789062e-02,-1.589687466621398926e-01,-4.875249425253969093e-03,-1.280719041824340820e-01,-2.328848242759704590e-01,-1.532063606225619878e-02,-1.482972204685211182e-01,-2.870004773139953613e-01,-2.687660298340688314e-02,-1.622751951217651367e-01,-3.299606442451477051e-01,-3.472974217527280416e-02,-1.000009775161743164e-01,-1.318911910057067871e-01,-1.619333840005765524e-02,-1.284909546375274658e-01,-1.822135448455810547e-01,-2.660202487402330007e-02,-1.465488970279693604e-01,-2.226932644844055176e-01,-3.382411292784581747e-02,-1.611582040786743164e-01,-2.578156590461730957e-01,-3.937697104208837118e-02
0.000000000000000000e+00,0.000000000000000000e+00,0.000000000000000000e+00,1.681178808212280273e-02,-6.944370269775390625e-02,-9.026114891327097212e-03,-2.955496311187744141e-03,-1.471151709556579590e-01,-7.909011158204748426e-03,-4.243472218513488770e-02,-1.746630668640136719e-01,-8.064185331619455610e-03,-7.567980885505676270e-02,-1.653741002082824707e-01,-8.101273390508367811e-03,-5.705437064170837402e-02,-1.841465234756469727e-01,9.841854621612355913e-03,-7.692757248878479004e-02,-2.532582879066467285e-01,1.111146988819200487e-05,-8.820420503616333008e-02,-2.980136275291442871e-01,-1.049779268637962559e-02,-9.610316157341003418e-02,-3.347631394863128662e-01,-1.840074925408430317e-02,-7.809662818908691406e-02,-1.771325469017028809e-01,3.712130880870745386e-03,-1.089231371879577637e-01,-2.522693872451782227e-01,-4.232094685590936933e-03,-1.250526905059814453e-01,-3.058030903339385986e-01,-1.365083741680450657e-02,-1.352584362030029297e-01,-3.476195335388183594e-01,-2.063097624764509419e-02,-9.118720889091491699e-02,-1.584668159484863281e-01,-6.358552320904209409e-03,-1.279692053794860840e-01,-2.321314215660095215e-01,-1.754763914928503254e-02,-1.485863327980041504e-01,-2.865158319473266602e-01,-2.943455806658334950e-02,-1.628494262695312500e-01,-3.298038244247436523e-01,-3.744676529154844502e-02,-9.959292411804199219e-02,-1.307179331779479980e-01,-1.785329176769323567e-02,-1.282088458538055420e-01,-1.812826395034790039e-01,-2.872931032166547993e-02,-1.465772390365600586e-01,-2.223844528198242188e-01,-3.622304095611639241e-02,-1.611768007278442383e-01,-2.580559253692626953e-01,-4.195177002534933308e-02
0.000000000000000000e+00,0.000000000000000000e+00,0.000000000000000000e+00,1.715660095214843750e-02,-6.874269247055053711e-02,-9.049605813657990439e-03,-3.240764141082763672e-03,-1.461831331253051758e-01,-8.097904038464776022e-03,-4.228270053863525391e-02,-1.750165224075317383e-01,-8.451211501693478567e-03,-7.542902231216430664e-02,-1.661952733993530273e-01,-8.855825525557747824e-03,-5.685925483703613281e-02,-1.840320825576782227e-01,8.427872087025889414e-03,-7.708954811096191406e-02,-2.537168860435485840e-01,-1.908295674098781092e-03,-8.824539184570312500e-02,-2.990383803844451904e-01,-1.265620836321090792e-02,-9.593763947486877441e-02,-3.366679549217224121e-01,-2.067899820659135912e-02,-7.793825864791870117e-02,-1.768209338188171387e-01,2.066203157568224924e-03,-1.095218360424041748e-01,-2.524786591529846191e-01,-6.223357052391520483e-03,-1.261040568351745605e-01,-3.067122697830200195e-01,-1.577928033921693896e-02,-1.368775963783264160e-01,-3.496201336383819580e-01,-2.287596767101263140e-02,-9.073317050933837891e-02,-1.580913066864013672e-01,-8.151290242409459097e-03,-1.276133954524993896e-01,-2.326054573059082031e-01,-1.944982935938810442e-02,-1.483811736106872559e-01,-2.875810265541076660e-01,-3.128974628899072741e-02,-1.628312766551971436e-01,-3.314818143844604492e-01,-3.930527833554720019e-02,-9.860208630561828613e-02,-1.305508017539978027e-01,-1.981010404679750536e-02,-1.278007626533508301e-01,-1.824523210525512695e-01,-3.069000994119619463e-02,-1.457807719707489014e-01,-2.244794964790344238e-01,-3.804061305973505114e-02,-1.597270965576171875e-01,-2.610089182853698730e-01,-4.369768617007707689e-02
0.000000000000000000e+00,0.000000000000000000e+00,0.000000000000000000e+00,1.635068655014038086e-02,-6.856006383895874023e-02,-8.519795615370640007e-03,-4.009068012237548828e-03,-1.454642415046691895e-01,-7.451018210645088402e-03,-4.289275407791137695e-02,-1.733098626136779785e-01,-7.767938900883564202e-03,-7.542943954467773438e-02,-1.655328273773193359e-01,-8.096056882436641899e-03,-5.820947885513305664e-02,-1.831788420677185059e-01,9.042807962600818428e-03,-7.816499471664428711e-02,-2.524646520614624023e-01,-1.078083886909553257e-03,-8.909508585929870605e-02,-2.973808050155639648e-01,-1.151496254294670507e-02,-9.648716449737548828e-02,-3.345890641212463379e-01,-1.928951766728914663e-02,-7.901179790496826172e-02,-1.762779951095581055e-01,2.467119941343298706e-03,-1.109567582607269287e-01,-2.519782781600952148e-01,-5.617425669129261223e-03,-1.275199055671691895e-01,-3.056941628456115723e-01,-1.485531673222340032e-02,-1.383291780948638916e-01,-3.484025597572326660e-01,-2.168814454614675924e-02,-9.163355827331542969e-02,-1.575801968574523926e-01,-7.933406982715496270e-03,-1.286037266254425049e-01,-2.324292659759521484e-01,-1.903253596663034841e-02,-1.490810513496398926e-01,-2.866135239601135254e-01,-3.057893913626230642e-02,-1.633817553520202637e-01,-3.302387595176696777e-01,-3.839449573695219442e-02,-9.937915205955505371e-02,-1.294205784797668457e-01,-1.972128440081633016e-02,-1.282332241535186768e-01,-1.805351376533508301e-01,-3.043783072769201681e-02,-1.460392177104949951e-01,-2.220562100410461426e-01,-3.762712318837202474e-02,-1.602499783039093018e-01,-2.585885524749755859e-01,-4.315757368146933004e-02
0.000000000000000000e+00,0.000000000000000000e+00,0.000000000000000000e+00,1.601648330688476562e-02,-6.977152824401855469e-02,-8.139344521879365857e-03,-4.119306802749633789e-03,-1.471107602119445801e-01,-7.013015107332876141e-03,-4.220801591873168945e-02,-1.752392053604125977e-01,-7.502360859035661633e-03,-7.524901628494262695e-02,-1.669333577156066895e-01,-8.005782620131185467e-03,-5.783566832542419434e-02,-1.847006082534790039e-01,1.023524288731891829e-02,-7.781589031219482422e-02,-2.538779973983764648e-01,-5.090474977009762370e-05,-8.880764245986938477e-02,-2.987672090530395508e-01,-1.093904826146285814e-02,-9.656444191932678223e-02,-3.362150192260742188e-01,-1.910281519693057817e-02,-7.871145009994506836e-02,-1.777065992355346680e-01,3.207589608535954540e-03,-1.098946928977966309e-01,-2.528028488159179688e-01,-5.134680898009946759e-03,-1.264081895351409912e-01,-3.067075014114379883e-01,-1.485156699371259492e-02,-1.371596157550811768e-01,-3.497576117515563965e-01,-2.207425575059573930e-02,-9.136122465133666992e-02,-1.587278842926025391e-01,-7.743460715829542096e-03,-1.280142664909362793e-01,-2.332122325897216797e-01,-1.908505673807781022e-02,-1.486057341098785400e-01,-2.875584959983825684e-01,-3.092668543857257646e-02,-1.628743708133697510e-01,-3.314679861068725586e-01,-3.899175825816314500e-02,-9.910270571708679199e-02,-1.308863162994384766e-01,-2.011301893097083848e-02,-1.276016533374786377e-01,-1.819579005241394043e-01,-3.111496347290199083e-02,-1.459738314151763916e-01,-2.237717509269714355e-01,-3.862038779359977525e-02,-1.605801582336425781e-01,-2.607641220092773438e-01,-4.440744000774543565e-02
0.000000000000000000e+00,0.000000000000000000e+00,0.000000000000000000e+00,1.710155606269836426e-02,-6.956505775451660156e-02,-8.744140727060312202e-03,-3.611057996749877930e-03,-1.479350924491882324e-01,-7.305414987342828681e-03,-4.326301813125610352e-02,-1.759032011032104492e-01,-7.195879811035865714e-03,-7.615718245506286621e-02,-1.669777631759643555e-01,-7.045245835172408988e-03,-5.703902244567871094e-02,-1.853274106979370117e-01,9.961798215670114587e-03,-7.669368386268615723e-02,-2.543751597404479980e-01,4.682385876435546379e-04,-8.774659037590026855e-02,-2.987983822822570801e-01,-9.711102222638601233e-03,-9.549295902252197266e-02,-3.355508744716644287e-01,-1.748593394978570359e-02,-7.838505506515502930e-02,-1.781178712844848633e-01,3.632956544322496484e-03,-1.094721853733062744e-01,-2.533122897148132324e-01,-4.027788167434209754e-03,-1.260387301445007324e-01,-3.067648112773895264e-01,-1.324415450318383591e-02,-1.368828713893890381e-01,-3.492018580436706543e-01,-2.011957076712178605e-02,-9.128454327583312988e-02,-1.591691970825195312e-01,-6.589590211945051124e-03,-1.276307702064514160e-01,-2.339087724685668945e-01,-1.750547496004628556e-02,-1.481464505195617676e-01,-2.879832983016967773e-01,-2.924427074714230912e-02,-1.626409888267517090e-01,-3.315472900867462158e-01,-3.726367150767373460e-02,-9.922221302986145020e-02,-1.310737133026123047e-01,-1.823097897096204179e-02,-1.276284158229827881e-01,-1.815310120582580566e-01,-2.905275729818868058e-02,-1.454820632934570312e-01,-2.226983308792114258e-01,-3.650126849635171311e-02,-1.597800254821777344e-01,-2.590247392654418945e-01,-4.222616796715783494e-02
0.000000000000000000e+00,0.000000000000000000e+00,0.000000000000000000e+00,1.661390066146850586e-02,-6.864708662033081055e-02,-8.619614045215939768e-03,-3.787517547607421875e-03,-1.463525891304016113e-01,-7.359006541861390360e-03,-4.199960827827453613e-02,-1.748162508010864258e-01,-7.504275634033774622e-03,-7.506036758422851562e-02,-1.650623679161071777e-01,-7.542814693493937739e-03,-5.729547142982482910e-02,-1.841313242912292480e-01,1.002235234986414980e-02,-7.688736915588378906e-02,-2.537546157836914062e-01,3.798633282201535621e-04,-8.776220679283142090e-02,-2.981528043746948242e-01,-9.980897518886422404e-03,-9.556883573532104492e-02,-3.347592949867248535e-01,-1.788269272734055448e-02,-7.861986756324768066e-02,-1.775156259536743164e-01,3.540939784528518430e-03,-1.097098588943481445e-01,-2.531840205192565918e-01,-4.303131352259015330e-03,-1.263273358345031738e-01,-3.066946864128112793e-01,-1.366476538319716383e-02,-1.375076770782470703e-01,-3.493518233299255371e-01,-2.064905605007538725e-02,-9.153509140014648438e-02,-1.589705348014831543e-01,-6.807838666333054789e-03,-1.273044049739837646e-01,-2.335464358329772949e-01,-1.762252031554112364e-02,-1.473303735256195068e-01,-2.870810031890869141e-01,-2.920960365523228575e-02,-1.615961194038391113e-01,-3.304197192192077637e-01,-3.717470458437333036e-02,-9.926605224609375000e-02,-1.315475702285766602e-01,-1.862193374623188902e-02,-1.265446245670318604e-01,-1.812210679054260254e-01,-2.927740766395459104e-02,-1.446222364902496338e-01,-2.218877673149108887e-01,-3.666415354896912504e-02,-1.594354808330535889e-01,-2.580948472023010254e-01,-4.240491903115639616e-02
0.000000000000000000e+00,0.000000000000000000e+00,0.000000000000000000e+00,1.740860939025878906e-02,-6.822997331619262695e-02,-8.367837141861400596e-03,-3.373801708221435547e-03,-1.467143297195434570e-01,-6.920688055117807380e-03,-4.262053966522216797e-02,-1.744133830070495605e-01,-6.822602092881879798e-03,-7.498171925544738770e-02,-1.639939546585083008e-01,-6.864375169982395164e-03,-5.837240815162658691e-02,-1.848998665809631348e-01,8.914427165279903420e-03,-7.786452770233154297e-02,-2.529606223106384277e-01,-5.907742568638241210e-04,-8.860641717910766602e-02,-2.968333363533020020e-01,-1.068457841466852187e-02,-9.633377194404602051e-02,-3.331478238105773926e-01,-1.857614676993080138e-02,-7.946738600730895996e-02,-1.769165992736816406e-01,2.292999331245937356e-03,-1.101470887660980225e-01,-2.514689564704895020e-01,-5.681130304594717018e-03,-1.262159943580627441e-01,-3.046838939189910889e-01,-1.483820166032501220e-02,-1.370705962181091309e-01,-3.474900126457214355e-01,-2.178102891485877990e-02,-9.171539545059204102e-02,-1.569811701774597168e-01,-8.107482190837345115e-03,-1.279391050338745117e-01,-2.306799888610839844e-01,-1.950338642637916564e-02,-1.480523049831390381e-01,-2.842292785644531250e-01,-3.127276498418041228e-02,-1.623851656913757324e-01,-3.279374241828918457e-01,-3.938374641876407622e-02,-9.857571125030517578e-02,-1.280595064163208008e-01,-1.985907528143115996e-02,-1.268970966339111328e-01,-1.773344278335571289e-01,-3.137993041019626617e-02,-1.450861990451812744e-01,-2.183110117912292480e-01,-3.933778751235195159e-02,-1.598436832427978516e-01,-2.552215456962585449e-01,-4.551200169663616180e-02
0.000000000000000000e+00,0.000000000000000000e+00,0.000000000000000000e+00,1.704171299934387207e-02,-6.702005863189697266e-02,-8.420124436838705151e-03,-4.008680582046508789e-03,-1.441100835800170898e-01,-7.011681116296131222e-03,-4.235833883285522461e-02,-1.732419729232788086e-01,-7.028355050010759442e-03,-7.521605491638183594e-02,-1.643549203872680664e-01,-7.093703626765091030e-03,-5.766370892524719238e-02,-1.821473240852355957e-01,9.542040740029733570e-03,-7.726830244064331055e-02,-2.513387203216552734e-01,1.108119344053193345e-04,-8.798879384994506836e-02,-2.956929802894592285e-01,-1.001952660374172410e-02,-9.555435180664062500e-02,-3.325104117393493652e-01,-1.786052879981525621e-02,-7.860285043716430664e-02,-1.754949688911437988e-01,2.961345462949793728e-03,-1.099897027015686035e-01,-2.505837678909301758e-01,-4.705527118517238705e-03,-1.265746355056762695e-01,-3.039576411247253418e-01,-1.387242765270002565e-02,-1.374585330486297607e-01,-3.466621041297912598e-01,-2.090507258765228471e-02,-9.131884574890136719e-02,-1.566789746284484863e-01,-7.482006467057544796e-03,-1.278504133224487305e-01,-2.314153313636779785e-01,-1.856482845835216722e-02,-1.482158303260803223e-01,-2.850934267044067383e-01,-3.047644791297443589e-02,-1.623198688030242920e-01,-3.282956182956695557e-01,-3.879740719787605485e-02,-9.933847188949584961e-02,-1.289311647415161133e-01,-1.930396330646999559e-02,-1.271039843559265137e-01,-1.783797144889831543e-01,-3.069826287321575364e-02,-1.452498435974121094e-01,-2.193210721015930176e-01,-3.877724592678077897e-02,-1.598453521728515625e-01,-2.557746767997741699e-01,-4.508459826104171952e-02
0.000000000000000000e+00,0.000000000000000000e+00,0.000000000000000000e+00,1.623901724815368652e-02,-6.841075420379638672e-02,-8.494568728934837054e-03,-3.968089818954467773e-03,-1.450464129447937012e-01,-7.473384236078572940e-03,-4.249748587608337402e-02,-1.726806163787841797e-01,-7.900533937942100238e-03,-7.564771175384521484e-02,-1.644801497459411621e-01,-8.406216950248790454e-03,-5.859270691871643066e-02,-1.817199587821960449e-01,9.246360770333694745e-03,-7.778412103652954102e-02,-2.507630586624145508e-01,-6.947532259857780446e-04,-8.860325813293457031e-02,-2.953576147556304932e-01,-1.114346899194629259e-02,-9.618759155273437500e-02,-3.324866890907287598e-01,-1.913729470325620241e-02,-7.954806089401245117e-02,-1.745620965957641602e-01,2.460913061071323682e-03,-1.108485162258148193e-01,-2.499447464942932129e-01,-5.748490077536416720e-03,-1.274108290672302246e-01,-3.037454187870025635e-01,-1.529214318944127626e-02,-1.381099224090576172e-01,-3.467482030391693115e-01,-2.250003043664605684e-02,-9.205350279808044434e-02,-1.555226445198059082e-01,-8.205877357255531024e-03,-1.287845373153686523e-01,-2.308529019355773926e-01,-1.996306117726476259e-02,-1.496397852897644043e-01,-2.851938009262084961e-01,-3.223480630768449373e-02,-1.640577316284179688e-01,-3.290257155895233154e-01,-4.063412893665940828e-02,-9.964117407798767090e-02,-1.276404857635498047e-01,-2.020856339586885042e-02,-1.277582049369812012e-01,-1.782481670379638672e-01,-3.221330765737207003e-02,-1.461845636367797852e-01,-2.199021577835083008e-01,-4.049969811094911165e-02,-1.609401702880859375e-01,-2.566864490509033203e-01,-4.679592300308854647e-02
0.000000000000000000e+00,0.000000000000000000e+00,0.000000000000000000e+00,1.581475138664245605e-02,-6.836456060409545898e-02,-9.231692456552309523e-03,-3.884881734848022461e-03,-1.446223855018615723e-01,-9.103899166831297407e-03,-4.275992512702941895e-02,-1.715874075889587402e-01,-1.022811820442370845e-02,-7.597687840461730957e-02,-1.638739109039306641e-01,-1.158282281542710734e-02,-5.869999527931213379e-02,-1.830829381942749023e-01,6.913748293271737566e-03,-7.853436470031738281e-02,-2.512543797492980957e-01,-3.916492962190432081e-03,-8.903086185455322266e-02,-2.953315675258636475e-01,-1.481792824054650737e-02,-9.619212150573730469e-02,-3.326264023780822754e-01,-2.311140605891637279e-02,-7.979744672775268555e-02,-1.749857068061828613e-01,2.574691461347811128e-04,-1.116898953914642334e-01,-2.497058510780334473e-01,-8.992987961420340071e-03,-1.280665397644042969e-01,-3.031017482280731201e-01,-1.889063166166238261e-02,-1.386204957962036133e-01,-3.461846411228179932e-01,-2.621043594265870524e-02,-9.164604544639587402e-02,-1.550205349922180176e-01,-1.023383745635442210e-02,-1.295998096466064453e-01,-2.299445271492004395e-01,-2.297610537792138530e-02,-1.507626175880432129e-01,-2.843132615089416504e-01,-3.551773475194863749e-02,-1.652455925941467285e-01,-3.286765813827514648e-01,-4.389586420441560222e-02,-9.799727797508239746e-02,-1.258305907249450684e-01,-2.203609728897504283e-02,-1.274199187755584717e-01,-1.768916249275207520e-01,-3.485759840989999248e-02,-1.461530327796936035e-01,-2.189294695854187012e-01,-4.345872001434258891e-02,-1.609562337398529053e-01,-2.566856741905212402e-01,-4.982737572575501872e-02
0.000000000000000000e+00,0.000000000000000000e+00,0.000000000000000000e+00,1.512506604194641113e-02,-6.871843338012695312e-02,-8.953494566839026447e-03,-5.712032318115234375e-03,-1.452280282974243164e-01,-8.598357986073779102e-03,-4.450270533561706543e-02,-1.716098785400390625e-01,-9.537736500959681507e-03,-7.770413160324096680e-02,-1.630461215972900391e-01,-1.058417892770080471e-02,-5.956780910491943359e-02,-1.823762655258178711e-01,7.463891443450165752e-03,-7.917276024818420410e-02,-2.510452270507812500e-01,-3.285931271847175594e-03,-8.936017751693725586e-02,-2.953281998634338379e-01,-1.411958000377921962e-02,-9.631869196891784668e-02,-3.323210477828979492e-01,-2.220101429836063289e-02,-8.015930652618408203e-02,-1.746875643730163574e-01,8.434254910127947369e-04,-1.112364530563354492e-01,-2.500533461570739746e-01,-8.005797478716658588e-03,-1.273661553859710693e-01,-3.037992119789123535e-01,-1.748627199546604061e-02,-1.378891468048095703e-01,-3.468718528747558594e-01,-2.451762704865245723e-02,-9.226632118225097656e-02,-1.549422144889831543e-01,-9.650040964942263599e-03,-1.295211017131805420e-01,-2.300899028778076172e-01,-2.169030866340904140e-02,-1.503501832485198975e-01,-2.846501469612121582e-01,-3.361883162276058101e-02,-1.647270023822784424e-01,-3.290371894836425781e-01,-4.164011179224758052e-02,-9.935286641120910645e-02,-1.260231137275695801e-01,-2.149036488250999355e-02,-1.285157203674316406e-01,-1.772702932357788086e-01,-3.330098612920551204e-02,-1.472521126270294189e-01,-2.195410728454589844e-01,-4.120872690097598934e-02,-1.622793674468994141e-01,-2.573077082633972168e-01,-4.720674603001384639e-02
0.000000000000000000e+00,0.000000000000000000e+00,0.000000000000000000e+00,1.598584651947021484e-02,-6.855702400207519531e-02,-9.125629883271813014e-03,-4.711449146270751953e-03,-1.456853151321411133e-01,-8.653575997811913112e-03,-4.333931207656860352e-02,-1.733670234680175781e-01,-9.473867226404308894e-03,-7.660534977912902832e-02,-1.640469431877136230e-01,-1.044925532863771878e-02,-5.821788311004638672e-02,-1.820580959320068359e-01,7.261375918972134968e-03,-7.799160480499267578e-02,-2.516303062438964844e-01,-3.244058206689715007e-03,-8.868390321731567383e-02,-2.962300479412078857e-01,-1.392494838313496075e-02,-9.634396433830261230e-02,-3.337678909301757812e-01,-2.212838314102327786e-02,-7.903605699539184570e-02,-1.742243170738220215e-01,6.664503821980360954e-04,-1.104329824447631836e-01,-2.493841648101806641e-01,-8.239458758396267513e-03,-1.266943514347076416e-01,-3.029197454452514648e-01,-1.783645197377836666e-02,-1.373723149299621582e-01,-3.459353446960449219e-01,-2.503584928439295254e-02,-9.099215269088745117e-02,-1.545479297637939453e-01,-9.785519424838184932e-03,-1.290429830551147461e-01,-2.297222018241882324e-01,-2.214438698814547024e-02,-1.502947509288787842e-01,-2.843183875083923340e-01,-3.437047123537695370e-02,-1.650565862655639648e-01,-3.288433551788330078e-01,-4.265259995685255490e-02,-9.784421324729919434e-02,-1.261585950851440430e-01,-2.159633159266149960e-02,-1.268841922283172607e-01,-1.775714159011840820e-01,-3.407056301460897885e-02,-1.458428502082824707e-01,-2.199931144714355469e-01,-4.254586666451132260e-02,-1.609130501747131348e-01,-2.578805685043334961e-01,-4.895087748394644223e-02
0.000000000000000000e+00,0.000000000000000000e+00,0.000000000000000000e+00,1.661273837089538574e-02,-6.915354728698730469e-02,-8.999625586426418522e-03,-3.389388322830200195e-03,-1.470738649368286133e-01,-8.254015252447288731e-03,-4.254287481307983398e-02,-1.746849417686462402e-01,-8.805936567938488224e-03,-7.515308260917663574e-02,-1.638467311859130859e-01,-9.475738175666492680e-03,-5.761200189590454102e-02,-1.843922138214111328e-01,8.232597827458221218e-03,-7.709124684333801270e-02,-2.528914213180541992e-01,-1.909709435409467915e-03,-8.771198987960815430e-02,-2.968127429485321045e-01,-1.258777025387303183e-02,-9.518820047378540039e-02,-3.334797024726867676e-01,-2.078428621635453055e-02,-7.901254296302795410e-02,-1.766140460968017578e-01,1.689971990430194637e-03,-1.099858880043029785e-01,-2.511605620384216309e-01,-6.901204020238083103e-03,-1.265184581279754639e-01,-3.048182129859924316e-01,-1.668352390871064017e-02,-1.374636590480804443e-01,-3.477365970611572266e-01,-2.387066315159813712e-02,-9.151178598403930664e-02,-1.571254730224609375e-01,-8.654707476949852207e-03,-1.283210813999176025e-01,-2.316051125526428223e-01,-2.057802434310929129e-02,-1.493183970451354980e-01,-2.860668897628784180e-01,-3.291016201720253775e-02,-1.640667617321014404e-01,-3.302226662635803223e-01,-4.118757824645058463e-02,-9.836372733116149902e-02,-1.286746263504028320e-01,-2.036608885273949454e-02,-1.272135376930236816e-01,-1.792653799057006836e-01,-3.220974038586632560e-02,-1.457963585853576660e-01,-2.204641103744506836e-01,-4.019189010605828116e-02,-1.606235206127166748e-01,-2.564381361007690430e-01,-4.616215954766289542e-02
0.000000000000000000e+00,0.000000000000000000e+00,0.000000000000000000e+00,1.774355769157409668e-02,-6.834620237350463867e-02,-9.862017728892169544e-03,-1.515418291091918945e-03,-1.468012332916259766e-01,-8.986820377913318225e-03,-4.102256894111633301e-02,-1.753396391868591309e-01,-9.188637979832492420e-03,-7.461193203926086426e-02,-1.654260754585266113e-01,-9.398249820378623554e-03,-5.611434578895568848e-02,-1.853264570236206055e-01,8.505830630156197003e-03,-7.599666714668273926e-02,-2.538867592811584473e-01,-1.295799533409081050e-03,-8.716708421707153320e-02,-2.980864346027374268e-01,-1.182908742180188710e-02,-9.503316879272460938e-02,-3.349282145500183105e-01,-1.993962927213033254e-02,-7.756915688514709473e-02,-1.773831248283386230e-01,2.633303492757477215e-03,-1.081681251525878906e-01,-2.517130970954895020e-01,-5.636956453827224323e-03,-1.245597600936889648e-01,-3.049422800540924072e-01,-1.542486893436034734e-02,-1.354711055755615234e-01,-3.475573658943176270e-01,-2.275282508185227925e-02,-9.035056829452514648e-02,-1.579253673553466797e-01,-7.147873197254739353e-03,-1.263081133365631104e-01,-2.312450408935546875e-01,-1.887665493836720998e-02,-1.473203301429748535e-01,-2.855154275894165039e-01,-3.118641851892789418e-02,-1.623266935348510742e-01,-3.292727470397949219e-01,-3.950734427621682698e-02,-9.816664457321166992e-02,-1.296534538269042969e-01,-1.837714752605279500e-02,-1.272560060024261475e-01,-1.804018020629882812e-01,-3.005214399149735982e-02,-1.459663808345794678e-01,-2.215259075164794922e-01,-3.801763048818429525e-02,-1.609894633293151855e-01,-2.574170827865600586e-01,-4.404796651056130941e-02
0.000000000000000000e+00,0.000000000000000000e+00,0.000000000000000000e+00,1.693430542945861816e-02,-6.805670261383056641e-02,-8.722200656592349333e-03,-3.116697072982788086e-03,-1.458424925804138184e-01,-7.495585961549977583e-03,-4.188477993011474609e-02,-1.741826534271240234e-01,-7.571743933766583723e-03,-7.485693693161010742e-02,-1.644065380096435547e-01,-7.808739451974133772e-03,-5.740866065025329590e-02,-1.833496093750000000e-01,8.341334161997338015e-03,-7.712832093238830566e-02,-2.520360946655273438e-01,-1.387982878185312074e-03,-8.805319666862487793e-02,-2.962242364883422852e-01,-1.157878585374305658e-02,-9.584879875183105469e-02,-3.327597975730895996e-01,-1.943112317687223367e-02,-7.844898104667663574e-02,-1.756198406219482422e-01,1.905745344885190207e-03,-1.091403067111968994e-01,-2.508930563926696777e-01,-6.284352990149955076e-03,-1.252800226211547852e-01,-3.041312992572784424e-01,-1.562689025169561319e-02,-1.361644864082336426e-01,-3.465145826339721680e-01,-2.262304503685186319e-02,-9.098100662231445312e-02,-1.562175154685974121e-01,-8.304076867460707945e-03,-1.273731887340545654e-01,-2.301821708679199219e-01,-1.989071782892892770e-02,-1.482163369655609131e-01,-2.841913700103759766e-01,-3.181918118363569192e-02,-1.632551848888397217e-01,-3.274950385093688965e-01,-3.988542560702512674e-02,-9.840005636215209961e-02,-1.277091503143310547e-01,-1.986793022817323617e-02,-1.274551153182983398e-01,-1.791982054710388184e-01,-3.137677688366125039e-02,-1.462146639823913574e-01,-2.206943035125732422e-01,-3.917955387598226480e-02,-1.614060699939727783e-01,-2.570129036903381348e-01,-4.514806870585630350e-02
0.000000000000000000e+00,0.000000000000000000e+00,0.000000000000000000e+00,1.664826273918151855e-02,-6.770044565200805664e-02,-8.392941871846915092e-03,-3.743201494216918945e-03,-1.450722217559814453e-01,-7.020213840718270148e-03,-4.243648052215576172e-02,-1.738203763961791992e-01,-7.053781500275135841e-03,-7.542085647583007812e-02,-1.641576886177062988e-01,-7.083622472549677695e-03,-5.690142512321472168e-02,-1.829732656478881836e-01,9.756470365260838662e-03,-7.619217038154602051e-02,-2.518792748451232910e-01,4.926148436936728103e-04,-8.718612790107727051e-02,-2.958044111728668213e-01,-9.482163669730425681e-03,-9.512007236480712891e-02,-3.318911790847778320e-01,-1.727905097808957180e-02,-7.815957069396972656e-02,-1.759743690490722656e-01,3.229138940383791123e-03,-1.082721054553985596e-01,-2.508043646812438965e-01,-4.504509004021883811e-03,-1.244766116142272949e-01,-3.038691580295562744e-01,-1.360473196413636288e-02,-1.351368725299835205e-01,-3.459045290946960449e-01,-2.049422237482190212e-02,-9.107914566993713379e-02,-1.569163203239440918e-01,-7.151631372238398399e-03,-1.271714568138122559e-01,-2.311852574348449707e-01,-1.820898960735917171e-02,-1.479040086269378662e-01,-2.846578359603881836e-01,-3.006666685845971188e-02,-1.626989543437957764e-01,-3.276996016502380371e-01,-3.830128881540417751e-02,-9.887892007827758789e-02,-1.288050413131713867e-01,-1.891756962444901546e-02,-1.264386177062988281e-01,-1.778771877288818359e-01,-3.030754412915825924e-02,-1.451263129711151123e-01,-2.183970808982849121e-01,-3.842364224996686062e-02,-1.604205667972564697e-01,-2.541965246200561523e-01,-4.468305009808659634e-02
0.000000000000000000e+00,0.000000000000000000e+00,0.000000000000000000e+00,1.668196916580200195e-02,-6.823945045471191406e-02,-8.200022509157633976e-03,-4.210144281387329102e-03,-1.453151702880859375e-01,-6.763132871896004872e-03,-4.235804080963134766e-02,-1.746991276741027832e-01,-6.769965519964671330e-03,-7.513263821601867676e-02,-1.641568541526794434e-01,-6.916311221033311085e-03,-5.707404017448425293e-02,-1.819242238998413086e-01,9.256671996951126857e-03,-7.656431198120117188e-02,-2.509117722511291504e-01,-1.131334655326554639e-04,-8.756157755851745605e-02,-2.950318157672882080e-01,-1.019950222766397019e-02,-9.568074345588684082e-02,-3.314257860183715820e-01,-1.809865993058679123e-02,-7.792547345161437988e-02,-1.747826933860778809e-01,2.572207594454312130e-03,-1.083468496799468994e-01,-2.500049471855163574e-01,-5.288762157618975834e-03,-1.245075166225433350e-01,-3.031781613826751709e-01,-1.447588589584825058e-02,-1.355400085449218750e-01,-3.455076217651367188e-01,-2.148826059496400376e-02,-9.064760804176330566e-02,-1.557692885398864746e-01,-7.895052550196623997e-03,-1.267529726028442383e-01,-2.304455041885375977e-01,-1.913164195215699692e-02,-1.471167206764221191e-01,-2.844325304031372070e-01,-3.101679321920869370e-02,-1.617231965065002441e-01,-3.278264999389648438e-01,-3.923631657457349320e-02,-9.847408533096313477e-02,-1.277787089347839355e-01,-1.971512299573419114e-02,-1.268302500247955322e-01,-1.776062846183776855e-01,-3.117322188413140793e-02,-1.454443335533142090e-01,-2.187697887420654297e-01,-3.923985187506673356e-02,-1.604407429695129395e-01,-2.550725340843200684e-01,-4.551653016901013871e-02
0.000000000000000000e+00,0.000000000000000000e+00,0.000000000000000000e+00,1.654350757598876953e-02,-6.947267055511474609e-02,-7.772688698679530717e-03,-3.650009632110595703e-03,-1.465674042701721191e-01,-6.387798526048982239e-03,-4.217508435249328613e-02,-1.744232773780822754e-01,-6.575392969608628846e-03,-7.493662834167480469e-02,-1.641142368316650391e-01,-7.065609507918679810e-03,-5.671527981758117676e-02,-1.822624206542968750e-01,9.338208995103514098e-03,-7.615163922309875488e-02,-2.512698769569396973e-01,-3.516255849547178514e-04,-8.714163303375244141e-02,-2.955722808837890625e-01,-1.059222355550559769e-02,-9.519627690315246582e-02,-3.321601748466491699e-01,-1.858364179796012650e-02,-7.760658860206604004e-02,-1.748350858688354492e-01,2.229758127867853545e-03,-1.085722148418426514e-01,-2.503187060356140137e-01,-6.070906241149032212e-03,-1.251324117183685303e-01,-3.038142919540405273e-01,-1.562426373428138504e-02,-1.364088356494903564e-01,-3.464157283306121826e-01,-2.283062547510894547e-02,-9.000331163406372070e-02,-1.555241942405700684e-01,-8.636637069940888978e-03,-1.265852749347686768e-01,-2.309828996658325195e-01,-2.046922169691356430e-02,-1.475611627101898193e-01,-2.854170799255371094e-01,-3.294185310667785416e-02,-1.626251041889190674e-01,-3.293567895889282227e-01,-4.147695511645110855e-02,-9.736782312393188477e-02,-1.269309520721435547e-01,-2.072905883258613358e-02,-1.258284151554107666e-01,-1.769000887870788574e-01,-3.287691384619506607e-02,-1.446124017238616943e-01,-2.181283831596374512e-01,-4.135405406421455154e-02,-1.598607301712036133e-01,-2.545954585075378418e-01,-4.781193420356544266e-02
0.000000000000000000e+00,0.000000000000000000e+00,0.000000000000000000e+00,1.685312390327453613e-02,-6.954210996627807617e-02,-9.214446025055167411e-03,-2.930283546447753906e-03,-1.466121077537536621e-01,-8.527834976177928183e-03,-4.252526164054870605e-02,-1.737550497055053711e-01,-9.020055720668551658e-03,-7.560944557189941406e-02,-1.648170351982116699e-01,-9.582778515380141471e-03,-5.712166428565979004e-02,-1.820678114891052246e-01,7.850360048848870065e-03,-7.660898566246032715e-02,-2.509009242057800293e-01,-2.410002362069008086e-03,-8.753833174705505371e-02,-2.952284514904022217e-01,-1.292568452851128313e-02,-9.518113732337951660e-02,-3.320446014404296875e-01,-2.087489802585196230e-02,-7.822459936141967773e-02,-1.750520467758178711e-01,1.592266878958525922e-03,-1.091566383838653564e-01,-2.508162856101989746e-01,-6.915180089038130973e-03,-1.256881654262542725e-01,-3.047086000442504883e-01,-1.636603761659216616e-02,-1.364776194095611572e-01,-3.477639257907867432e-01,-2.338850040183615420e-02,-9.084728360176086426e-02,-1.559993624687194824e-01,-8.507913986306903098e-03,-1.273625195026397705e-01,-2.313159704208374023e-01,-2.036035347924780581e-02,-1.480479538440704346e-01,-2.855345010757446289e-01,-3.250818055317949984e-02,-1.624825000762939453e-01,-3.292659819126129150e-01,-4.068566214488100741e-02,-9.837350249290466309e-02,-1.274225115776062012e-01,-1.995522443399977419e-02,-1.264697611331939697e-01,-1.780924797058105469e-01,-3.179842334435534212e-02,-1.452672481536865234e-01,-2.194148898124694824e-01,-3.989797931359362337e-02,-1.606872379779815674e-01,-2.558338642120361328e-01,-4.600124161885332796e-02
0.000000000000000000e+00,0.000000000000000000e+00,0.000000000000000000e+00,1.617294549942016602e-02,-6.973427534103393555e-02,-9.530985701189820247e-03,-3.925979137420654297e-03,-1.472615003585815430e-01,-8.856768693135563808e-03,-4.363968968391418457e-02,-1.751824021339416504e-01,-9.224566604302708583e-03,-7.644590735435485840e-02,-1.645653247833251953e-01,-9.533677223430458980e-03,-5.643650889396667480e-02,-1.818599700927734375e-01,7.931341443850215001e-03,-7.575955986976623535e-02,-2.518918514251708984e-01,-1.559492523142580467e-03,-8.707770705223083496e-02,-2.960836291313171387e-01,-1.142824717919666000e-02,-9.537279605865478516e-02,-3.324369192123413086e-01,-1.907506861846286483e-02,-7.796436548233032227e-02,-1.748218536376953125e-01,2.078210263221080822e-03,-1.081461310386657715e-01,-2.511022090911865234e-01,-5.880185841874663311e-03,-1.243703365325927734e-01,-3.046922683715820312e-01,-1.490447481285173126e-02,-1.349270045757293701e-01,-3.468584418296813965e-01,-2.167856783728439041e-02,-9.109476208686828613e-02,-1.557828187942504883e-01,-7.617685451464240032e-03,-1.275840997695922852e-01,-2.308579087257385254e-01,-1.899741680483657547e-02,-1.481308341026306152e-01,-2.852502465248107910e-01,-3.099838362197715469e-02,-1.626362800598144531e-01,-3.287327289581298828e-01,-3.922118709544974990e-02,-9.905064105987548828e-02,-1.278108954429626465e-01,-1.869153694372016616e-02,-1.267366409301757812e-01,-1.783880591392517090e-01,-3.028898590366679855e-02,-1.454959511756896973e-01,-2.194289565086364746e-01,-3.847294763784248062e-02,-1.610339581966400146e-01,-2.551981210708618164e-01,-4.473934785585242935e-02
0.000000000000000000e+00,0.000000000000000000e+00,0.000000000000000000e+00,1.576957106590270996e-02,-6.991946697235107422e-02,-8.510923989803131917e-03,-5.272269248962402344e-03,-1.471155285835266113e-01,-7.633158516824778417e-03,-4.437932372093200684e-02,-1.743782162666320801e-01,-8.135509722620781758e-03,-7.708585262298583984e-02,-1.653317809104919434e-01,-8.670765951961811879e-03,-5.796557664871215820e-02,-1.813180446624755859e-01,8.397309064179125926e-03,-7.730901241302490234e-02,-2.503565549850463867e-01,-1.650539272219475606e-03,-8.811596035957336426e-02,-2.945494055747985840e-01,-1.189335347035580526e-02,-9.575986862182617188e-02,-3.312853276729583740e-01,-1.968915392527037511e-02,-7.912749052047729492e-02,-1.740705370903015137e-01,1.674427721894744536e-03,-1.096581816673278809e-01,-2.497235536575317383e-01,-6.654266313404377797e-03,-1.257810294628143311e-01,-3.035517632961273193e-01,-1.583229009875708471e-02,-1.362570524215698242e-01,-3.462380766868591309e-01,-2.264591497251444707e-02,-9.170806407928466797e-02,-1.547899246215820312e-01,-8.877656467944916585e-03,-1.283663809299468994e-01,-2.299228310585021973e-01,-2.047134754130297551e-02,-1.488849818706512451e-01,-2.846399545669555664e-01,-3.236668375203066716e-02,-1.632357537746429443e-01,-3.288604617118835449e-01,-4.046872448989802251e-02,-9.894996881484985352e-02,-1.266077160835266113e-01,-2.076372322508746038e-02,-1.272401511669158936e-01,-1.773188710212707520e-01,-3.238693815538340459e-02,-1.459870934486389160e-01,-2.190905809402465820e-01,-4.037511166998797307e-02,-1.611581742763519287e-01,-2.559491395950317383e-01,-4.648598846861773382e-02
0.000000000000000000e+00,0.000000000000000000e+00,0.000000000000000000e+00,1.561447978019714355e-02,-6.939911842346191406e-02,-8.938190935850798269e-03,-5.210608243942260742e-03,-1.467195153236389160e-01,-8.227721265257059713e-03,-4.500156641006469727e-02,-1.732583642005920410e-01,-8.741842991412340780e-03,-7.772305607795715332e-02,-1.644057631492614746e-01,-9.343229642809092184e-03,-5.769491195678710938e-02,-1.813687086105346680e-01,7.648888101130069117e-03,-7.767125964164733887e-02,-2.502743005752563477e-01,-2.645251516923963209e-03,-8.888700604438781738e-02,-2.942525744438171387e-01,-1.311350375294750847e-02,-9.703874588012695312e-02,-3.310800492763519287e-01,-2.114173903942173638e-02,-7.898291945457458496e-02,-1.738445758819580078e-01,1.143605388961077551e-03,-1.098915934562683105e-01,-2.494794726371765137e-01,-7.571213821620403905e-03,-1.263200044631958008e-01,-3.028891682624816895e-01,-1.701397769033974328e-02,-1.370690464973449707e-01,-3.457483351230621338e-01,-2.400903910279339470e-02,-9.174147248268127441e-02,-1.545066833496093750e-01,-9.190263635218798299e-03,-1.290204226970672607e-01,-2.298803925514221191e-01,-2.112578920900887169e-02,-1.499436795711517334e-01,-2.843757867813110352e-01,-3.324031218767231621e-02,-1.645360589027404785e-01,-3.288702368736267090e-01,-4.147979751110142388e-02,-9.933745861053466797e-02,-1.260049939155578613e-01,-2.085714176178043999e-02,-1.278189122676849365e-01,-1.771568655967712402e-01,-3.277303784966534295e-02,-1.465883553028106689e-01,-2.186199426651000977e-01,-4.093392699837750115e-02,-1.618217527866363525e-01,-2.556846737861633301e-01,-4.715143650651043572e-02
0.000000000000000000e+00,0.000000000000000000e+00,0.000000000000000000e+00,1.553061604499816895e-02,-6.944334506988525391e-02,-8.413183905929599860e-03,-5.660653114318847656e-03,-1.462201476097106934e-01,-7.335008059442316153e-03,-4.526689648628234863e-02,-1.730886697769165039e-01,-7.616388083249603369e-03,-7.780206203460693359e-02,-1.634871363639831543e-01,-7.939611033350502112e-03,-5.813959240913391113e-02,-1.810699105262756348e-01,9.318174391239608667e-03,-7.738167047500610352e-02,-2.499985694885253906e-01,-3.852645415349797986e-04,-8.830016851425170898e-02,-2.942047417163848877e-01,-1.065759028568891154e-02,-9.621304273605346680e-02,-3.308997452259063721e-01,-1.847766380086568461e-02,-7.948669791221618652e-02,-1.740564107894897461e-01,2.762130989879096887e-03,-1.098842620849609375e-01,-2.497785091400146484e-01,-4.940505542606388190e-03,-1.260429620742797852e-01,-3.033064007759094238e-01,-1.382999814376262293e-02,-1.364708542823791504e-01,-3.456834256649017334e-01,-2.046119462028173075e-02,-9.248825907707214355e-02,-1.553055644035339355e-01,-7.647843037545953848e-03,-1.295133829116821289e-01,-2.304885387420654297e-01,-1.844608265236047373e-02,-1.500331163406372070e-01,-2.848209738731384277e-01,-2.985522377565530405e-02,-1.642202734947204590e-01,-3.286163508892059326e-01,-3.767225745394853220e-02,-1.004096865653991699e-01,-1.271114349365234375e-01,-1.943450833931592570e-02,-1.291226148605346680e-01,-1.780036687850952148e-01,-3.000750991776612864e-02,-1.472418904304504395e-01,-2.193569540977478027e-01,-3.718682977631715403e-02,-1.616165041923522949e-01,-2.558447122573852539e-01,-4.277456778362420664e-02
0.000000000000000000e+00,0.000000000000000000e+00,0.000000000000000000e+00,1.682654023170471191e-02,-6.972205638885498047e-02,-8.342064696392981205e-03,-3.448724746704101562e-03,-1.473032832145690918e-01,-6.800965650967327747e-03,-4.239788651466369629e-02,-1.758313179016113281e-01,-6.719485635898081455e-03,-7.501953840255737305e-02,-1.657359600067138672e-01,-6.694676133832899723e-03,-5.624604225158691406e-02,-1.820539832115173340e-01,1.038107949958089193e-02,-7.557252049446105957e-02,-2.514710426330566406e-01,9.252558108130415349e-04,-8.681404590606689453e-02,-2.960880398750305176e-01,-9.395672719023195896e-03,-9.529682993888854980e-02,-3.331318497657775879e-01,-1.744121756686922708e-02,-7.774725556373596191e-02,-1.752045750617980957e-01,3.770793077507050839e-03,-1.080259978771209717e-01,-2.506133317947387695e-01,-4.062518256745306644e-03,-1.241264045238494873e-01,-3.041331470012664795e-01,-1.334316447659489313e-02,-1.348726749420166016e-01,-3.466187715530395508e-01,-2.031998966171499887e-02,-9.099137783050537109e-02,-1.567104458808898926e-01,-6.762488990119663868e-03,-1.278509497642517090e-01,-2.314375042915344238e-01,-1.801461983754393259e-02,-1.487719118595123291e-01,-2.859601378440856934e-01,-2.990782890751120249e-02,-1.637719869613647461e-01,-3.299815058708190918e-01,-3.804016556873079935e-02,-9.926801919937133789e-02,-1.294595003128051758e-01,-1.868816908731218973e-02,-1.271665692329406738e-01,-1.812365651130676270e-01,-2.991399426295515696e-02,-1.451989710330963135e-01,-2.228100895881652832e-01,-3.765546601547953287e-02,-1.597112119197845459e-01,-2.591239809989929199e-01,-4.364311393632647196e-02
0.000000000000000000e+00,0.000000000000000000e+00,0.000000000000000000e+00,1.664581894874572754e-02,-6.983715295791625977e-02,-8.594264454217181992e-03,-3.815203905105590820e-03,-1.467645764350891113e-01,-7.351359530360923600e-03,-4.335451126098632812e-02,-1.750305891036987305e-01,-7.411614703954683137e-03,-7.562965154647827148e-02,-1.653603911399841309e-01,-7.455695132733808350e-03,-5.625158548355102539e-02,-1.810253858566284180e-01,9.303637602357639480e-03,-7.649809122085571289e-02,-2.505011558532714844e-01,-4.262836624491228577e-04,-8.761686086654663086e-02,-2.954173088073730469e-01,-1.060362643656276305e-02,-9.527614712715148926e-02,-3.326197266578674316e-01,-1.826151198801539977e-02,-7.749447226524353027e-02,-1.741269230842590332e-01,3.038093269793762374e-03,-1.087187826633453369e-01,-2.508451342582702637e-01,-4.782054285527692628e-03,-1.249180436134338379e-01,-3.053070008754730225e-01,-1.379847358074925978e-02,-1.352728009223937988e-01,-3.482086062431335449e-01,-2.042470983323596556e-02,-9.071442484855651855e-02,-1.559405922889709473e-01,-7.051197989852653336e-03,-1.276217401027679443e-01,-2.312532067298889160e-01,-1.802910975274585326e-02,-1.480720341205596924e-01,-2.864257097244262695e-01,-2.964123821911357481e-02,-1.622982919216156006e-01,-3.304460048675537109e-01,-3.742185345944903929e-02,-9.907826781272888184e-02,-1.288732886314392090e-01,-1.851246244368098814e-02,-1.275828778743743896e-01,-1.804698705673217773e-01,-2.909964433965228636e-02,-1.455619335174560547e-01,-2.222026586532592773e-01,-3.634233883676074583e-02,-1.600370109081268311e-01,-2.584717273712158203e-01,-4.191212094482921202e-02
0.000000000000000000e+00,0.000000000000000000e+00,0.000000000000000000e+00,1.699715852737426758e-02,-6.927829980850219727e-02,-7.583985068862375556e-03,-5.009323358535766602e-03,-1.464154720306396484e-01,-5.812898707603153525e-03,-4.239031672477722168e-02,-1.767381429672241211e-01,-5.686714277629789649e-03,-7.475402951240539551e-02,-1.675550937652587891e-01,-5.662659612511333762e-03,-5.700892210006713867e-02,-1.811024546623229980e-01,9.930469132001462640e-03,-7.737427949905395508e-02,-2.509198188781738281e-01,2.617409990364194528e-04,-8.830058574676513672e-02,-2.961116433143615723e-01,-9.938954339389738379e-03,-9.599640965461730957e-02,-3.333092331886291504e-01,-1.771746106541627341e-02,-7.762005925178527832e-02,-1.744929552078247070e-01,3.008663457791271867e-03,-1.091643571853637695e-01,-2.508894205093383789e-01,-4.873038698946174918e-03,-1.252108812332153320e-01,-3.052335083484649658e-01,-1.394406516200774604e-02,-1.357817649841308594e-01,-3.481433987617492676e-01,-2.076146096086972648e-02,-9.045714139938354492e-02,-1.562390923500061035e-01,-7.722838279818233787e-03,-1.275945007801055908e-01,-2.316266894340515137e-01,-1.879542410469525748e-02,-1.477637887001037598e-01,-2.866035103797912598e-01,-3.040989391601556235e-02,-1.618444323539733887e-01,-3.304935693740844727e-01,-3.833907745874398643e-02,-9.855464100837707520e-02,-1.296713352203369141e-01,-1.979177348411553794e-02,-1.278066635131835938e-01,-1.814400553703308105e-01,-3.073270335889333182e-02,-1.459766328334808350e-01,-2.236066460609436035e-01,-3.835914559758180076e-02,-1.600995063781738281e-01,-2.605748772621154785e-01,-4.432807765996926719e-02
0.000000000000000000e+00,0.000000000000000000e+00,0.000000000000000000e+00,1.674327254295349121e-02,-6.898474693298339844e-02,-8.290916160262895573e-03,-4.681259393692016602e-03,-1.470236778259277344e-01,-6.650038939483238210e-03,-4.404613375663757324e-02,-1.752602458000183105e-01,-6.323398966856075276e-03,-7.634100317955017090e-02,-1.662017107009887695e-01,-6.016068105168415059e-03,-5.641770362854003906e-02,-1.821522712707519531e-01,9.471452384673284541e-03,-7.657116651535034180e-02,-2.509269714355468750e-01,1.630263985816782224e-04,-8.765575289726257324e-02,-2.951449155807495117e-01,-9.631550349809003819e-03,-9.536516666412353516e-02,-3.313298821449279785e-01,-1.715751033327705954e-02,-7.776343822479248047e-02,-1.746056079864501953e-01,3.126511405639575969e-03,-1.087832748889923096e-01,-2.503632307052612305e-01,-4.664549083031488408e-03,-1.246946156024932861e-01,-3.038636147975921631e-01,-1.355135574988253211e-02,-1.349346637725830078e-01,-3.461360335350036621e-01,-2.012425329587586020e-02,-9.104073047637939453e-02,-1.556442975997924805e-01,-7.030479088939500798e-03,-1.279565989971160889e-01,-2.307446599006652832e-01,-1.812592562339432334e-02,-1.479531228542327881e-01,-2.852739095687866211e-01,-2.975755784711964225e-02,-1.617914438247680664e-01,-3.292170763015747070e-01,-3.764311824045307731e-02,-9.959968924522399902e-02,-1.279267072677612305e-01,-1.850553829274304007e-02,-1.284819841384887695e-01,-1.788859963417053223e-01,-2.954564098320133780e-02,-1.464197635650634766e-01,-2.201574444770812988e-01,-3.715238202414639090e-02,-1.605607271194458008e-01,-2.568506598472595215e-01,-4.300535325012333487e-02
0.000000000000000000e+00,0.000000000000000000e+00,0.000000000000000000e+00,1.631611585617065430e-02,-6.852447986602783203e-02,-8.411686839281173889e-03,-4.635185003280639648e-03,-1.447964906692504883e-01,-7.579928235827537719e-03,-4.176068305969238281e-02,-1.744406223297119141e-01,-8.165597887455078308e-03,-7.453489303588867188e-02,-1.670064330101013184e-01,-8.925328934310527984e-03,-5.743351578712463379e-02,-1.814815998077392578e-01,7.721132627011684235e-03,-7.753992080688476562e-02,-2.504975795745849609e-01,-2.563213668508979026e-03,-8.808973431587219238e-02,-2.948854267597198486e-01,-1.304139845979079837e-02,-9.546288847923278809e-02,-3.319233059883117676e-01,-2.097060342293843860e-02,-7.810857892036437988e-02,-1.743318438529968262e-01,1.007891288281825837e-03,-1.099262535572052002e-01,-2.500055432319641113e-01,-7.516197832046600524e-03,-1.259752511978149414e-01,-3.037934601306915283e-01,-1.685895395439729327e-02,-1.365791857242584229e-01,-3.466749191284179688e-01,-2.381887842875585193e-02,-9.066006541252136230e-02,-1.552085876464843750e-01,-9.439146117983909789e-03,-1.282331049442291260e-01,-2.303404211997985840e-01,-2.111415934723481769e-02,-1.483756899833679199e-01,-2.851238846778869629e-01,-3.292516057354077930e-02,-1.623251736164093018e-01,-3.293411731719970703e-01,-4.093496312361821765e-02,-9.839653968811035156e-02,-1.270191669464111328e-01,-2.119381722968682880e-02,-1.282727122306823730e-01,-1.783518791198730469e-01,-3.274522532683477039e-02,-1.463948190212249756e-01,-2.202612161636352539e-01,-4.048430358034238452e-02,-1.604094505310058594e-01,-2.572954893112182617e-01,-4.640610326987371081e-02
0.000000000000000000e+00,0.000000000000000000e+00,0.000000000000000000e+00,1.712021231651306152e-02,-6.955802440643310547e-02,-8.991336664593063688e-03,-2.972096204757690430e-03,-1.479078531265258789e-01,-7.810277613288008070e-03,-4.221117496490478516e-02,-1.769379377365112305e-01,-7.929376541113697385e-03,-7.502827048301696777e-02,-1.669249534606933594e-01,-8.136775559222542142e-03,-5.549445748329162598e-02,-1.830217242240905762e-01,9.156917938554443026e-03,-7.590469717979431152e-02,-2.519137263298034668e-01,-6.013297060860622878e-04,-8.707424998283386230e-02,-2.962171137332916260e-01,-1.093789025250657687e-02,-9.507974982261657715e-02,-3.332744538784027100e-01,-1.892598367336972842e-02,-7.676205039024353027e-02,-1.755477786064147949e-01,2.868241415882266665e-03,-1.078121960163116455e-01,-2.508161664009094238e-01,-5.367609886860691404e-03,-1.239895820617675781e-01,-3.044312596321105957e-01,-1.489867198321803698e-02,-1.348802149295806885e-01,-3.471666574478149414e-01,-2.200909539166673312e-02,-8.975771069526672363e-02,-1.567383408546447754e-01,-7.305577146297537183e-03,-1.268274784088134766e-01,-2.309468388557434082e-01,-1.877274571958764682e-02,-1.476202309131622314e-01,-2.856796979904174805e-01,-3.074073254171594272e-02,-1.625123918056488037e-01,-3.301011323928833008e-01,-3.888698129955514560e-02,-9.821730852127075195e-02,-1.289468407630920410e-01,-1.889419577125295291e-02,-1.272436678409576416e-01,-1.801285743713378906e-01,-3.017670496407731662e-02,-1.451390683650970459e-01,-2.217893600463867188e-01,-3.793299405876382480e-02,-1.593338549137115479e-01,-2.588557600975036621e-01,-4.394681959453805575e-02
0.000000000000000000e+00,0.000000000000000000e+00,0.000000000000000000e+00,1.633885502815246582e-02,-7.056462764739990234e-02,-8.326311358985094557e-03,-4.136562347412109375e-03,-1.480583548545837402e-01,-7.088558977272896300e-03,-4.225486516952514648e-02,-1.764416098594665527e-01,-7.294987091597704421e-03,-7.473552227020263672e-02,-1.666043400764465332e-01,-7.608299372520832549e-03,-5.691125988960266113e-02,-1.825105547904968262e-01,9.176164170924039354e-03,-7.693341374397277832e-02,-2.519060969352722168e-01,-5.774781417926533322e-04,-8.787783980369567871e-02,-2.963471114635467529e-01,-1.077694701569953395e-02,-9.577682614326477051e-02,-3.331440687179565430e-01,-1.855902536379971934e-02,-7.806867361068725586e-02,-1.750774979591369629e-01,2.513835676211328973e-03,-1.088888943195343018e-01,-2.512338161468505859e-01,-5.683312887128977309e-03,-1.249054372310638428e-01,-3.051470816135406494e-01,-1.498895859884896709e-02,-1.356908679008483887e-01,-3.480230271816253662e-01,-2.182534872162023021e-02,-9.112808108329772949e-02,-1.562539339065551758e-01,-7.945725457545904646e-03,-1.274883747100830078e-01,-2.317448258399963379e-01,-1.933223357963242961e-02,-1.477994620800018311e-01,-2.869518399238586426e-01,-3.125487430560269786e-02,-1.622785031795501709e-01,-3.315958976745605469e-01,-3.927325992452779246e-02,-9.923624992370605469e-02,-1.285725235939025879e-01,-1.972754462229886485e-02,-1.280638575553894043e-01,-1.797016859054565430e-01,-3.082197135853448344e-02,-1.460897624492645264e-01,-2.210541963577270508e-01,-3.832898079025426341e-02,-1.604967415332794189e-01,-2.575989365577697754e-01,-4.407901479470410777e-02
