0.000000000000000000e+00,0.000000000000000000e+00,0.000000000000000000e+00,-9.707808494567871094e-04,-1.140112578868865967e-01,1.332088835800959714e-02,-2.992904186248779297e-02,-1.987449228763580322e-01,1.088603489364459165e-02,-5.293285846710205078e-02,-2.731637060642242432e-01,-2.812992117526391667e-03,-9.262058138847351074e-02,-3.318616747856140137e-01,-1.307843163345978610e-02,-1.678221523761749268e-01,-1.608191430568695068e-01,4.782522093768193372e-02,-1.972971558570861816e-01,-2.592286765575408936e-01,1.753139306123330243e-02,-1.637063622474670410e-01,-3.046254515647888184e-01,-1.086305550967381350e-02,-1.245169043540954590e-01,-3.201524019241333008e-01,-2.253885198120997302e-02,-1.889939904212951660e-01,-1.497518420219421387e-01,2.006253224129750379e-02,-2.606378793716430664e-01,-2.332477569580078125e-01,9.358906152499457676e-03,-2.898160815238952637e-01,-3.197911083698272705e-01,-3.202689613374332112e-03,-3.051755428314208984e-01,-3.899816274642944336e-01,-1.076056439165995471e-02,-1.943385899066925049e-01,-1.274464428424835205e-01,-1.556259769682810656e-02,-2.761563658714294434e-01,-1.903648972511291504e-01,-2.558332685117647998e-02,-3.234838694334030151e-01,-2.642571032047271729e-01,-3.308722007756159655e-02,-3.533396422863006592e-01,-3.268330097198486328e-01,-3.713689375405238025e-02,-1.834777891635894775e-01,-1.115357577800750732e-01,-5.319330099706576220e-02,-2.577870786190032959e-01,-1.589220166206359863e-01,-6.014885011796877734e-02,-3.016852438449859619e-01,-2.096792459487915039e-01,-5.924040455107615344e-02,-3.275304585695266724e-01,-2.579679191112518311e-01,-5.717695507888720385e-02
0.000000000000000000e+00,0.000000000000000000e+00,0.000000000000000000e+00,-5.689740180969238281e-03,-1.335375607013702393e-01,3.271481604986092862e-02,-3.488850593566894531e-02,-2.156528234481811523e-01,4.105995805673501309e-02,-5.581581592559814453e-02,-2.849013507366180420e-01,3.353467421345612820e-02,-9.235119819641113281e-02,-3.425283730030059814e-01,2.744335332624814328e-02,-1.662445664405822754e-01,-1.726188063621520996e-01,7.828400866799256619e-02,-1.970191597938537598e-01,-2.650406062602996826e-01,5.556390272192857083e-02,-1.635690927505493164e-01,-3.122541904449462891e-01,2.707696357481381710e-02,-1.238508522510528564e-01,-3.298312425613403320e-01,1.338564255945584591e-02,-1.860009133815765381e-01,-1.619108319282531738e-01,4.037309275679490383e-02,-2.591900825500488281e-01,-2.400931715965270996e-01,3.506978811435601529e-02,-2.888387441635131836e-01,-3.287021815776824951e-01,1.894292259328267392e-02,-3.006844818592071533e-01,-3.988020420074462891e-01,6.789702230321381649e-03,-1.899982690811157227e-01,-1.402675211429595947e-01,-5.170133656633879582e-03,-2.732965946197509766e-01,-2.023543715476989746e-01,-1.303955236710407917e-02,-3.200856149196624756e-01,-2.809993326663970947e-01,-2.537640905268290226e-02,-3.484180271625518799e-01,-3.486559092998504639e-01,-3.425638167448141758e-02,-1.803673803806304932e-01,-1.256443262100219727e-01,-5.113557888455488865e-02,-2.548845410346984863e-01,-1.742086410522460938e-01,-5.787869705147841159e-02,-3.002835512161254883e-01,-2.257574796676635742e-01,-5.952051816768744175e-02,-3.273200094699859619e-01,-2.767813801765441895e-01,-6.083684576935866062e-02
0.000000000000000000e+00,0.000000000000000000e+00,0.000000000000000000e+00,-5.020260810852050781e-03,-1.294819712638854980e-01,2.535818206806084163e-02,-3.505444526672363281e-02,-2.140849232673645020e-01,3.123916375179192073e-02,-5.669158697128295898e-02,-2.831885516643524170e-01,2.282183120686909206e-02,-9.404143691062927246e-02,-3.416798114776611328e-01,1.634506012041470058e-02,-1.685782074928283691e-01,-1.723843812942504883e-01,6.833796824057003505e-02,-1.991622447967529297e-01,-2.631950378417968750e-01,4.420848439175983913e-02,-1.640900373458862305e-01,-3.088854849338531494e-01,1.578616040487190730e-02,-1.254085302352905273e-01,-3.267554342746734619e-01,2.243421196084227631e-03,-1.893007159233093262e-01,-1.612170040607452393e-01,3.381507347066303737e-02,-2.619332671165466309e-01,-2.375318408012390137e-01,2.679654086668392665e-02,-2.905869483947753906e-01,-3.262687921524047852e-01,1.097131116975447185e-02,-3.026899099349975586e-01,-3.981386274099349976e-01,-6.362974135356580518e-04,-1.939456164836883545e-01,-1.383496224880218506e-01,-8.586522501815352371e-03,-2.768568992614746094e-01,-2.009307742118835449e-01,-1.750224207799533360e-02,-3.220539838075637817e-01,-2.802189588546752930e-01,-2.919502307932475560e-02,-3.485428243875503540e-01,-3.493459522724151611e-01,-3.704786424796679967e-02,-1.841012239456176758e-01,-1.218921840190887451e-01,-5.213870604794124120e-02,-2.620998919010162354e-01,-1.743255555629730225e-01,-5.859991287152865880e-02,-3.079814910888671875e-01,-2.266549766063690186e-01,-5.935195957582095616e-02,-3.326418697834014893e-01,-2.765868306159973145e-01,-5.972783019106486790e-02
0.000000000000000000e+00,0.000000000000000000e+00,0.000000000000000000e+00,-6.018221378326416016e-03,-1.343749761581420898e-01,3.788084132503399815e-02,-3.725618124008178711e-02,-2.169533669948577881e-01,4.834944723080525364e-02,-5.840551853179931641e-02,-2.870328128337860107e-01,4.145619613956341709e-02,-9.458461403846740723e-02,-3.471658825874328613e-01,3.591987831424603428e-02,-1.684437096118927002e-01,-1.745492517948150635e-01,8.525531707238087620e-02,-1.982433497905731201e-01,-2.675404846668243408e-01,6.486870316695103611e-02,-1.646471023559570312e-01,-3.163421750068664551e-01,3.839333323668370213e-02,-1.265893876552581787e-01,-3.356662392616271973e-01,2.605922674666771854e-02,-1.882099509239196777e-01,-1.634075045585632324e-01,4.432069850992093052e-02,-2.613350152969360352e-01,-2.420882880687713623e-01,4.144267706107029881e-02,-2.909024059772491455e-01,-3.323317766189575195e-01,2.844589544366726841e-02,-3.043602108955383301e-01,-4.034550786018371582e-01,1.911881348024735416e-02,-1.921629309654235840e-01,-1.428953111171722412e-01,-4.223779161463880882e-03,-2.760124206542968750e-01,-2.045828402042388916e-01,-9.522117060612345085e-03,-3.227007091045379639e-01,-2.850574851036071777e-01,-1.768523300160040890e-02,-3.515122234821319580e-01,-3.533869981765747070e-01,-2.323429690767397915e-02,-1.822387874126434326e-01,-1.314076483249664307e-01,-5.329563127924075161e-02,-2.605572640895843506e-01,-1.813088357448577881e-01,-5.853104250599017178e-02,-3.077206015586853027e-01,-2.332601845264434814e-01,-5.789480390120615994e-02,-3.349268287420272827e-01,-2.832708060741424561e-01,-5.688098477293124233e-02
0.000000000000000000e+00,0.000000000000000000e+00,0.000000000000000000e+00,-4.093170166015625000e-03,-1.341810524463653564e-01,3.997699550450306560e-02,-3.573715686798095703e-02,-2.164080440998077393e-01,5.198823294699650432e-02,-5.769264698028564453e-02,-2.864480614662170410e-01,4.594117409646969463e-02,-9.507563710212707520e-02,-3.453964293003082275e-01,4.113038263380985882e-02,-1.687583327293395996e-01,-1.746970117092132568e-01,9.131955362022381451e-02,-1.968130767345428467e-01,-2.671732902526855469e-01,7.358842349708538677e-02,-1.637670099735260010e-01,-3.151794075965881348e-01,4.823571450174313213e-02,-1.267466843128204346e-01,-3.350293934345245361e-01,3.643642745078068401e-02,-1.887351870536804199e-01,-1.644427776336669922e-01,4.962678632796269085e-02,-2.619487047195434570e-01,-2.434489727020263672e-01,4.984191066682797100e-02,-2.917887568473815918e-01,-3.324245810508728027e-01,3.851478553474407818e-02,-3.047668933868408203e-01,-4.034525603055953979e-01,3.013342253029804851e-02,-1.934776008129119873e-01,-1.446666717529296875e-01,2.038894679117220221e-04,-2.765032649040222168e-01,-2.102580964565277100e-01,-2.203006929676121217e-03,-3.208507895469665527e-01,-2.914293110370635986e-01,-8.196120084221547586e-03,-3.476212918758392334e-01,-3.598931431770324707e-01,-1.254309055298108433e-02,-1.835577189922332764e-01,-1.338592469692230225e-01,-4.985025518476504658e-02,-2.622127234935760498e-01,-1.882686614990234375e-01,-5.280620970665950153e-02,-3.091301321983337402e-01,-2.404181957244873047e-01,-5.037512623607653950e-02,-3.358605206012725830e-01,-2.890357375144958496e-01,-4.823197790324229572e-02
0.000000000000000000e+00,0.000000000000000000e+00,0.000000000000000000e+00,-2.717316150665283203e-03,-1.271692514419555664e-01,2.537909130381876821e-02,-3.503584861755371094e-02,-2.122099399566650391e-01,3.150127808379465932e-02,-5.792093276977539062e-02,-2.819250822067260742e-01,2.358271906899744863e-02,-9.551027417182922363e-02,-3.399519026279449463e-01,1.764234321939284200e-02,-1.678813099861145020e-01,-1.748495399951934814e-01,6.677307168769175405e-02,-1.978441178798675537e-01,-2.638397812843322754e-01,4.331954548882777090e-02,-1.646279096603393555e-01,-3.106591403484344482e-01,1.584997194635207052e-02,-1.279751956462860107e-01,-3.305640816688537598e-01,2.991265187063163467e-03,-1.881624460220336914e-01,-1.642926037311553955e-01,3.341718743371302480e-02,-2.611735463142395020e-01,-2.380063235759735107e-01,2.776971253382498617e-02,-2.894333600997924805e-01,-3.264487087726593018e-01,1.486600729452902669e-02,-3.016037940979003906e-01,-3.976339846849441528e-01,5.803466577106064506e-03,-1.926857829093933105e-01,-1.424782872200012207e-01,-7.671555235958749108e-03,-2.773083448410034180e-01,-2.037764191627502441e-01,-1.496816353125041132e-02,-3.215723484754562378e-01,-2.833005189895629883e-01,-2.344909516347115641e-02,-3.479933738708496094e-01,-3.525283336639404297e-01,-2.874651384723847514e-02,-1.823711097240447998e-01,-1.277635097503662109e-01,-4.995469396186535960e-02,-2.608331739902496338e-01,-1.777352094650268555e-01,-5.561525021863644724e-02,-3.068274855613708496e-01,-2.281615436077117920e-01,-5.486279745770161753e-02,-3.330950587987899780e-01,-2.760041654109954834e-01,-5.360525493694012766e-02
0.000000000000000000e+00,0.000000000000000000e+00,0.000000000000000000e+00,-3.171026706695556641e-03,-1.257513761520385742e-01,1.978764900127316650e-02,-3.538322448730468750e-02,-2.126936316490173340e-01,2.326667339661980805e-02,-5.877405405044555664e-02,-2.827283143997192383e-01,1.443616611072684464e-02,-9.611946344375610352e-02,-3.401811122894287109e-01,7.846279378327380982e-03,-1.663472354412078857e-01,-1.726600825786590576e-01,5.556271442333127197e-02,-1.963440179824829102e-01,-2.629314064979553223e-01,3.003867746451760468e-02,-1.637450754642486572e-01,-3.110274672508239746e-01,2.286698279249321786e-03,-1.271144747734069824e-01,-3.320499658584594727e-01,-1.074972438505028549e-02,-1.864509880542755127e-01,-1.601524949073791504e-01,2.496252798596287903e-02,-2.613086998462677002e-01,-2.365416586399078369e-01,1.613394946912194428e-02,-2.902393639087677002e-01,-3.246144652366638184e-01,1.672892324904751149e-03,-3.030378222465515137e-01,-3.959466069936752319e-01,-8.373317000177848968e-03,-1.902407109737396240e-01,-1.377058327198028564e-01,-1.303025117954348389e-02,-2.760788202285766602e-01,-2.000936865806579590e-01,-2.333719066223238769e-02,-3.220969438552856445e-01,-2.791879773139953613e-01,-3.471956184944247070e-02,-3.499988317489624023e-01,-3.491388857364654541e-01,-4.194545528730486694e-02,-1.795720458030700684e-01,-1.225878298282623291e-01,-5.219777828892802063e-02,-2.567853927612304688e-01,-1.735628545284271240e-01,-5.964896238288019958e-02,-3.024162054061889648e-01,-2.248568832874298096e-01,-6.064928478440378967e-02,-3.281414657831192017e-01,-2.736005187034606934e-01,-6.085552803119753662e-02
0.000000000000000000e+00,0.000000000000000000e+00,0.000000000000000000e+00,-3.375947475433349609e-03,-1.279044747352600098e-01,2.481539143983013673e-02,-3.596425056457519531e-02,-2.137758731842041016e-01,3.081939152244217439e-02,-5.884408950805664062e-02,-2.839861214160919189e-01,2.314542203012592836e-02,-9.574529528617858887e-02,-3.419861495494842529e-01,1.739064945641644044e-02,-1.660467386245727539e-01,-1.741114556789398193e-01,6.446297435823566957e-02,-1.977656483650207520e-01,-2.629138231277465820e-01,3.997281162801868959e-02,-1.651545464992523193e-01,-3.105006515979766846e-01,1.174594896647818132e-02,-1.282694041728973389e-01,-3.305853009223937988e-01,-1.744827099258827729e-03,-1.860061883926391602e-01,-1.625738739967346191e-01,3.130991353455669923e-02,-2.599115371704101562e-01,-2.384766936302185059e-01,2.444738491240627809e-02,-2.892423570156097412e-01,-3.264305889606475830e-01,9.698696125184369521e-03,-3.029699921607971191e-01,-3.966331928968429565e-01,-1.024062588925289674e-03,-1.901437640190124512e-01,-1.406503915786743164e-01,-9.365904454256224199e-03,-2.744307816028594971e-01,-2.018306553363800049e-01,-1.761241474386565642e-02,-3.207179307937622070e-01,-2.806329429149627686e-01,-2.860559740301482634e-02,-3.495113253593444824e-01,-3.493466377258300781e-01,-3.610843078431003050e-02,-1.802046597003936768e-01,-1.256704330444335938e-01,-5.108501420554034667e-02,-2.569803595542907715e-01,-1.751481890678405762e-01,-5.724840642150752501e-02,-3.028343915939331055e-01,-2.258315086364746094e-01,-5.792577223118655638e-02,-3.292578756809234619e-01,-2.742463946342468262e-01,-5.821343914803378539e-02
0.000000000000000000e+00,0.000000000000000000e+00,0.000000000000000000e+00,-5.418181419372558594e-03,-1.405854523181915283e-01,4.858665651167370925e-02,-3.644376993179321289e-02,-2.212884724140167236e-01,6.351922562802769789e-02,-5.620974302291870117e-02,-2.910857200622558594e-01,5.832908040369488845e-02,-9.340381622314453125e-02,-3.495571911334991455e-01,5.400704702819325576e-02,-1.671943068504333496e-01,-1.791694760322570801e-01,9.975592902387120375e-02,-1.963079571723937988e-01,-2.725293934345245361e-01,8.176554104770161757e-02,-1.629920005798339844e-01,-3.206887841224670410e-01,5.570965370620228896e-02,-1.241915822029113770e-01,-3.392438292503356934e-01,4.323674848760106215e-02,-1.869683563709259033e-01,-1.653869748115539551e-01,5.257628595913388381e-02,-2.605028748512268066e-01,-2.469131350517272949e-01,5.136075353706814894e-02,-2.896317839622497559e-01,-3.376547396183013916e-01,3.828037640536763320e-02,-3.012837767601013184e-01,-4.081342667341232300e-01,2.896107284809090743e-02,-1.911391615867614746e-01,-1.452364623546600342e-01,-1.939760581677774098e-03,-2.753379344940185547e-01,-2.103455960750579834e-01,-5.703729405155399945e-03,-3.197164535522460938e-01,-2.914561629295349121e-01,-1.211171859418413987e-02,-3.471829146146774292e-01,-3.594667911529541016e-01,-1.658825838481448045e-02,-1.802362799644470215e-01,-1.358985304832458496e-01,-5.643295386349223008e-02,-2.579243779182434082e-01,-1.899835169315338135e-01,-6.112441682731173387e-02,-3.042120337486267090e-01,-2.411568164825439453e-01,-5.925860145603678575e-02,-3.307260870933532715e-01,-2.890493273735046387e-01,-5.729796999608538499e-02
0.000000000000000000e+00,0.000000000000000000e+00,0.000000000000000000e+00,-3.908514976501464844e-03,-1.331431865692138672e-01,3.491724191917455755e-02,-3.529506921768188477e-02,-2.168554067611694336e-01,4.427705987109220587e-02,-5.715632438659667969e-02,-2.865285277366638184e-01,3.686226068748510443e-02,-9.480789303779602051e-02,-3.457955718040466309e-01,3.080070486976183020e-02,-1.664366424083709717e-01,-1.784795522689819336e-01,7.979779599918401800e-02,-1.959214210510253906e-01,-2.703585028648376465e-01,5.831500424756086431e-02,-1.620181798934936523e-01,-3.172217011451721191e-01,3.094906269325292669e-02,-1.249228417873382568e-01,-3.358540534973144531e-01,1.780315211726701818e-02,-1.871109902858734131e-01,-1.669999063014984131e-01,4.013454450978315435e-02,-2.598307728767395020e-01,-2.442998290061950684e-01,3.632796465171850286e-02,-2.881228327751159668e-01,-3.340263962745666504e-01,2.252169235362089239e-02,-3.001789152622222900e-01,-4.049390852451324463e-01,1.232814698232687078e-02,-1.917203664779663086e-01,-1.454600095748901367e-01,-7.075944889948004857e-03,-2.762298285961151123e-01,-2.080911099910736084e-01,-1.281982378350221552e-02,-3.206262290477752686e-01,-2.888668477535247803e-01,-2.147072085426771082e-02,-3.478929847478866577e-01,-3.585209846496582031e-01,-2.758408987210714258e-02,-1.810805201530456543e-01,-1.330595612525939941e-01,-5.501436532722436823e-02,-2.607265710830688477e-01,-1.857613325119018555e-01,-5.962351427660905756e-02,-3.070058822631835938e-01,-2.370169460773468018e-01,-5.835060865865671076e-02,-3.331972062587738037e-01,-2.852382659912109375e-01,-5.723923907862626947e-02
0.000000000000000000e+00,0.000000000000000000e+00,0.000000000000000000e+00,-5.175530910491943359e-03,-1.385250389575958252e-01,4.185644828197609968e-02,-3.630197048187255859e-02,-2.213385105133056641e-01,5.497042753216874189e-02,-5.731844902038574219e-02,-2.914467453956604004e-01,4.943821497676026411e-02,-9.588745236396789551e-02,-3.508212566375732422e-01,4.503013484594475813e-02,-1.667074263095855713e-01,-1.801353693008422852e-01,9.372478641984116621e-02,-1.964060664176940918e-01,-2.721396386623382568e-01,7.506525434968125410e-02,-1.629158258438110352e-01,-3.197290599346160889e-01,4.872908734199654646e-02,-1.259710490703582764e-01,-3.392060399055480957e-01,3.603251941916596479e-02,-1.874617338180541992e-01,-1.680787205696105957e-01,5.027396522876870222e-02,-2.608247101306915283e-01,-2.456738650798797607e-01,4.860010661599289961e-02,-2.894945740699768066e-01,-3.359664976596832275e-01,3.567885898468148298e-02,-3.010149002075195312e-01,-4.070308655500411987e-01,2.647192694661271162e-02,-1.923984289169311523e-01,-1.463523209095001221e-01,-9.637655462597649603e-04,-2.767045497894287109e-01,-2.093953490257263184e-01,-5.726058385846499732e-03,-3.212055265903472900e-01,-2.914225757122039795e-01,-1.250940084042895251e-02,-3.478494882583618164e-01,-3.608942627906799316e-01,-1.680589362564433031e-02,-1.817778646945953369e-01,-1.336954832077026367e-01,-5.267525918367255144e-02,-2.609465122222900391e-01,-1.895426511764526367e-01,-5.817155249002325945e-02,-3.074948191642761230e-01,-2.427389323711395264e-01,-5.658479116442549639e-02,-3.333794325590133667e-01,-2.915113866329193115e-01,-5.450352362873900347e-02
0.000000000000000000e+00,0.000000000000000000e+00,0.000000000000000000e+00,-4.220962524414062500e-03,-1.344026327133178711e-01,3.346146594734022983e-02,-3.600597381591796875e-02,-2.179853916168212891e-01,4.297738846392462619e-02,-5.784535408020019531e-02,-2.868511974811553955e-01,3.607953663916418918e-02,-9.572455286979675293e-02,-3.453497886657714844e-01,3.084151770920584568e-02,-1.674587130546569824e-01,-1.788060069084167480e-01,7.980027001352141269e-02,-1.972018480300903320e-01,-2.703582644462585449e-01,5.847688715905974277e-02,-1.624526083469390869e-01,-3.172262310981750488e-01,3.195656415076086887e-02,-1.248803734779357910e-01,-3.354884386062622070e-01,1.981757346541712650e-02,-1.877393126487731934e-01,-1.679093539714813232e-01,4.139438223094771274e-02,-2.608497738838195801e-01,-2.445414364337921143e-01,3.795711647720168003e-02,-2.893751859664916992e-01,-3.343502879142761230e-01,2.528087560088465580e-02,-3.014997839927673340e-01,-4.047772139310836792e-01,1.640199076385329136e-02,-1.920158267021179199e-01,-1.463361084461212158e-01,-4.792938958843251385e-03,-2.760581374168395996e-01,-2.086202800273895264e-01,-1.016340080647637478e-02,-3.207458257675170898e-01,-2.895959317684173584e-01,-1.726884443311860196e-02,-3.479175269603729248e-01,-3.583056628704071045e-01,-2.171598423271348111e-02,-1.811530292034149170e-01,-1.330190002918243408e-01,-5.190284598617722622e-02,-2.607523202896118164e-01,-1.860674321651458740e-01,-5.650142256169488064e-02,-3.070657253265380859e-01,-2.382910549640655518e-01,-5.459703553466965786e-02,-3.331468701362609863e-01,-2.863377332687377930e-01,-5.241438794880082241e-02
0.000000000000000000e+00,0.000000000000000000e+00,0.000000000000000000e+00,-4.712998867034912109e-03,-1.336396932601928711e-01,3.390105479329008631e-02,-3.598129749298095703e-02,-2.184953391551971436e-01,4.384113513796705774e-02,-5.796402692794799805e-02,-2.877712249755859375e-01,3.738047220676321558e-02,-9.559226036071777344e-02,-3.452508449554443359e-01,3.238140829770941309e-02,-1.667530238628387451e-01,-1.778849065303802490e-01,8.050721176832098536e-02,-1.958596110343933105e-01,-2.689350545406341553e-01,5.895094611614126734e-02,-1.626807451248168945e-01,-3.156823515892028809e-01,3.127929978936094813e-02,-1.260301470756530762e-01,-3.354528546333312988e-01,1.793956794708151392e-02,-1.865869760513305664e-01,-1.666715443134307861e-01,4.223620184629339747e-02,-2.587730288505554199e-01,-2.432186007499694824e-01,3.878070452182669214e-02,-2.869806289672851562e-01,-3.306087851524353027e-01,2.559152097373385004e-02,-2.997672259807586670e-01,-4.007622748613357544e-01,1.600074806182760767e-02,-1.906260848045349121e-01,-1.455942690372467041e-01,-3.774261186578087290e-03,-2.739000022411346436e-01,-2.090203762054443359e-01,-9.240462063559107264e-03,-3.182051777839660645e-01,-2.880161702632904053e-01,-1.691792867214303442e-02,-3.454097360372543335e-01,-3.565825223922729492e-01,-2.209761886925321051e-02,-1.800405085086822510e-01,-1.325938701629638672e-01,-5.064547768861871191e-02,-2.581089138984680176e-01,-1.848768293857574463e-01,-5.535167045027833410e-02,-3.038596212863922119e-01,-2.350682020187377930e-01,-5.388487464816194006e-02,-3.298334777355194092e-01,-2.825441658496856689e-01,-5.230335108072381445e-02
0.000000000000000000e+00,0.000000000000000000e+00,0.000000000000000000e+00,-2.584457397460937500e-03,-1.237085461616516113e-01,1.824946586981468499e-02,-3.385001420974731445e-02,-2.106519639492034912e-01,2.181131464436703027e-02,-5.733859539031982422e-02,-2.807351946830749512e-01,1.328773309484176934e-02,-9.508517384529113770e-02,-3.401529192924499512e-01,7.026359690428307658e-03,-1.645055413246154785e-01,-1.745231151580810547e-01,5.801863295033626855e-02,-1.926727592945098877e-01,-2.633737027645111084e-01,3.324622360065632165e-02,-1.596982777118682861e-01,-3.090735673904418945e-01,5.563680334091714030e-03,-1.242024004459381104e-01,-3.282137513160705566e-01,-7.450105370878645772e-03,-1.850177347660064697e-01,-1.646127402782440186e-01,2.881043476060085595e-02,-2.565386891365051270e-01,-2.389445006847381592e-01,2.152430710390262902e-02,-2.844102382659912109e-01,-3.249965310096740723e-01,7.866688789874842769e-03,-2.978604435920715332e-01,-3.952960669994354248e-01,-1.837189639843472833e-03,-1.898953318595886230e-01,-1.431908607482910156e-01,-8.319880096166798467e-03,-2.734445333480834961e-01,-2.036417126655578613e-01,-1.751257780000514686e-02,-3.183062374591827393e-01,-2.813974022865295410e-01,-2.801236438557452857e-02,-3.449334800243377686e-01,-3.500663936138153076e-01,-3.453733327791042029e-02,-1.809266209602355957e-01,-1.277246475219726562e-01,-4.696523698970622718e-02,-2.590658366680145264e-01,-1.776935160160064697e-01,-5.353968146249599158e-02,-3.052897453308105469e-01,-2.283695638179779053e-01,-5.415371733710117041e-02,-3.312862366437911987e-01,-2.764011621475219727e-01,-5.404585155650920569e-02
0.000000000000000000e+00,0.000000000000000000e+00,0.000000000000000000e+00,-2.958297729492187500e-03,-1.292639672756195068e-01,2.562018103131435964e-02,-3.362500667572021484e-02,-2.143554091453552246e-01,3.193699560293339346e-02,-5.621707439422607422e-02,-2.842298150062561035e-01,2.408186896869324300e-02,-9.359624981880187988e-02,-3.437831699848175049e-01,1.826552665957592581e-02,-1.641781032085418701e-01,-1.730337142944335938e-01,6.810884914526127432e-02,-1.936347484588623047e-01,-2.637463510036468506e-01,4.546098775395535085e-02,-1.611994504928588867e-01,-3.111185729503631592e-01,1.889047390946529958e-02,-1.255324184894561768e-01,-3.314735293388366699e-01,6.551294971046672799e-03,-1.849162876605987549e-01,-1.622397899627685547e-01,3.443400926121853445e-02,-2.569859623908996582e-01,-2.394061982631683350e-01,2.873612745830200765e-02,-2.857210636138916016e-01,-3.277500271797180176e-01,1.537007550874136541e-02,-2.987553179264068604e-01,-3.988021016120910645e-01,6.046831525651441552e-03,-1.894194781780242920e-01,-1.413631141185760498e-01,-6.893979933323635123e-03,-2.725179195404052734e-01,-2.037467658519744873e-01,-1.436690808108664896e-02,-3.179161548614501953e-01,-2.825699448585510254e-01,-2.355287046006537821e-02,-3.456267565488815308e-01,-3.511653542518615723e-01,-2.935324803760863688e-02,-1.792655289173126221e-01,-1.282712221145629883e-01,-4.939549424520350840e-02,-2.571984529495239258e-01,-1.795864999294281006e-01,-5.513526880017138865e-02,-3.032100200653076172e-01,-2.307018339633941650e-01,-5.484563865533687022e-02,-3.287492245435714722e-01,-2.789400219917297363e-01,-5.394017332068301585e-02
0.000000000000000000e+00,0.000000000000000000e+00,0.000000000000000000e+00,-3.704369068145751953e-03,-1.236362755298614502e-01,1.768119859059424925e-02,-3.249770402908325195e-02,-2.080219388008117676e-01,2.090617681403728056e-02,-5.395185947418212891e-02,-2.778412699699401855e-01,1.201582273949952651e-02,-9.233215451240539551e-02,-3.340682983398437500e-01,5.273842648762183671e-03,-1.646284162998199463e-01,-1.708672344684600830e-01,5.759295115728946257e-02,-1.933580040931701660e-01,-2.582556903362274170e-01,3.294755930562587309e-02,-1.607486605644226074e-01,-3.049789667129516602e-01,5.172966909753995424e-03,-1.244850754737854004e-01,-3.246886730194091797e-01,-8.010251051587147231e-03,-1.858634054660797119e-01,-1.610854864120483398e-01,2.823376695175738860e-02,-2.568996846675872803e-01,-2.348173260688781738e-01,2.050399074812503386e-02,-2.839838564395904541e-01,-3.220739960670471191e-01,5.632510339069085603e-03,-2.951483130455017090e-01,-3.927498757839202881e-01,-5.055168247622532363e-03,-1.917544007301330566e-01,-1.391071975231170654e-01,-8.964034332734627242e-03,-2.738151848316192627e-01,-1.989954411983489990e-01,-1.811178361515430879e-02,-3.174179196357727051e-01,-2.769924402236938477e-01,-2.949815576414493989e-02,-3.423857837915420532e-01,-3.454197645187377930e-01,-3.686455970148472261e-02,-1.831791400909423828e-01,-1.218008995056152344e-01,-4.773670767883686494e-02,-2.602628469467163086e-01,-1.712007224559783936e-01,-5.409373675922779512e-02,-3.056912422180175781e-01,-2.214035689830780029e-01,-5.472101231555370759e-02,-3.298929333686828613e-01,-2.684896588325500488e-01,-5.476179679374126863e-02
0.000000000000000000e+00,0.000000000000000000e+00,0.000000000000000000e+00,-3.423392772674560547e-03,-1.257402598857879639e-01,2.420384248790696802e-02,-3.385907411575317383e-02,-2.101671397686004639e-01,2.996234035191491785e-02,-5.572962760925292969e-02,-2.794169187545776367e-01,2.227338029143766107e-02,-9.250751137733459473e-02,-3.355909883975982666e-01,1.639764195380166711e-02,-1.633111536502838135e-01,-1.711233854293823242e-01,6.339264473018602075e-02,-1.933453381061553955e-01,-2.602096796035766602e-01,4.081028884348825159e-02,-1.619598865509033203e-01,-3.065091073513031006e-01,1.485121807155564966e-02,-1.260426044464111328e-01,-3.249104022979736328e-01,2.786495937755262275e-03,-1.837195158004760742e-01,-1.601381897926330566e-01,3.075541181561902704e-02,-2.564088702201843262e-01,-2.357613146305084229e-01,2.451151235101178827e-02,-2.851197421550750732e-01,-3.222406506538391113e-01,1.081903183904842081e-02,-2.981629371643066406e-01,-3.915478736162185669e-01,1.024306733881985565e-03,-1.885581314563751221e-01,-1.382200419902801514e-01,-9.228753875220263581e-03,-2.709560692310333252e-01,-1.985377371311187744e-01,-1.730640420618101416e-02,-3.165338933467864990e-01,-2.763306200504302979e-01,-2.831590177419229803e-02,-3.447328954935073853e-01,-3.441587090492248535e-01,-3.577114457192465125e-02,-1.792795360088348389e-01,-1.222221553325653076e-01,-5.020030030908628760e-02,-2.558287978172302246e-01,-1.702145338058471680e-01,-5.637391099634214697e-02,-3.015303313732147217e-01,-2.195816338062286377e-01,-5.720362627806707678e-02,-3.272750079631805420e-01,-2.667272686958312988e-01,-5.759868586363836584e-02
0.000000000000000000e+00,0.000000000000000000e+00,0.000000000000000000e+00,-2.646744251251220703e-03,-1.217383742332458496e-01,1.791401733854058875e-02,-3.313267230987548828e-02,-2.075909376144409180e-01,2.157117207744363441e-02,-5.451565980911254883e-02,-2.775500714778900146e-01,1.362661053636315955e-02,-9.124523401260375977e-02,-3.341491222381591797e-01,7.789672959830795662e-03,-1.635783016681671143e-01,-1.690133512020111084e-01,5.452147838869336738e-02,-1.927982866764068604e-01,-2.582864463329315186e-01,2.937319469847921027e-02,-1.605255305767059326e-01,-3.040331900119781494e-01,1.471915191274320023e-03,-1.245479285717010498e-01,-3.221078515052795410e-01,-1.179938516369816170e-02,-1.840546429157257080e-01,-1.595142483711242676e-01,2.560041626193765296e-02,-2.558563351631164551e-01,-2.331639230251312256e-01,1.746365954377893104e-02,-2.846243977546691895e-01,-3.187685608863830566e-01,2.264429258417521851e-03,-2.985133826732635498e-01,-3.878943622112274170e-01,-8.929025705668891533e-03,-1.891321241855621338e-01,-1.378080248832702637e-01,-1.082234862050768243e-02,-2.704414129257202148e-01,-1.964825391769409180e-01,-2.027863855263944970e-02,-3.158174157142639160e-01,-2.730439007282257080e-01,-3.274869951209780083e-02,-3.436876535415649414e-01,-3.402030467987060547e-01,-4.123135315975900994e-02,-1.806034445762634277e-01,-1.210912466049194336e-01,-4.860250684222933160e-02,-2.576586604118347168e-01,-1.668876111507415771e-01,-5.541156264743563042e-02,-3.031152486801147461e-01,-2.161137759685516357e-01,-5.721947583160158501e-02,-3.283825069665908813e-01,-2.640204429626464844e-01,-5.847365814051386224e-02
0.000000000000000000e+00,0.000000000000000000e+00,0.000000000000000000e+00,-3.481864929199218750e-03,-1.276962161064147949e-01,3.344479948998468899e-02,-3.390097618103027344e-02,-2.104881703853607178e-01,4.314688221336382412e-02,-5.502510070800781250e-02,-2.786843776702880859e-01,3.705270216585176968e-02,-8.937644958496093750e-02,-3.380046486854553223e-01,3.244075924874323391e-02,-1.633341908454895020e-01,-1.710747778415679932e-01,7.862899825693148159e-02,-1.909118294715881348e-01,-2.595268487930297852e-01,5.949068442703264736e-02,-1.598953902721405029e-01,-3.066076636314392090e-01,3.479582444549578213e-02,-1.244246363639831543e-01,-3.262124657630920410e-01,2.331828885496634030e-02,-1.836608648300170898e-01,-1.608718037605285645e-01,4.110304639459627651e-02,-2.551549673080444336e-01,-2.358840405941009521e-01,3.863338009239214443e-02,-2.836963832378387451e-01,-3.231513798236846924e-01,2.710360848129766964e-02,-2.959874272346496582e-01,-3.926289081573486328e-01,1.883581467689054989e-02,-1.888453364372253418e-01,-1.400112807750701904e-01,-3.825173706104578741e-03,-2.703748345375061035e-01,-1.994003951549530029e-01,-9.005481370081724890e-03,-3.143707513809204102e-01,-2.780103981494903564e-01,-1.669733598112088657e-02,-3.407996296882629395e-01,-3.456684947013854980e-01,-2.186464145063382603e-02,-1.801303327083587646e-01,-1.261067688465118408e-01,-4.941707103728276707e-02,-2.559846043586730957e-01,-1.745427846908569336e-01,-5.437577142595273472e-02,-3.010444939136505127e-01,-2.248401641845703125e-01,-5.357426404236775852e-02,-3.265647739171981812e-01,-2.729799449443817139e-01,-5.248968675016385532e-02
0.000000000000000000e+00,0.000000000000000000e+00,0.000000000000000000e+00,-2.821981906890869141e-03,-1.208347380161285400e-01,1.708722928651695838e-02,-3.221428394317626953e-02,-2.067166864871978760e-01,1.996248098203068366e-02,-5.365705490112304688e-02,-2.762082815170288086e-01,1.125370407589798560e-02,-9.031784534454345703e-02,-3.337731361389160156e-01,4.731803425784164574e-03,-1.619158089160919189e-01,-1.699013113975524902e-01,5.430027539023285499e-02,-1.912949085235595703e-01,-2.564094364643096924e-01,2.908220956214790931e-02,-1.591988503932952881e-01,-3.025821447372436523e-01,1.660516128140443470e-03,-1.228596866130828857e-01,-3.220789432525634766e-01,-1.114015957227820763e-02,-1.827172636985778809e-01,-1.603369116783142090e-01,2.580416457840328803e-02,-2.538931369781494141e-01,-2.330994009971618652e-01,1.743522727974777808e-02,-2.814766168594360352e-01,-3.182486891746520996e-01,2.746898905570560601e-03,-2.938579618930816650e-01,-3.874389827251434326e-01,-7.660062293325609062e-03,-1.881145834922790527e-01,-1.388520002365112305e-01,-1.026813058069819817e-02,-2.703959941864013672e-01,-1.964311897754669189e-01,-2.013645997158164391e-02,-3.155160546302795410e-01,-2.725088596343994141e-01,-3.193379869571799645e-02,-3.426423668861389160e-01,-3.401116132736206055e-01,-3.951013391724700341e-02,-1.795261800289154053e-01,-1.221783459186553955e-01,-4.773940449467772851e-02,-2.561535239219665527e-01,-1.693679690361022949e-01,-5.469513242951506982e-02,-3.018967509269714355e-01,-2.182411551475524902e-01,-5.593442475310439477e-02,-3.275383114814758301e-01,-2.651704549789428711e-01,-5.640495126954192529e-02
0.000000000000000000e+00,0.000000000000000000e+00,0.000000000000000000e+00,-2.635538578033447266e-03,-1.223684549331665039e-01,2.092601489692924588e-02,-3.236818313598632812e-02,-2.067232728004455566e-01,2.593224253922699063e-02,-5.380696058273315430e-02,-2.768113911151885986e-01,1.850089747875927060e-02,-9.064269065856933594e-02,-3.331266939640045166e-01,1.303671710610387890e-02,-1.613153517246246338e-01,-1.681479513645172119e-01,6.026409324675796597e-02,-1.905221045017242432e-01,-2.568495273590087891e-01,3.735730927854774563e-02,-1.591032147407531738e-01,-3.037978708744049072e-01,1.132748872458932965e-02,-1.229932904243469238e-01,-3.237677812576293945e-01,-6.963106878288272128e-04,-1.821953058242797852e-01,-1.585721373558044434e-01,2.982021067708728879e-02,-2.545098066329956055e-01,-2.335136532783508301e-01,2.365100514560936062e-02,-2.828822731971740723e-01,-3.192579746246337891e-01,9.916884270012360503e-03,-2.958580553531646729e-01,-3.888878524303436279e-01,1.718523179761177744e-05,-1.879040002822875977e-01,-1.373744010925292969e-01,-8.050935897529143404e-03,-2.701629102230072021e-01,-1.973460614681243896e-01,-1.602252814501525791e-02,-3.149174451828002930e-01,-2.743340730667114258e-01,-2.680172081619502933e-02,-3.420158773660659790e-01,-3.420193195343017578e-01,-3.401048350661994846e-02,-1.798465847969055176e-01,-1.211236119270324707e-01,-4.715603086680175693e-02,-2.571712136268615723e-01,-1.678626537322998047e-01,-5.298182982534171970e-02,-3.019788861274719238e-01,-2.175569534301757812e-01,-5.343976486057044895e-02,-3.263718634843826294e-01,-2.656741142272949219e-01,-5.349413547247650058e-02
0.000000000000000000e+00,0.000000000000000000e+00,0.000000000000000000e+00,-1.563191413879394531e-03,-1.185274422168731689e-01,1.716883843781147334e-02,-3.247249126434326172e-02,-2.046636939048767090e-01,1.975411167384777400e-02,-5.522292852401733398e-02,-2.746304273605346680e-01,1.089884331466350886e-02,-9.070229530334472656e-02,-3.330214917659759521e-01,4.141729232088664503e-03,-1.617968976497650146e-01,-1.689509153366088867e-01,5.285235112549457881e-02,-1.914647221565246582e-01,-2.567458152770996094e-01,2.801749845983181331e-02,-1.602610349655151367e-01,-3.039337396621704102e-01,9.870411829808745097e-04,-1.246135830879211426e-01,-3.243335485458374023e-01,-1.185068218021001485e-02,-1.817463040351867676e-01,-1.594977378845214844e-01,2.430545901896152827e-02,-2.538514435291290283e-01,-2.336817085742950439e-01,1.598459472896252009e-02,-2.818900942802429199e-01,-3.187473416328430176e-01,1.665872777977028818e-03,-2.951704263687133789e-01,-3.876416981220245361e-01,-8.661697711630722551e-03,-1.868516206741333008e-01,-1.385151147842407227e-01,-1.161274230091180470e-02,-2.701187729835510254e-01,-1.973654925823211670e-01,-2.139209965227450994e-02,-3.157337009906768799e-01,-2.738720476627349854e-01,-3.313831249235477117e-02,-3.436784446239471436e-01,-3.415523171424865723e-01,-4.102931180952396062e-02,-1.784754395484924316e-01,-1.222085952758789062e-01,-4.884997392056789067e-02,-2.551115751266479492e-01,-1.684389412403106689e-01,-5.581421414373721746e-02,-3.010452091693878174e-01,-2.176223397254943848e-01,-5.728972712515201238e-02,-3.278134614229202271e-01,-2.655063867568969727e-01,-5.828074002621974614e-02
0.000000000000000000e+00,0.000000000000000000e+00,0.000000000000000000e+00,-2.999842166900634766e-03,-1.250349879264831543e-01,2.228823235654431301e-02,-3.303486108779907227e-02,-2.098218202590942383e-01,2.741971915983754116e-02,-5.451530218124389648e-02,-2.785072922706604004e-01,1.973231068276959377e-02,-9.047827124595642090e-02,-3.364459276199340820e-01,1.411519596749144512e-02,-1.628750860691070557e-01,-1.703071892261505127e-01,6.200379623496132808e-02,-1.926744282245635986e-01,-2.596919536590576172e-01,3.871122120344239192e-02,-1.605139374732971191e-01,-3.056639134883880615e-01,1.208135323994952159e-02,-1.239344179630279541e-01,-3.245274424552917480e-01,-3.584100208229301643e-04,-1.831554770469665527e-01,-1.599823534488677979e-01,3.091523914062577205e-02,-2.548769712448120117e-01,-2.346793711185455322e-01,2.433071589493351894e-02,-2.834216356277465820e-01,-3.204571306705474854e-01,1.006006846600371318e-02,-2.967442870140075684e-01,-3.898554295301437378e-01,-2.189490200237287354e-04,-1.877767443656921387e-01,-1.387797594070434570e-01,-7.609430454436960645e-03,-2.696509361267089844e-01,-1.992527246475219727e-01,-1.562473898357552571e-02,-3.148490786552429199e-01,-2.759697735309600830e-01,-2.638261088705462498e-02,-3.426320552825927734e-01,-3.432772755622863770e-01,-3.360874833143157048e-02,-1.783744394779205322e-01,-1.234946250915527344e-01,-4.728824900067252202e-02,-2.549214661121368408e-01,-1.708750426769256592e-01,-5.314569430029791874e-02,-3.001900911331176758e-01,-2.202308475971221924e-01,-5.374710144079131169e-02,-3.256344646215438843e-01,-2.681095302104949951e-01,-5.390001343167227787e-02
0.000000000000000000e+00,0.000000000000000000e+00,0.000000000000000000e+00,-4.989922046661376953e-03,-1.342397630214691162e-01,3.502775346899511533e-02,-3.437006473541259766e-02,-2.162490487098693848e-01,4.489821186328413205e-02,-5.462789535522460938e-02,-2.839988768100738525e-01,3.848740076685430722e-02,-8.991310000419616699e-02,-3.423683643341064453e-01,3.356105824971677976e-02,-1.633384823799133301e-01,-1.740660071372985840e-01,7.896460210943700986e-02,-1.932626664638519287e-01,-2.647628486156463623e-01,5.794236799741270261e-02,-1.605497598648071289e-01,-3.121253848075866699e-01,3.202454363966467099e-02,-1.228812038898468018e-01,-3.319982886314392090e-01,2.010450316632272916e-02,-1.833240687847137451e-01,-1.627275645732879639e-01,4.032101472878935056e-02,-2.550725042819976807e-01,-2.400634884834289551e-01,3.607286131048681455e-02,-2.834037840366363525e-01,-3.292661905288696289e-01,2.337250663006784634e-02,-2.947646975517272949e-01,-3.995161056518554688e-01,1.464285878503801541e-02,-1.873826980590820312e-01,-1.416234672069549561e-01,-5.676871724034526778e-03,-2.706296443939208984e-01,-2.031911909580230713e-01,-1.193910846447465701e-02,-3.158919215202331543e-01,-2.821047902107238770e-01,-1.979431146716592593e-02,-3.433203399181365967e-01,-3.495401144027709961e-01,-2.473794678186891360e-02,-1.771485507488250732e-01,-1.287212669849395752e-01,-5.220369631385324283e-02,-2.543793022632598877e-01,-1.791136562824249268e-01,-5.818326035475251956e-02,-3.003799319267272949e-01,-2.300941944122314453e-01,-5.764155099129197879e-02,-3.261733949184417725e-01,-2.783749699592590332e-01,-5.633660042619226260e-02
0.000000000000000000e+00,0.000000000000000000e+00,0.000000000000000000e+00,-2.954065799713134766e-03,-1.290635466575622559e-01,2.903338594595084032e-02,-3.389227390289306641e-02,-2.131727039813995361e-01,3.783305621007571062e-02,-5.521774291992187500e-02,-2.814250290393829346e-01,3.187129160622248492e-02,-9.062358736991882324e-02,-3.384598493576049805e-01,2.763506470481047472e-02,-1.630373299121856689e-01,-1.748417019844055176e-01,7.219246661523470721e-02,-1.921796798706054688e-01,-2.636138200759887695e-01,5.010920277098307452e-02,-1.601372659206390381e-01,-3.107080161571502686e-01,2.356914317468294939e-02,-1.245112419128417969e-01,-3.309920430183410645e-01,1.124240996549019656e-02,-1.834008991718292236e-01,-1.643087565898895264e-01,3.701592868426928362e-02,-2.535002231597900391e-01,-2.394683361053466797e-01,3.173138832906374773e-02,-2.815044522285461426e-01,-3.267315328121185303e-01,1.841202451149115404e-02,-2.941027879714965820e-01,-3.961674273014068604e-01,9.187387099956367820e-03,-1.881756782531738281e-01,-1.433892846107482910e-01,-5.757244040722753198e-03,-2.697867751121520996e-01,-2.043111920356750488e-01,-1.319915169617047468e-02,-3.138786554336547852e-01,-2.819327414035797119e-01,-2.208365613361706892e-02,-3.409356772899627686e-01,-3.491701781749725342e-01,-2.744110414525380293e-02,-1.786158084869384766e-01,-1.294021904468536377e-01,-4.947716483613362470e-02,-2.567082047462463379e-01,-1.791292428970336914e-01,-5.546710753580441633e-02,-3.027419745922088623e-01,-2.294902205467224121e-01,-5.518872404238095442e-02,-3.285428136587142944e-01,-2.776038944721221924e-01,-5.412802586099019209e-02
0.000000000000000000e+00,0.000000000000000000e+00,0.000000000000000000e+00,-2.953469753265380859e-03,-1.271507740020751953e-01,2.484390300128325180e-02,-3.293848037719726562e-02,-2.118873596191406250e-01,3.093332399043902114e-02,-5.463463068008422852e-02,-2.811194956302642822e-01,2.298142176482542709e-02,-9.281042218208312988e-02,-3.391444683074951172e-01,1.727788497123583511e-02,-1.637116670608520508e-01,-1.734852492809295654e-01,6.872372862312658981e-02,-1.915867626667022705e-01,-2.629569172859191895e-01,4.673436817142828659e-02,-1.590549349784851074e-01,-3.092870116233825684e-01,2.084860738727911667e-02,-1.236201524734497070e-01,-3.281031250953674316e-01,8.996334601079070126e-03,-1.842421293258666992e-01,-1.629472374916076660e-01,3.546335336181982711e-02,-2.551024854183197021e-01,-2.367855608463287354e-01,3.037459750089510635e-02,-2.826148271560668945e-01,-3.244329988956451416e-01,1.781267833325728134e-02,-2.943227887153625488e-01,-3.948936313390731812e-01,9.197440672551238094e-03,-1.890964508056640625e-01,-1.416843235492706299e-01,-5.606947258229411091e-03,-2.710677385330200195e-01,-2.015748918056488037e-01,-1.279253445204631134e-02,-3.144684433937072754e-01,-2.795531749725341797e-01,-2.089959781255856797e-02,-3.403671383857727051e-01,-3.474419414997100830e-01,-2.572994518664017960e-02,-1.791148781776428223e-01,-1.275358200073242188e-01,-4.798371556785241410e-02,-2.560196518898010254e-01,-1.764325499534606934e-01,-5.357839379098550125e-02,-3.006451725959777832e-01,-2.263331115245819092e-01,-5.260737079765931412e-02,-3.250114768743515015e-01,-2.735245823860168457e-01,-5.096814993407861039e-02
0.000000000000000000e+00,0.000000000000000000e+00,0.000000000000000000e+00,-4.134118556976318359e-03,-1.337493360042572021e-01,3.766828719196269049e-02,-3.451883792877197266e-02,-2.154542207717895508e-01,4.837547558960864080e-02,-5.560463666915893555e-02,-2.833893895149230957e-01,4.167642015633532537e-02,-9.129396080970764160e-02,-3.416602611541748047e-01,3.634663987574526800e-02,-1.635840535163879395e-01,-1.740844249725341797e-01,8.572767618713328375e-02,-1.920072436332702637e-01,-2.661690413951873779e-01,6.642142627057978643e-02,-1.602487564086914062e-01,-3.131776452064514160e-01,4.042569119152972235e-02,-1.240758895874023438e-01,-3.326640427112579346e-01,2.804058733997294439e-02,-1.832811832427978516e-01,-1.618701815605163574e-01,4.508745614108988775e-02,-2.552863657474517822e-01,-2.397933006286621094e-01,4.287373218355128301e-02,-2.847417593002319336e-01,-3.272703588008880615e-01,2.987471352932402624e-02,-2.978806793689727783e-01,-3.974923342466354370e-01,2.033964860854098333e-02,-1.874351203441619873e-01,-1.410318017005920410e-01,-3.053031259725003110e-03,-2.692625522613525391e-01,-2.048673033714294434e-01,-7.839658859694509374e-03,-3.126444816589355469e-01,-2.841263115406036377e-01,-1.557317618610909449e-02,-3.395917266607284546e-01,-3.521972298622131348e-01,-2.096168753089955317e-02,-1.767673790454864502e-01,-1.296684741973876953e-01,-5.174654033365300165e-02,-2.532997131347656250e-01,-1.813085675239562988e-01,-5.590892639341404902e-02,-2.977842986583709717e-01,-2.314889430999755859e-01,-5.429098811330845820e-02,-3.230345249176025391e-01,-2.794077694416046143e-01,-5.276463609519055353e-02
0.000000000000000000e+00,0.000000000000000000e+00,0.000000000000000000e+00,-2.140223979949951172e-03,-1.256002783775329590e-01,2.641584500833005222e-02,-3.301954269409179688e-02,-2.086647152900695801e-01,3.316224701865166935e-02,-5.510926246643066406e-02,-2.777966558933258057e-01,2.548399903042763981e-02,-9.169545769691467285e-02,-3.348739743232727051e-01,1.966931261284798893e-02,-1.630611419677734375e-01,-1.727116107940673828e-01,6.988882608874291691e-02,-1.915027499198913574e-01,-2.600434422492980957e-01,4.698773436410874638e-02,-1.587370038032531738e-01,-3.054285347461700439e-01,1.916400306089371952e-02,-1.231126785278320312e-01,-3.236499726772308350e-01,5.842645747350161400e-03,-1.831942200660705566e-01,-1.617488265037536621e-01,3.580912910564393314e-02,-2.541906237602233887e-01,-2.336873114109039307e-01,3.068516366346329960e-02,-2.824420928955078125e-01,-3.192925155162811279e-01,1.696992069645375523e-02,-2.961643040180206299e-01,-3.881923258304595947e-01,7.001549565927689400e-03,-1.881188154220581055e-01,-1.402277648448944092e-01,-6.081377992643410835e-03,-2.698689103126525879e-01,-1.988614797592163086e-01,-1.331336926506310192e-02,-3.139446377754211426e-01,-2.762896716594696045e-01,-2.251589149074106899e-02,-3.413695394992828369e-01,-3.439323306083679199e-01,-2.849874123768358913e-02,-1.785490810871124268e-01,-1.262936294078826904e-01,-4.915196485654860226e-02,-2.555715143680572510e-01,-1.746996045112609863e-01,-5.457859895960837093e-02,-3.005071878433227539e-01,-2.237842977046966553e-01,-5.405523292557745663e-02,-3.261946737766265869e-01,-2.707585990428924561e-01,-5.325434766547232357e-02
0.000000000000000000e+00,0.000000000000000000e+00,0.000000000000000000e+00,-3.359615802764892578e-03,-1.286624968051910400e-01,2.925978564132947213e-02,-3.222179412841796875e-02,-2.110911011695861816e-01,3.758181967248219735e-02,-5.379199981689453125e-02,-2.788789272308349609e-01,3.086057454754609353e-02,-9.008345007896423340e-02,-3.375498950481414795e-01,2.585571222414273507e-02,-1.624364256858825684e-01,-1.717340648174285889e-01,7.528633587469357735e-02,-1.902081668376922607e-01,-2.623136937618255615e-01,5.392337553610104806e-02,-1.583220064640045166e-01,-3.091722428798675537e-01,2.717486545850533730e-02,-1.227351129055023193e-01,-3.288147151470184326e-01,1.456631124426621682e-02,-1.836071014404296875e-01,-1.610970199108123779e-01,3.985379226912755257e-02,-2.539381980895996094e-01,-2.359712719917297363e-01,3.547900878299969918e-02,-2.816686630249023438e-01,-3.229209780693054199e-01,2.178868614544171578e-02,-2.934974730014801025e-01,-3.927688449621200562e-01,1.207427457381982094e-02,-1.890181899070739746e-01,-1.404428482055664062e-01,-3.271739832712228235e-03,-2.698388695716857910e-01,-2.002320289611816406e-01,-9.966557282609755930e-03,-3.136234879493713379e-01,-2.781105935573577881e-01,-1.894002072106104606e-02,-3.399286717176437378e-01,-3.461070954799652100e-01,-2.456177435408335441e-02,-1.800763607025146484e-01,-1.270883381366729736e-01,-4.739237241039973014e-02,-2.572475671768188477e-01,-1.768324375152587891e-01,-5.263186283002596610e-02,-3.022356033325195312e-01,-2.270745337009429932e-01,-5.183759368549090141e-02,-3.269041180610656738e-01,-2.756989896297454834e-01,-5.050160772691469901e-02
0.000000000000000000e+00,0.000000000000000000e+00,0.000000000000000000e+00,-3.173947334289550781e-03,-1.236327290534973145e-01,2.086457169662025990e-02,-3.253638744354248047e-02,-2.080690562725067139e-01,2.396131425211933674e-02,-5.410706996917724609e-02,-2.765421867370605469e-01,1.432023688266781392e-02,-8.958804607391357422e-02,-3.353961706161499023e-01,6.852384908597741742e-03,-1.629223525524139404e-01,-1.701235175132751465e-01,5.808744325349834980e-02,-1.919412016868591309e-01,-2.593002319335937500e-01,3.299741565297154011e-02,-1.602612435817718506e-01,-3.065741956233978271e-01,5.439727353405032773e-03,-1.245248615741729736e-01,-3.268407583236694336e-01,-7.519572255660023075e-03,-1.827126741409301758e-01,-1.589350700378417969e-01,2.692583880434540333e-02,-2.542002797126770020e-01,-2.332389354705810547e-01,1.861997439573315205e-02,-2.826654911041259766e-01,-3.199123442173004150e-01,4.448931916158471722e-03,-2.959018945693969727e-01,-3.899489790201187134e-01,-5.448582330245699268e-03,-1.867367029190063477e-01,-1.376842558383941650e-01,-1.167468049516173778e-02,-2.684854269027709961e-01,-1.982622742652893066e-01,-2.103016034652682720e-02,-3.129183351993560791e-01,-2.756704688072204590e-01,-3.102366507937404094e-02,-3.399582803249359131e-01,-3.430784344673156738e-01,-3.737997145344706951e-02,-1.767471432685852051e-01,-1.230681538581848145e-01,-5.157535404850932537e-02,-2.526912093162536621e-01,-1.703332066535949707e-01,-5.838723362376185833e-02,-2.979487180709838867e-01,-2.201257050037384033e-01,-5.879336849739047466e-02,-3.234554678201675415e-01,-2.678801119327545166e-01,-5.850382403423282085e-02
0.000000000000000000e+00,0.000000000000000000e+00,0.000000000000000000e+00,-2.181172370910644531e-03,-1.217739880084991455e-01,2.102036650472882684e-02,-3.197026252746582031e-02,-2.059579491615295410e-01,2.536609086388352807e-02,-5.436158180236816406e-02,-2.754019796848297119e-01,1.719262699776891168e-02,-8.980503678321838379e-02,-3.341419100761413574e-01,1.112051370733979638e-02,-1.616681218147277832e-01,-1.683458089828491211e-01,6.007845576101544793e-02,-1.904190182685852051e-01,-2.579175233840942383e-01,3.625433023267987664e-02,-1.592560410499572754e-01,-3.049950003623962402e-01,9.340753473281893093e-03,-1.238372027873992920e-01,-3.251383304595947266e-01,-3.251906324237552326e-03,-1.821321845054626465e-01,-1.579815447330474854e-01,2.991968083375695642e-02,-2.540231347084045410e-01,-2.330823540687561035e-01,2.312933157378438409e-02,-2.819415330886840820e-01,-3.192917704582214355e-01,9.772875972032579739e-03,-2.942462265491485596e-01,-3.888441771268844604e-01,4.409001704175352643e-04,-1.867680549621582031e-01,-1.372903585433959961e-01,-7.701967217087712925e-03,-2.690411210060119629e-01,-1.968161463737487793e-01,-1.587478195136782233e-02,-3.135094046592712402e-01,-2.735896706581115723e-01,-2.570312593883272712e-02,-3.401767909526824951e-01,-3.409361839294433594e-01,-3.197213758534189765e-02,-1.775250732898712158e-01,-1.230704784393310547e-01,-4.655474548047777716e-02,-2.525952458381652832e-01,-1.704593896865844727e-01,-5.250712980335947577e-02,-2.963882684707641602e-01,-2.201183438301086426e-01,-5.275245507067438666e-02,-3.209888488054275513e-01,-2.681538760662078857e-01,-5.235691492265459601e-02
0.000000000000000000e+00,0.000000000000000000e+00,0.000000000000000000e+00,-4.237890243530273438e-03,-1.298244893550872803e-01,3.467559505321560209e-02,-3.346776962280273438e-02,-2.113091945648193359e-01,4.513199690796909636e-02,-5.431199073791503906e-02,-2.800860404968261719e-01,3.917300764538822477e-02,-9.053939580917358398e-02,-3.391532301902770996e-01,3.475454140522060698e-02,-1.625460386276245117e-01,-1.695271134376525879e-01,8.393981371142444914e-02,-1.924597024917602539e-01,-2.618004977703094482e-01,6.370689038254795378e-02,-1.603427827358245850e-01,-3.087975978851318359e-01,3.666034776784954374e-02,-1.239012479782104492e-01,-3.279238343238830566e-01,2.391265023567257231e-02,-1.831717193126678467e-01,-1.594849228858947754e-01,4.604648489572582548e-02,-2.542448639869689941e-01,-2.364071309566497803e-01,4.436716128208217924e-02,-2.829042673110961914e-01,-3.240102231502532959e-01,3.139534283496914213e-02,-2.950217723846435547e-01,-3.931962400674819946e-01,2.183583442189274137e-02,-1.881968379020690918e-01,-1.399362683296203613e-01,4.050415528240591811e-04,-2.689099013805389404e-01,-2.025535404682159424e-01,-2.667534462432286091e-03,-3.130301237106323242e-01,-2.809669375419616699e-01,-9.885795711795708485e-03,-3.397289067506790161e-01,-3.481187522411346436e-01,-1.508020266822995836e-02,-1.793304979801177979e-01,-1.286147236824035645e-01,-4.610003467581691439e-02,-2.548354268074035645e-01,-1.794630587100982666e-01,-4.912840511582317049e-02,-2.997559309005737305e-01,-2.298138141632080078e-01,-4.743236239932002718e-02,-3.249721676111221313e-01,-2.780671417713165283e-01,-4.574912350557269747e-02
0.000000000000000000e+00,0.000000000000000000e+00,0.000000000000000000e+00,-3.036260604858398438e-03,-1.223061978816986084e-01,2.154219935283663290e-02,-3.250420093536376953e-02,-2.047438919544219971e-01,2.568160223410131948e-02,-5.409127473831176758e-02,-2.734419703483581543e-01,1.672149116740229147e-02,-9.073144197463989258e-02,-3.309370875358581543e-01,9.875432053661370446e-03,-1.631212234497070312e-01,-1.684702932834625244e-01,6.254836025283339040e-02,-1.909917593002319336e-01,-2.556263208389282227e-01,3.852091210529806631e-02,-1.586016416549682617e-01,-3.012453317642211914e-01,1.114659609839918630e-02,-1.225163042545318604e-01,-3.200797438621520996e-01,-1.496118445800220798e-03,-1.836902201175689697e-01,-1.588081717491149902e-01,3.126858773276808279e-02,-2.552379071712493896e-01,-2.320039272308349609e-01,2.505212689385416525e-02,-2.827570438385009766e-01,-3.178300559520721436e-01,1.230278743997814672e-02,-2.942346334457397461e-01,-3.872944861650466919e-01,3.526539007282281091e-03,-1.889401972293853760e-01,-1.376112103462219238e-01,-7.870125187480425666e-03,-2.714822292327880859e-01,-1.967583298683166504e-01,-1.605914493455884440e-02,-3.153408765792846680e-01,-2.741752266883850098e-01,-2.493914922132489664e-02,-3.403954803943634033e-01,-3.417789340019226074e-01,-3.027175327196118815e-02,-1.801741719245910645e-01,-1.223131418228149414e-01,-4.838643369629380686e-02,-2.560706138610839844e-01,-1.720184087753295898e-01,-5.463526544525620920e-02,-3.012955784797668457e-01,-2.224738895893096924e-01,-5.426610035254952891e-02,-3.266268372535705566e-01,-2.704422175884246826e-01,-5.318370980575082285e-02
0.000000000000000000e+00,0.000000000000000000e+00,0.000000000000000000e+00,-2.936303615570068359e-03,-1.222918927669525146e-01,2.008793885281079383e-02,-3.339958190917968750e-02,-2.074512243270874023e-01,2.388462061455243202e-02,-5.547589063644409180e-02,-2.762224674224853516e-01,1.520995712300532432e-02,-8.975133299827575684e-02,-3.353852927684783936e-01,8.860311567985945658e-03,-1.632429957389831543e-01,-1.691924929618835449e-01,5.969711589088433357e-02,-1.931669414043426514e-01,-2.586423456668853760e-01,3.507572608461373420e-02,-1.603933572769165039e-01,-3.042892813682556152e-01,7.777571309560471491e-03,-1.232257485389709473e-01,-3.220212459564208984e-01,-4.873968098110026403e-03,-1.827238202095031738e-01,-1.591407954692840576e-01,2.975711981227391334e-02,-2.537777423858642578e-01,-2.347466349601745605e-01,2.264283793439858528e-02,-2.811291813850402832e-01,-3.203181326389312744e-01,9.145523518526488260e-03,-2.933048307895660400e-01,-3.884899765253067017e-01,-3.106813722126844368e-04,-1.869622766971588135e-01,-1.384739577770233154e-01,-7.884692303633755728e-03,-2.700692415237426758e-01,-1.982962489128112793e-01,-1.652384167144305138e-02,-3.157240450382232666e-01,-2.749688923358917236e-01,-2.666440596411234765e-02,-3.433766067028045654e-01,-3.419417738914489746e-01,-3.317250487933165459e-02,-1.777788698673248291e-01,-1.234308481216430664e-01,-4.682238204011923699e-02,-2.523494660854339600e-01,-1.703828275203704834e-01,-5.291974348554617791e-02,-2.966074943542480469e-01,-2.202266156673431396e-01,-5.332853449115759759e-02,-3.224841058254241943e-01,-2.684777379035949707e-01,-5.319474814066893487e-02
0.000000000000000000e+00,0.000000000000000000e+00,0.000000000000000000e+00,-3.778278827667236328e-03,-1.266762614250183105e-01,2.812259505398628789e-02,-3.426659107208251953e-02,-2.100919783115386963e-01,3.551830585010407049e-02,-5.564850568771362305e-02,-2.782407104969024658e-01,2.840221720643398839e-02,-9.116539359092712402e-02,-3.374324440956115723e-01,2.319981391437409002e-02,-1.641805469989776611e-01,-1.698932647705078125e-01,7.133500884182808477e-02,-1.940357685089111328e-01,-2.604581117630004883e-01,4.905170435912964422e-02,-1.616310179233551025e-01,-3.071221411228179932e-01,2.210884216137287694e-02,-1.249524354934692383e-01,-3.266460597515106201e-01,9.358671036437726798e-03,-1.839990615844726562e-01,-1.592254340648651123e-01,3.689285973914024908e-02,-2.557118535041809082e-01,-2.353012263774871826e-01,3.184020752914307195e-02,-2.837195098400115967e-01,-3.227803409099578857e-01,1.837564865954277593e-02,-2.953413724899291992e-01,-3.924354463815689087e-01,8.773390677646375480e-03,-1.877541542053222656e-01,-1.386073529720306396e-01,-5.097086533083938775e-03,-2.699032425880432129e-01,-2.010686397552490234e-01,-1.171832484297397059e-02,-3.140216469764709473e-01,-2.792419791221618652e-01,-2.061782729916217249e-02,-3.404585719108581543e-01,-3.467847108840942383e-01,-2.654571783833148402e-02,-1.771617233753204346e-01,-1.252939105033874512e-01,-4.802763600937964839e-02,-2.519957423210144043e-01,-1.766120195388793945e-01,-5.331647162429931086e-02,-2.964042127132415771e-01,-2.272195219993591309e-01,-5.289830778829696101e-02,-3.216314911842346191e-01,-2.753086090087890625e-01,-5.209601809374930781e-02
0.000000000000000000e+00,0.000000000000000000e+00,0.000000000000000000e+00,-3.015339374542236328e-03,-1.233534812927246094e-01,2.216817716879404543e-02,-3.293979167938232422e-02,-2.068470418453216553e-01,2.709629851204908846e-02,-5.462801456451416016e-02,-2.758723795413970947e-01,1.885822321099794863e-02,-9.111258387565612793e-02,-3.343551754951477051e-01,1.284207402540005205e-02,-1.645308136940002441e-01,-1.689644753932952881e-01,6.480230110508955477e-02,-1.934113800525665283e-01,-2.582310438156127930e-01,4.128794091565168856e-02,-1.606579720973968506e-01,-3.051489889621734619e-01,1.367243191970146654e-02,-1.244964003562927246e-01,-3.254483342170715332e-01,6.388936196231043141e-04,-1.839059591293334961e-01,-1.593966484069824219e-01,3.358234929663694857e-02,-2.556687295436859131e-01,-2.326101958751678467e-01,2.778107206148661135e-02,-2.834434509277343750e-01,-3.190616369247436523e-01,1.452950852734602449e-02,-2.955470085144042969e-01,-3.895397335290908813e-01,5.110975343711743335e-03,-1.880561709403991699e-01,-1.390035450458526611e-01,-5.525133583716979047e-03,-2.700048685073852539e-01,-1.997476220130920410e-01,-1.294367761539660933e-02,-3.142311871051788330e-01,-2.771856784820556641e-01,-2.185642627256356718e-02,-3.401727080345153809e-01,-3.449773788452148438e-01,-2.744266298788033964e-02,-1.785096228122711182e-01,-1.254805624485015869e-01,-4.606003967302285673e-02,-2.545219659805297852e-01,-1.754685640335083008e-01,-5.166385603325807097e-02,-2.996414303779602051e-01,-2.256242632865905762e-01,-5.138279033081971647e-02,-3.253153413534164429e-01,-2.738097906112670898e-01,-5.054421258347474577e-02
0.000000000000000000e+00,0.000000000000000000e+00,0.000000000000000000e+00,-2.691030502319335938e-03,-1.231777667999267578e-01,2.311133011480137611e-02,-3.338187932968139648e-02,-2.072314620018005371e-01,2.869793004592224861e-02,-5.545443296432495117e-02,-2.752733826637268066e-01,2.110194391806885506e-02,-9.003561735153198242e-02,-3.338662981986999512e-01,1.554958499272629524e-02,-1.647645235061645508e-01,-1.677333712577819824e-01,6.428659497996136452e-02,-1.929521262645721436e-01,-2.574592530727386475e-01,4.143390595217510963e-02,-1.601428091526031494e-01,-3.031807541847229004e-01,1.488184998979136253e-02,-1.233214735984802246e-01,-3.221852779388427734e-01,2.502114747215955504e-03,-1.846233904361724854e-01,-1.581469476222991943e-01,3.265122859974667335e-02,-2.557551264762878418e-01,-2.336792349815368652e-01,2.712143562038704658e-02,-2.835252881050109863e-01,-3.195795118808746338e-01,1.429332583447262550e-02,-2.953982055187225342e-01,-3.893458098173141479e-01,5.142869197328536757e-03,-1.889640688896179199e-01,-1.373946368694305420e-01,-6.634548071275503389e-03,-2.706516981124877930e-01,-1.997059583663940430e-01,-1.428478141079381203e-02,-3.151807785034179688e-01,-2.774422168731689453e-01,-2.374668069879248833e-02,-3.412599563598632812e-01,-3.452349305152893066e-01,-2.981771551768019890e-02,-1.795677840709686279e-01,-1.226035356521606445e-01,-4.711425886253550743e-02,-2.552584409713745117e-01,-1.725621521472930908e-01,-5.316844046811297630e-02,-3.005487918853759766e-01,-2.227646410465240479e-01,-5.341530800561145043e-02,-3.261895328760147095e-01,-2.708519399166107178e-01,-5.306206852893069481e-02
0.000000000000000000e+00,0.000000000000000000e+00,0.000000000000000000e+00,-3.576397895812988281e-03,-1.279311776161193848e-01,2.934374945161266623e-02,-3.393608331680297852e-02,-2.111206054687500000e-01,3.739977726635856925e-02,-5.568695068359375000e-02,-2.793961763381958008e-01,3.063749620613975821e-02,-9.214955568313598633e-02,-3.360205292701721191e-01,2.577233785686416923e-02,-1.650983989238739014e-01,-1.697646677494049072e-01,7.313396507797165214e-02,-1.951910257339477539e-01,-2.604909539222717285e-01,5.156963789758606254e-02,-1.621195673942565918e-01,-3.067898154258728027e-01,2.512563491163177787e-02,-1.244148612022399902e-01,-3.248531818389892578e-01,1.270290283409281074e-02,-1.844005882740020752e-01,-1.593038737773895264e-01,3.814347186980171500e-02,-2.558654248714447021e-01,-2.353558242321014404e-01,3.342300379571838675e-02,-2.839203476905822754e-01,-3.233273625373840332e-01,1.971965009269638358e-02,-2.959703803062438965e-01,-3.931062966585159302e-01,9.803075398480132208e-03,-1.880489587783813477e-01,-1.393189728260040283e-01,-4.341921713972851649e-03,-2.711834311485290527e-01,-2.004863619804382324e-01,-1.091804070475177468e-02,-3.163982033729553223e-01,-2.794669866561889648e-01,-2.089117741289214791e-02,-3.438872694969177246e-01,-3.476420938968658447e-01,-2.767931571307258309e-02,-1.776127219200134277e-01,-1.265576481819152832e-01,-4.764779931011275949e-02,-2.536317706108093262e-01,-1.762101650238037109e-01,-5.276647484006957711e-02,-2.991220355033874512e-01,-2.268440127372741699e-01,-5.300558259787635507e-02,-3.255695700645446777e-01,-2.751685380935668945e-01,-5.295020243229942025e-02
0.000000000000000000e+00,0.000000000000000000e+00,0.000000000000000000e+00,-3.093481063842773438e-03,-1.244430243968963623e-01,2.715141418903499471e-02,-3.547531366348266602e-02,-2.088211178779602051e-01,3.417077753275066243e-02,-5.754685401916503906e-02,-2.778932750225067139e-01,2.697379234760433064e-02,-9.346055984497070312e-02,-3.343217968940734863e-01,2.173531706958442555e-02,-1.640223264694213867e-01,-1.704294681549072266e-01,6.793352309196620809e-02,-1.934872269630432129e-01,-2.601435184478759766e-01,4.550340491860538350e-02,-1.605897545814514160e-01,-3.057739436626434326e-01,1.895676645963817464e-02,-1.240168213844299316e-01,-3.236785531044006348e-01,6.628553378874357804e-03,-1.831456124782562256e-01,-1.601961851119995117e-01,3.369989338844447957e-02,-2.563202977180480957e-01,-2.338940203189849854e-01,2.842408325105338918e-02,-2.858079671859741211e-01,-3.200154006481170654e-01,1.526323053568034993e-02,-2.995539307594299316e-01,-3.885680139064788818e-01,5.809525955015715226e-03,-1.872863769531250000e-01,-1.395464539527893066e-01,-7.979445163613263503e-03,-2.701051831245422363e-01,-2.013458609580993652e-01,-1.517817657858699931e-02,-3.153731822967529297e-01,-2.804085016250610352e-01,-2.472725045353740825e-02,-3.433087021112442017e-01,-3.482328951358795166e-01,-3.106296714813083781e-02,-1.775741577148437500e-01,-1.262269616127014160e-01,-5.061428901225895061e-02,-2.541650831699371338e-01,-1.753755211830139160e-01,-5.616747122675747050e-02,-2.999614477157592773e-01,-2.261195778846740723e-01,-5.623936932951778545e-02,-3.266959637403488159e-01,-2.742398083209991455e-01,-5.596208479673236980e-02
0.000000000000000000e+00,0.000000000000000000e+00,0.000000000000000000e+00,-3.235697746276855469e-03,-1.278028786182403564e-01,2.858561747373755679e-02,-3.493255376815795898e-02,-2.110171020030975342e-01,3.659146562816317783e-02,-5.705624818801879883e-02,-2.790976762771606445e-01,3.017342560590918765e-02,-9.312576055526733398e-02,-3.344065546989440918e-01,2.572172791363414035e-02,-1.646342873573303223e-01,-1.696524620056152344e-01,6.958902165891345248e-02,-1.930272281169891357e-01,-2.590351700782775879e-01,4.813780546786006198e-02,-1.604162752628326416e-01,-3.060544431209564209e-01,2.247515790762122379e-02,-1.248258054256439209e-01,-3.254795074462890625e-01,1.053931847812350497e-02,-1.832760870456695557e-01,-1.584428548812866211e-01,3.497601956726725803e-02,-2.548404932022094727e-01,-2.340762019157409668e-01,2.940697320403273807e-02,-2.838144898414611816e-01,-3.219916224479675293e-01,1.629326217474158511e-02,-2.974748015403747559e-01,-3.923770487308502197e-01,7.102941671774942733e-03,-1.864207088947296143e-01,-1.377564668655395508e-01,-6.891887591763179444e-03,-2.691416740417480469e-01,-1.992955505847930908e-01,-1.417082450686280026e-02,-3.141067624092102051e-01,-2.771134674549102783e-01,-2.341835475860420956e-02,-3.421183079481124878e-01,-3.441418409347534180e-01,-2.931957594452683225e-02,-1.755762696266174316e-01,-1.248480379581451416e-01,-4.959987937806431546e-02,-2.519107758998870850e-01,-1.748663485050201416e-01,-5.506622135041538968e-02,-2.970693707466125488e-01,-2.253582179546356201e-01,-5.492064073084179654e-02,-3.230757713317871094e-01,-2.735676169395446777e-01,-5.430916040538136258e-02
0.000000000000000000e+00,0.000000000000000000e+00,0.000000000000000000e+00,-3.246486186981201172e-03,-1.278843879699707031e-01,2.917996360616825768e-02,-3.441274166107177734e-02,-2.108640670776367188e-01,3.733469298737190911e-02,-5.675125122070312500e-02,-2.789351046085357666e-01,3.084632879750870416e-02,-9.234738349914550781e-02,-3.358780145645141602e-01,2.632456212000988671e-02,-1.642065942287445068e-01,-1.695141494274139404e-01,7.246222099917076775e-02,-1.927263140678405762e-01,-2.605201601982116699e-01,5.110837644593857476e-02,-1.605181396007537842e-01,-3.073461651802062988e-01,2.467513023572109887e-02,-1.250613629817962646e-01,-3.274140357971191406e-01,1.209351452695273110e-02,-1.831547915935516357e-01,-1.585877239704132080e-01,3.759770965831421563e-02,-2.555206120014190674e-01,-2.348244488239288330e-01,3.282730779307030389e-02,-2.850680649280548096e-01,-3.217657208442687988e-01,1.917019984381340691e-02,-2.986952066421508789e-01,-3.916359692811965942e-01,9.199709023107516259e-03,-1.867130994796752930e-01,-1.385318338871002197e-01,-4.643931196312678367e-03,-2.688844799995422363e-01,-2.013653516769409180e-01,-1.112614353490926078e-02,-3.134855031967163086e-01,-2.802767455577850342e-01,-2.076606885833598426e-02,-3.409462422132492065e-01,-3.483103811740875244e-01,-2.736422480387545875e-02,-1.767562031745910645e-01,-1.267687082290649414e-01,-4.771173992497779182e-02,-2.516402006149291992e-01,-1.781235337257385254e-01,-5.255196118099547675e-02,-2.964373826980590820e-01,-2.289488613605499268e-01,-5.247237035376883796e-02,-3.231198042631149292e-01,-2.775571644306182861e-01,-5.224486314995147040e-02
0.000000000000000000e+00,0.000000000000000000e+00,0.000000000000000000e+00,-3.507137298583984375e-03,-1.280434131622314453e-01,2.971948354925757485e-02,-3.448319435119628906e-02,-2.115868330001831055e-01,3.779049075629359322e-02,-5.534613132476806641e-02,-2.809999585151672363e-01,3.109953037883883553e-02,-9.131094813346862793e-02,-3.384251594543457031e-01,2.636033154513484078e-02,-1.650464534759521484e-01,-1.709654629230499268e-01,7.297354421999102669e-02,-1.930357217788696289e-01,-2.635025382041931152e-01,5.192309103395587044e-02,-1.599197685718536377e-01,-3.101498484611511230e-01,2.585148296739703255e-02,-1.234602928161621094e-01,-3.289374709129333496e-01,1.361312761392241555e-02,-1.838521361351013184e-01,-1.609301567077636719e-01,3.813071406867152291e-02,-2.548950612545013428e-01,-2.382372617721557617e-01,3.433706841852313119e-02,-2.833495736122131348e-01,-3.254772126674652100e-01,2.178498774256354409e-02,-2.960944771766662598e-01,-3.948526531457901001e-01,1.266488477077132302e-02,-1.869421601295471191e-01,-1.413959264755249023e-01,-4.093607911357821649e-03,-2.691268920898437500e-01,-2.038450539112091064e-01,-9.218722139934243387e-03,-3.136958479881286621e-01,-2.823523879051208496e-01,-1.734754957769268913e-02,-3.407558649778366089e-01,-3.500235080718994141e-01,-2.305382632229679984e-02,-1.762406229972839355e-01,-1.298105120658874512e-01,-4.720226817343586845e-02,-2.508586049079895020e-01,-1.800206899642944336e-01,-5.133513875816220207e-02,-2.955608963966369629e-01,-2.304280996322631836e-01,-5.050210796807164115e-02,-3.214979767799377441e-01,-2.786671221256256104e-01,-4.960682012651318473e-02
0.000000000000000000e+00,0.000000000000000000e+00,0.000000000000000000e+00,-1.465916633605957031e-03,-1.247793138027191162e-01,2.495384607649953068e-02,-3.299999237060546875e-02,-2.100041508674621582e-01,3.168987687863022984e-02,-5.516064167022705078e-02,-2.795068025588989258e-01,2.497424017823846043e-02,-9.156304597854614258e-02,-3.367616534233093262e-01,2.052365634776265324e-02,-1.639446020126342773e-01,-1.711695194244384766e-01,6.573441457189233006e-02,-1.918138265609741211e-01,-2.615432441234588623e-01,4.391802307404191197e-02,-1.592441201210021973e-01,-3.079720139503479004e-01,1.824190486408383549e-02,-1.239537000656127930e-01,-3.272647857666015625e-01,6.380424091588565716e-03,-1.832787394523620605e-01,-1.611982882022857666e-01,3.342491965926797093e-02,-2.542102336883544922e-01,-2.372241616249084473e-01,2.812816221452862919e-02,-2.822508215904235840e-01,-3.242703676223754883e-01,1.562022809125096501e-02,-2.946357727050781250e-01,-3.941440582275390625e-01,6.843187568705388912e-03,-1.870583295822143555e-01,-1.413170099258422852e-01,-6.280799673874071232e-03,-2.692771553993225098e-01,-2.033347785472869873e-01,-1.332643050514548122e-02,-3.135865330696105957e-01,-2.808623015880584717e-01,-2.213334645890085994e-02,-3.405350446701049805e-01,-3.483362197875976562e-01,-2.773029338382571041e-02,-1.766933500766754150e-01,-1.290875673294067383e-01,-4.708112571202605068e-02,-2.522270083427429199e-01,-1.789487302303314209e-01,-5.227659065090506374e-02,-2.968690991401672363e-01,-2.293219566345214844e-01,-5.195670369826643764e-02,-3.224786520004272461e-01,-2.776228487491607666e-01,-5.116606671177237331e-02
0.000000000000000000e+00,0.000000000000000000e+00,0.000000000000000000e+00,-3.875792026519775391e-03,-1.327236294746398926e-01,4.208593520425552015e-02,-3.500634431838989258e-02,-2.134690284729003906e-01,5.626124220989936475e-02,-5.647796392440795898e-02,-2.821442484855651855e-01,5.218156504534476881e-02,-9.237065911293029785e-02,-3.405451178550720215e-01,4.951080384753936414e-02,-1.637386381626129150e-01,-1.713411808013916016e-01,9.612394946717017774e-02,-1.910658180713653564e-01,-2.631882727146148682e-01,8.013884055517905836e-02,-1.592348217964172363e-01,-3.110016882419586182e-01,5.563406351112121229e-02,-1.242166161537170410e-01,-3.309890329837799072e-01,4.417981284760230665e-02,-1.837245225906372070e-01,-1.605710089206695557e-01,5.425940903924697523e-02,-2.541813552379608154e-01,-2.386087477207183838e-01,5.529151189230674390e-02,-2.832836508750915527e-01,-3.267363309860229492e-01,4.375476094983810071e-02,-2.966595292091369629e-01,-3.967643678188323975e-01,3.530348914765113477e-02,-1.885823905467987061e-01,-1.418643593788146973e-01,4.768829169648824973e-03,-2.690771520137786865e-01,-2.052400410175323486e-01,2.963553258183537764e-03,-3.126007914543151855e-01,-2.848373949527740479e-01,-3.231696476262868600e-03,-3.395527899265289307e-01,-3.521596193313598633e-01,-7.524655357968867975e-03,-1.791337430477142334e-01,-1.333582997322082520e-01,-4.520019811488396044e-02,-2.553818225860595703e-01,-1.866667866706848145e-01,-4.750193205572372790e-02,-3.003211021423339844e-01,-2.379986345767974854e-01,-4.530584362245804186e-02,-3.262558281421661377e-01,-2.865810394287109375e-01,-4.324060228563553210e-02
0.000000000000000000e+00,0.000000000000000000e+00,0.000000000000000000e+00,-3.246486186981201172e-03,-1.301599144935607910e-01,3.575457360412315211e-02,-3.338539600372314453e-02,-2.121946513652801514e-01,4.697064038182929835e-02,-5.466151237487792969e-02,-2.804673910140991211e-01,4.194211315180496058e-02,-9.106814861297607422e-02,-3.380002081394195557e-01,3.867347266341880641e-02,-1.639600694179534912e-01,-1.725394725799560547e-01,8.230833064581588587e-02,-1.895753145217895508e-01,-2.633210122585296631e-01,6.418746065165237269e-02,-1.572334468364715576e-01,-3.105583190917968750e-01,4.001999001766876063e-02,-1.226015686988830566e-01,-3.310564756393432617e-01,2.892608482207492671e-02,-1.839497983455657959e-01,-1.621035337448120117e-01,4.405314575697616419e-02,-2.547279596328735352e-01,-2.391506433486938477e-01,4.242219503785804591e-02,-2.834568619728088379e-01,-3.272373676300048828e-01,3.182019021178916773e-02,-2.959086298942565918e-01,-3.972271531820297241e-01,2.433564800585941157e-02,-1.880688667297363281e-01,-1.425556242465972900e-01,-1.559960466778420596e-03,-2.697634994983673096e-01,-2.056001424789428711e-01,-5.792103169454776435e-03,-3.134557306766510010e-01,-2.847228646278381348e-01,-1.199337553416057744e-02,-3.395192325115203857e-01,-3.520302772521972656e-01,-1.587064463828369298e-02,-1.778855919837951660e-01,-1.321621835231781006e-01,-4.778647322390838781e-02,-2.537317276000976562e-01,-1.854846775531768799e-01,-5.205739189122482458e-02,-2.983670532703399658e-01,-2.371640503406524658e-01,-5.044971306060119787e-02,-3.236063271760940552e-01,-2.856905460357666016e-01,-4.846116427515312353e-02
