0.000000000000000000e+00,0.000000000000000000e+00,0.000000000000000000e+00,-5.501946806907653809e-02,-1.052633523941040039e-01,1.934349210961272547e-02,-1.080239713191986084e-01,-1.421663165092468262e-01,1.790278637810160944e-02,-1.456370651721954346e-01,-1.823661923408508301e-01,7.794997189478181099e-03,-1.735364198684692383e-01,-2.247974276542663574e-01,-5.055790531400816690e-04,-1.934400796890258789e-01,-6.452322006225585938e-03,1.448827376617600748e-02,-2.397702932357788086e-01,-1.171298623085021973e-01,-1.891488674743868614e-03,-2.331034839153289795e-01,-1.940708160400390625e-01,-1.666000438825676611e-02,-2.205271124839782715e-01,-2.469255924224853516e-01,-2.670209249453137090e-02,-1.897982358932495117e-01,-2.617835998535156250e-03,-7.215018383874394203e-03,-2.482127547264099121e-01,-1.326763629913330078e-01,-2.241176133946964910e-02,-2.380005717277526855e-01,-2.140094041824340820e-01,-3.234972758190224340e-02,-2.188616991043090820e-01,-2.648357748985290527e-01,-3.831136925117561987e-02,-1.734439432621002197e-01,-2.422738075256347656e-02,-2.874063281313965490e-02,-2.322035729885101318e-01,-1.417896151542663574e-01,-4.029902024166176489e-02,-2.262900769710540771e-01,-2.201344370841979980e-01,-4.228281183139870336e-02,-2.093399167060852051e-01,-2.663625478744506836e-01,-4.300444526569435766e-02,-1.484665572643280029e-01,-6.570839881896972656e-02,-4.962887940899918249e-02,-1.871738731861114502e-01,-1.577769517898559570e-01,-5.396708054439613989e-02,-1.913768053054809570e-01,-2.132892012596130371e-01,-5.019601387874672582e-02,-1.855693757534027100e-01,-2.518935799598693848e-01,-4.713213024632523229e-02
0.000000000000000000e+00,0.000000000000000000e+00,0.000000000000000000e+00,-5.262863636016845703e-02,-9.354656934738159180e-02,3.486316023270319420e-02,-1.048499047756195068e-01,-1.314113736152648926e-01,3.903585789601038414e-02,-1.423415839672088623e-01,-1.755853295326232910e-01,3.148838622371386009e-02,-1.695013344287872314e-01,-2.229076623916625977e-01,2.404691582421492058e-02,-1.882239878177642822e-01,3.703713417053222656e-03,2.707265620927046257e-02,-2.335101962089538574e-01,-1.081637740135192871e-01,1.626982843379209953e-02,-2.273572087287902832e-01,-1.862114071846008301e-01,4.252054038147434767e-03,-2.149419784545898438e-01,-2.396808862686157227e-01,-5.004445315648808901e-03,-1.841403841972351074e-01,1.209676265716552734e-03,-2.138130591561093752e-03,-2.425837218761444092e-01,-1.256494522094726562e-01,-1.247041927774716896e-02,-2.323496937751770020e-01,-2.092214822769165039e-01,-2.125038089354802651e-02,-2.128299474716186523e-01,-2.621495127677917480e-01,-2.772407116492558998e-02,-1.667636334896087646e-01,-2.478760480880737305e-02,-2.955644460519124550e-02,-2.255324423313140869e-01,-1.393465995788574219e-01,-3.781691821416188759e-02,-2.187158763408660889e-01,-2.199424505233764648e-01,-3.907569380601216835e-02,-2.019814252853393555e-01,-2.669928073883056641e-01,-4.040748136242200417e-02,-1.426535546779632568e-01,-6.804901361465454102e-02,-5.473279090722371620e-02,-1.835697889328002930e-01,-1.587305665016174316e-01,-5.776115017135907692e-02,-1.853907108306884766e-01,-2.143798470497131348e-01,-5.381857114036847634e-02,-1.776010394096374512e-01,-2.539253234863281250e-01,-5.117178963621427101e-02
0.000000000000000000e+00,0.000000000000000000e+00,0.000000000000000000e+00,-5.095633864402770996e-02,-9.415662288665771484e-02,2.991748011109507388e-02,-1.031089723110198975e-01,-1.326617002487182617e-01,3.220705656704581088e-02,-1.407927572727203369e-01,-1.759695410728454590e-01,2.383514276144182986e-02,-1.684172749519348145e-01,-2.227614521980285645e-01,1.582342541215098208e-02,-1.855799853801727295e-01,4.847824573516845703e-03,2.472946202752268618e-02,-2.309678494930267334e-01,-1.052604317665100098e-01,1.449246766415512866e-02,-2.249874472618103027e-01,-1.822918057441711426e-01,2.878398554372552098e-03,-2.124353051185607910e-01,-2.343226671218872070e-01,-6.120310477939483462e-03,-1.828886568546295166e-01,3.548860549926757812e-03,-1.563932244692978202e-03,-2.428758740425109863e-01,-1.231232285499572754e-01,-1.137710393967950040e-02,-2.318848073482513428e-01,-2.052589654922485352e-01,-2.035919049384915525e-02,-2.113167643547058105e-01,-2.573370337486267090e-01,-2.666687624159180814e-02,-1.668414175510406494e-01,-2.160036563873291016e-02,-2.637216666343533689e-02,-2.283725738525390625e-01,-1.353569626808166504e-01,-3.410904513302170926e-02,-2.213205695152282715e-01,-2.155987620353698730e-01,-3.601740331950509244e-02,-2.040812671184539795e-01,-2.638308405876159668e-01,-3.765595363083207303e-02,-1.430157721042633057e-01,-6.592965126037597656e-02,-4.929860712590539151e-02,-1.827567815780639648e-01,-1.572966575622558594e-01,-5.205220760407769376e-02,-1.847072541713714600e-01,-2.139526009559631348e-01,-4.879469083252274686e-02,-1.772283613681793213e-01,-2.545157670974731445e-01,-4.658766494694077664e-02
0.000000000000000000e+00,0.000000000000000000e+00,0.000000000000000000e+00,-5.223017930984497070e-02,-9.374922513961791992e-02,3.241904757263114334e-02,-1.046529710292816162e-01,-1.341470479965209961e-01,3.482849083187034012e-02,-1.418746709823608398e-01,-1.793171763420104980e-01,2.633071809353282333e-02,-1.692052185535430908e-01,-2.242804765701293945e-01,1.795458167137553573e-02,-1.881838440895080566e-01,3.649890422821044922e-03,2.222305282296588302e-02,-2.314003705978393555e-01,-1.088718175888061523e-01,1.269828274192263962e-02,-2.249615788459777832e-01,-1.853962540626525879e-01,2.291976961288355596e-03,-2.124000191688537598e-01,-2.372152805328369141e-01,-6.126935339551664583e-03,-1.848311424255371094e-01,2.651751041412353516e-03,-5.812104537170625917e-03,-2.431244254112243652e-01,-1.269658207893371582e-01,-1.464403302131245255e-02,-2.317928373813629150e-01,-2.081775069236755371e-01,-2.223054387329170822e-02,-2.119112312793731689e-01,-2.591505050659179688e-01,-2.806067720709393143e-02,-1.680034399032592773e-01,-2.274382114410400391e-02,-3.180356018899033188e-02,-2.291885912418365479e-01,-1.382660269737243652e-01,-3.897713937519142746e-02,-2.219257652759552002e-01,-2.183299660682678223e-01,-3.990556367395470261e-02,-2.049904167652130127e-01,-2.661626935005187988e-01,-4.136552729366371750e-02,-1.437335908412933350e-01,-6.727999448776245117e-02,-5.559929900525162338e-02,-1.827169954776763916e-01,-1.603322625160217285e-01,-5.838025429008553147e-02,-1.849290132522583008e-01,-2.173376083374023438e-01,-5.468459122536728501e-02,-1.783168613910675049e-01,-2.581625580787658691e-01,-5.236585133431503891e-02
0.000000000000000000e+00,0.000000000000000000e+00,0.000000000000000000e+00,-5.083775520324707031e-02,-9.428888559341430664e-02,2.774072178439723757e-02,-1.033747792243957520e-01,-1.334848403930664062e-01,2.877025604979621676e-02,-1.401351988315582275e-01,-1.769939064979553223e-01,1.967234276966678408e-02,-1.675323545932769775e-01,-2.229950428009033203e-01,1.112150513367282656e-02,-1.868547499179840088e-01,4.900991916656494141e-03,2.096266411976444033e-02,-2.304079830646514893e-01,-1.056353449821472168e-01,9.778440192206971915e-03,-2.237996160984039307e-01,-1.823132634162902832e-01,-2.393752608583099573e-03,-2.108716666698455811e-01,-2.341024279594421387e-01,-1.180887854857815000e-02,-1.843860149383544922e-01,3.709375858306884766e-03,-4.725549176470167367e-03,-2.427774369716644287e-01,-1.237493157386779785e-01,-1.479760910584104749e-02,-2.317235469818115234e-01,-2.054467201232910156e-01,-2.365949637456310484e-02,-2.116137742996215820e-01,-2.570807337760925293e-01,-3.015079236789119932e-02,-1.683335900306701660e-01,-2.171951532363891602e-02,-2.902039400501621458e-02,-2.315604984760284424e-01,-1.350291371345520020e-01,-3.769993483288658354e-02,-2.242000699043273926e-01,-2.162209749221801758e-01,-3.974419160945785734e-02,-2.066230773925781250e-01,-2.653449773788452148e-01,-4.152707456810844633e-02,-1.443866193294525146e-01,-6.646764278411865234e-02,-5.152710228426826689e-02,-1.833213269710540771e-01,-1.586319208145141602e-01,-5.595700889094246122e-02,-1.848928332328796387e-01,-2.158641219139099121e-01,-5.323016717298401090e-02,-1.770325601100921631e-01,-2.566789388656616211e-01,-5.123767330510986540e-02
0.000000000000000000e+00,0.000000000000000000e+00,0.000000000000000000e+00,-5.106085538864135742e-02,-9.419345855712890625e-02,2.703983244097685201e-02,-1.034049093723297119e-01,-1.332390308380126953e-01,2.828415576911424978e-02,-1.403598487377166748e-01,-1.764401793479919434e-01,1.989303622937654836e-02,-1.676463484764099121e-01,-2.214486598968505859e-01,1.215912588483547552e-02,-1.854633390903472900e-01,5.988776683807373047e-03,1.888329443133329733e-02,-2.295226156711578369e-01,-1.061944365501403809e-01,7.465115288113111092e-03,-2.223083972930908203e-01,-1.828392148017883301e-01,-4.065916868086105751e-03,-2.098764181137084961e-01,-2.341415882110595703e-01,-1.292096543514276163e-02,-1.823972761631011963e-01,5.197882652282714844e-03,-6.107184099192863869e-03,-2.427928447723388672e-01,-1.243213415145874023e-01,-1.781733240389371531e-02,-2.309474050998687744e-01,-2.061996459960937500e-01,-2.648310083353067057e-02,-2.104609012603759766e-01,-2.580103278160095215e-01,-3.208316582643533366e-02,-1.661623716354370117e-01,-1.992613077163696289e-02,-2.961138169669652598e-02,-2.285056710243225098e-01,-1.359087228775024414e-01,-3.947037178480172770e-02,-2.212591767311096191e-01,-2.163849472999572754e-01,-4.177401679956460612e-02,-2.042365074157714844e-01,-2.646729350090026855e-01,-4.306576121055627482e-02,-1.422048211097717285e-01,-6.384176015853881836e-02,-5.126625019514108317e-02,-1.812260150909423828e-01,-1.569773554801940918e-01,-5.611928644978547709e-02,-1.837868094444274902e-01,-2.142786383628845215e-01,-5.394977051221871989e-02,-1.774882972240447998e-01,-2.558745741844177246e-01,-5.207459721171403544e-02
0.000000000000000000e+00,0.000000000000000000e+00,0.000000000000000000e+00,-4.984721541404724121e-02,-9.373784065246582031e-02,2.079749568645183899e-02,-1.015136837959289551e-01,-1.313973069190979004e-01,1.903443686012451508e-02,-1.380102932453155518e-01,-1.734313368797302246e-01,8.702984967271731875e-03,-1.654801964759826660e-01,-2.192668318748474121e-01,-6.921528694192602416e-04,-1.844402253627777100e-01,7.563591003417968750e-03,1.398725617025320389e-02,-2.285654544830322266e-01,-1.066169142723083496e-01,-1.147689690810693719e-03,-2.221213579177856445e-01,-1.847749948501586914e-01,-1.590690300520236633e-02,-2.097552418708801270e-01,-2.372236847877502441e-01,-2.657485105748946808e-02,-1.808569431304931641e-01,7.856547832489013672e-03,-8.589599325318886258e-03,-2.400469481945037842e-01,-1.214552521705627441e-01,-2.413543038721854828e-02,-2.290665507316589355e-01,-2.053329944610595703e-01,-3.554926723893458984e-02,-2.090350091457366943e-01,-2.592736482620239258e-01,-4.252063021715457580e-02,-1.639941036701202393e-01,-1.591020822525024414e-02,-3.029163279290969513e-02,-2.254281044006347656e-01,-1.315886974334716797e-01,-4.368276805337245605e-02,-2.190648317337036133e-01,-2.133073210716247559e-01,-4.776902408059413574e-02,-2.025040090084075928e-01,-2.632061839103698730e-01,-4.942243830021197937e-02,-1.391747295856475830e-01,-5.841088294982910156e-02,-5.064272046740825317e-02,-1.770640909671783447e-01,-1.518394351005554199e-01,-5.829281271155650757e-02,-1.807702779769897461e-01,-2.097679376602172852e-01,-5.758307785447414062e-02,-1.757902503013610840e-01,-2.519639730453491211e-01,-5.616295621450717590e-02
0.000000000000000000e+00,0.000000000000000000e+00,0.000000000000000000e+00,-5.162000656127929688e-02,-9.697085618972778320e-02,2.374058190443406602e-02,-1.022185385227203369e-01,-1.359997391700744629e-01,2.260299186863790055e-02,-1.372781395912170410e-01,-1.798995137214660645e-01,1.199851810642371674e-02,-1.652424037456512451e-01,-2.262666821479797363e-01,2.093977264024715623e-03,-1.846159994602203369e-01,2.806961536407470703e-03,1.797633405485044022e-02,-2.280822694301605225e-01,-1.105138659477233887e-01,3.347027550347547731e-03,-2.219920456409454346e-01,-1.892350316047668457e-01,-1.168206360480894546e-02,-2.088827490806579590e-01,-2.422202825546264648e-01,-2.254822317800631026e-02,-1.818805634975433350e-01,3.971874713897705078e-03,-6.432556810892720023e-03,-2.403316497802734375e-01,-1.250861287117004395e-01,-2.046219099602808456e-02,-2.293303608894348145e-01,-2.088430523872375488e-01,-3.196132954499830703e-02,-2.094204425811767578e-01,-2.618414163589477539e-01,-3.931588705918898086e-02,-1.657488644123077393e-01,-1.969927549362182617e-02,-2.986884888551344375e-02,-2.277672290802001953e-01,-1.339202523231506348e-01,-4.193213235876669387e-02,-2.204536199569702148e-01,-2.151562571525573730e-01,-4.550952118179907302e-02,-2.030135393142700195e-01,-2.639497518539428711e-01,-4.713071909091581801e-02,-1.414356231689453125e-01,-6.322246789932250977e-02,-5.181157615325560073e-02,-1.788560152053833008e-01,-1.562224030494689941e-01,-5.872977178833593825e-02,-1.820493042469024658e-01,-2.140667438507080078e-01,-5.741315361402143935e-02,-1.764849722385406494e-01,-2.558165788650512695e-01,-5.566374611399282912e-02
0.000000000000000000e+00,0.000000000000000000e+00,0.000000000000000000e+00,-4.982700943946838379e-02,-9.488379955291748047e-02,2.177751051050336173e-02,-1.015559732913970947e-01,-1.331916451454162598e-01,2.026796700221211722e-02,-1.372661888599395752e-01,-1.769598126411437988e-01,9.427947791039059666e-03,-1.650243699550628662e-01,-2.242743968963623047e-01,-5.738615452060003008e-04,-1.843101680278778076e-01,4.720270633697509766e-03,1.775026866954476645e-02,-2.298313379287719727e-01,-1.073368787765502930e-01,2.391390835612128285e-03,-2.235096693038940430e-01,-1.852156519889831543e-01,-1.318951616275398919e-02,-2.098475694656372070e-01,-2.370114326477050781e-01,-2.412623739081709573e-02,-1.814574599266052246e-01,3.529727458953857422e-03,-5.691859537989785167e-03,-2.407805919647216797e-01,-1.224964857101440430e-01,-2.047504497903673837e-02,-2.305853366851806641e-01,-2.054973244667053223e-01,-3.258397443431704232e-02,-2.096792459487915039e-01,-2.591881752014160156e-01,-4.008071510332911203e-02,-1.652436256408691406e-01,-2.129065990447998047e-02,-2.852440824943869302e-02,-2.252632081508636475e-01,-1.344480514526367188e-01,-4.045105366247980783e-02,-2.191478312015533447e-01,-2.149736881256103516e-01,-4.461970566052286813e-02,-2.023660242557525635e-01,-2.643566727638244629e-01,-4.658830179113238046e-02,-1.405093967914581299e-01,-6.548100709915161133e-02,-5.012300251263468454e-02,-1.780630350112915039e-01,-1.578760147094726562e-01,-5.628787366885035226e-02,-1.818175911903381348e-01,-2.159662246704101562e-01,-5.499705312985270211e-02,-1.760711967945098877e-01,-2.583330273628234863e-01,-5.336613221305697152e-02
0.000000000000000000e+00,0.000000000000000000e+00,0.000000000000000000e+00,-5.094379186630249023e-02,-9.396004676818847656e-02,2.526981273121009508e-02,-1.020792722702026367e-01,-1.332684159278869629e-01,2.458219492262969652e-02,-1.379390656948089600e-01,-1.771664619445800781e-01,1.420236640996108690e-02,-1.650078296661376953e-01,-2.234938740730285645e-01,4.251800304416519793e-03,-1.859351694583892822e-01,2.281785011291503906e-03,1.819144637710223833e-02,-2.297437787055969238e-01,-1.102175116539001465e-01,4.494655238602263125e-03,-2.226586937904357910e-01,-1.876420974731445312e-01,-9.638485671814578382e-03,-2.090312838554382324e-01,-2.392708659172058105e-01,-2.003811782770981154e-02,-1.833290755748748779e-01,3.011405467987060547e-03,-6.854981357093947736e-03,-2.426424622535705566e-01,-1.268255710601806641e-01,-2.039114868813385328e-02,-2.305082678794860840e-01,-2.102385163307189941e-01,-3.146083949678768477e-02,-2.086445689201354980e-01,-2.626390457153320312e-01,-3.852305112951626143e-02,-1.668051183223724365e-01,-1.995605230331420898e-02,-3.067339508407940230e-02,-2.304493784904479980e-01,-1.352888345718383789e-01,-4.204295499795307478e-02,-2.222615182399749756e-01,-2.173179388046264648e-01,-4.556311218613018355e-02,-2.037823200225830078e-01,-2.666776180267333984e-01,-4.736241994970669111e-02,-1.416147053241729736e-01,-6.250470876693725586e-02,-5.282285733693470320e-02,-1.802171468734741211e-01,-1.550021767616271973e-01,-5.944230331652988752e-02,-1.828223764896392822e-01,-2.132397890090942383e-01,-5.821238382333149275e-02,-1.761508285999298096e-01,-2.549967765808105469e-01,-5.668405367606510481e-02
0.000000000000000000e+00,0.000000000000000000e+00,0.000000000000000000e+00,-5.202430486679077148e-02,-9.528148174285888672e-02,2.897839254600853565e-02,-1.048034727573394775e-01,-1.350707411766052246e-01,3.022930032474846485e-02,-1.412191390991210938e-01,-1.798839569091796875e-01,2.093088260753006580e-02,-1.682438254356384277e-01,-2.261015176773071289e-01,1.190461690438837650e-02,-1.883739829063415527e-01,1.795887947082519531e-03,2.251507534546703937e-02,-2.325258851051330566e-01,-1.111983060836791992e-01,1.022890030307621601e-02,-2.253771722316741943e-01,-1.883012652397155762e-01,-2.861191454400113798e-03,-2.119001150131225586e-01,-2.402689456939697266e-01,-1.263239321397691128e-02,-1.852066516876220703e-01,1.944363117218017578e-03,-4.329445707668355681e-03,-2.449218928813934326e-01,-1.288697719573974609e-01,-1.665468693809657452e-02,-2.325804829597473145e-01,-2.114232182502746582e-01,-2.678679482178836224e-02,-2.109065651893615723e-01,-2.635139226913452148e-01,-3.323830657737403271e-02,-1.680894494056701660e-01,-2.200073003768920898e-02,-2.979860075848250744e-02,-2.303794622421264648e-01,-1.384299993515014648e-01,-3.968035795824675915e-02,-2.233111858367919922e-01,-2.207250595092773438e-01,-4.250152030127196667e-02,-2.058538794517517090e-01,-2.704966068267822266e-01,-4.404682659642844555e-02,-1.423929333686828613e-01,-6.532150506973266602e-02,-5.337892838852553723e-02,-1.835519671440124512e-01,-1.577192544937133789e-01,-5.835927643911986706e-02,-1.864522993564605713e-01,-2.168030738830566406e-01,-5.617538460629134534e-02,-1.795669496059417725e-01,-2.596176266670227051e-01,-5.424129211442618725e-02
0.000000000000000000e+00,0.000000000000000000e+00,0.000000000000000000e+00,-5.284747481346130371e-02,-9.533762931823730469e-02,2.646972686665094443e-02,-1.060667335987091064e-01,-1.353664398193359375e-01,2.734165713803804465e-02,-1.428654789924621582e-01,-1.805201768875122070e-01,1.822374091165102072e-02,-1.690622568130493164e-01,-2.259995341300964355e-01,9.710274456608658511e-03,-1.879783868789672852e-01,4.590511322021484375e-03,2.035456039624250479e-02,-2.314436435699462891e-01,-1.076228022575378418e-01,7.794279425013428408e-03,-2.249268293380737305e-01,-1.852282285690307617e-01,-5.398089246284598630e-03,-2.119575738906860352e-01,-2.371030449867248535e-01,-1.512236818058454446e-02,-1.846296489238739014e-01,4.159927368164062500e-03,-4.896582284402484220e-03,-2.435265183448791504e-01,-1.253688335418701172e-01,-1.692502684278451852e-02,-2.317740619182586670e-01,-2.078226208686828613e-01,-2.676967270059549264e-02,-2.108470797538757324e-01,-2.593250870704650879e-01,-3.326572775227987222e-02,-1.676937639713287354e-01,-2.090167999267578125e-02,-2.895665838701688699e-02,-2.299026548862457275e-01,-1.363164782524108887e-01,-3.907228186113798074e-02,-2.227751612663269043e-01,-2.179160714149475098e-01,-4.193730204684698037e-02,-2.051122784614562988e-01,-2.667332887649536133e-01,-4.351844563467466287e-02,-1.427929103374481201e-01,-6.512451171875000000e-02,-5.133983045203649453e-02,-1.841086447238922119e-01,-1.577997207641601562e-01,-5.626485794169866494e-02,-1.861732602119445801e-01,-2.160295248031616211e-01,-5.377208738906347207e-02,-1.782212853431701660e-01,-2.575346231460571289e-01,-5.161885097010099344e-02
0.000000000000000000e+00,0.000000000000000000e+00,0.000000000000000000e+00,-5.348259210586547852e-02,-9.357082843780517578e-02,3.287623573888254214e-02,-1.056726872920989990e-01,-1.335990428924560547e-01,3.548858811009836245e-02,-1.420856416225433350e-01,-1.791045069694519043e-01,2.698446188915681887e-02,-1.690378189086914062e-01,-2.241764664649963379e-01,1.859829698551607180e-02,-1.879310309886932373e-01,5.273103713989257812e-03,2.259775561142873812e-02,-2.326369285583496094e-01,-1.062881350517272949e-01,1.220787067759943056e-02,-2.258864641189575195e-01,-1.827000379562377930e-01,1.387028329560280326e-03,-2.126993834972381592e-01,-2.341471910476684570e-01,-6.983722719809293267e-03,-1.838420331478118896e-01,4.224419593811035156e-03,-5.774488366654395577e-03,-2.433919906616210938e-01,-1.255738139152526855e-01,-1.567127618145036649e-02,-2.321498990058898926e-01,-2.071095705032348633e-01,-2.370328518699693632e-02,-2.115373015403747559e-01,-2.577663660049438477e-01,-2.951588916729974699e-02,-1.664205193519592285e-01,-2.130419015884399414e-02,-3.215573976885366392e-02,-2.298991084098815918e-01,-1.373920440673828125e-01,-4.027951012503194761e-02,-2.226176559925079346e-01,-2.181963920593261719e-01,-4.137764002334165525e-02,-2.047726809978485107e-01,-2.657672166824340820e-01,-4.246035839568662595e-02,-1.417501270771026611e-01,-6.548833847045898438e-02,-5.625715728055524778e-02,-1.837365031242370605e-01,-1.582602262496948242e-01,-5.988528455745267820e-02,-1.863113343715667725e-01,-2.158988118171691895e-01,-5.628374840270566892e-02,-1.788452267646789551e-01,-2.567781209945678711e-01,-5.369642253171491575e-02
0.000000000000000000e+00,0.000000000000000000e+00,0.000000000000000000e+00,-5.047041177749633789e-02,-9.354412555694580078e-02,2.215743045718454596e-02,-1.031157672405242920e-01,-1.327261328697204590e-01,2.093026581616186377e-02,-1.398352682590484619e-01,-1.767342686653137207e-01,1.072193663031839606e-02,-1.664944589138031006e-01,-2.239747047424316406e-01,1.386563916923932993e-03,-1.853155195713043213e-01,6.559550762176513672e-03,1.519634928018831488e-02,-2.301689684391021729e-01,-1.048709154129028320e-01,1.494066481711797678e-03,-2.236897349357604980e-01,-1.816385388374328613e-01,-1.184471343248105768e-02,-2.105038166046142578e-01,-2.335326671600341797e-01,-2.150400374620176080e-02,-1.821291744709014893e-01,6.303369998931884766e-03,-7.742030737688310182e-03,-2.412442564964294434e-01,-1.229097247123718262e-01,-2.060578782646871332e-02,-2.298153042793273926e-01,-2.044762969017028809e-01,-3.031247314601159815e-02,-2.095431387424468994e-01,-2.563158273696899414e-01,-3.672062065987802271e-02,-1.656466722488403320e-01,-1.837235689163208008e-02,-2.972072568326211695e-02,-2.283409237861633301e-01,-1.344444155693054199e-01,-4.078283738880372766e-02,-2.210014462471008301e-01,-2.152125835418701172e-01,-4.379642587690568689e-02,-2.034079730510711670e-01,-2.641366720199584961e-01,-4.535166752128816370e-02,-1.413393616676330566e-01,-6.202733516693115234e-02,-5.029478502063966516e-02,-1.820724606513977051e-01,-1.558709740638732910e-01,-5.605449360399461511e-02,-1.845245957374572754e-01,-2.138743996620178223e-01,-5.412100088386750940e-02,-1.773527860641479492e-01,-2.552663683891296387e-01,-5.225169491558290247e-02
0.000000000000000000e+00,0.000000000000000000e+00,0.000000000000000000e+00,-5.124172568321228027e-02,-9.387505054473876953e-02,2.638288070295402576e-02,-1.040615737438201904e-01,-1.337258815765380859e-01,2.673835162852356007e-02,-1.406406164169311523e-01,-1.781216859817504883e-01,1.752155688438961079e-02,-1.674981117248535156e-01,-2.258317470550537109e-01,8.751063093882294197e-03,-1.865707337856292725e-01,3.302931785583496094e-03,1.724077057872364094e-02,-2.304129004478454590e-01,-1.092211008071899414e-01,4.974941674959154625e-03,-2.241393923759460449e-01,-1.865687370300292969e-01,-7.184850565749911766e-03,-2.118129730224609375e-01,-2.385934591293334961e-01,-1.648390623893192242e-02,-1.837317049503326416e-01,3.838300704956054688e-03,-8.217108018357066612e-03,-2.435056269168853760e-01,-1.259042024612426758e-01,-2.049258309568813274e-02,-2.323963046073913574e-01,-2.086560130119323730e-01,-2.975017349388053844e-02,-2.123045921325683594e-01,-2.605857849121093750e-01,-3.586851391162326763e-02,-1.668574213981628418e-01,-2.017188072204589844e-02,-3.216528478230884502e-02,-2.307702302932739258e-01,-1.349664926528930664e-01,-4.290215629305293987e-02,-2.242406606674194336e-01,-2.175083160400390625e-01,-4.526733565296581219e-02,-2.075910568237304688e-01,-2.669947147369384766e-01,-4.656302142109325359e-02,-1.417647600173950195e-01,-6.351530551910400391e-02,-5.427972185577800701e-02,-1.830829381942749023e-01,-1.553962826728820801e-01,-6.079375329579761456e-02,-1.859188377857208252e-01,-2.138094305992126465e-01,-5.880328598584583233e-02,-1.796824038028717041e-01,-2.554082870483398438e-01,-5.680992040004184673e-02
0.000000000000000000e+00,0.000000000000000000e+00,0.000000000000000000e+00,-5.049112439155578613e-02,-9.425055980682373047e-02,2.500643004731273322e-02,-1.033568680286407471e-01,-1.340125203132629395e-01,2.513361704603767066e-02,-1.401320397853851318e-01,-1.785092949867248535e-01,1.595465262488460212e-02,-1.672950387001037598e-01,-2.233790159225463867e-01,7.475422053346392204e-03,-1.861690878868103027e-01,5.689263343811035156e-03,1.593554747358894019e-02,-2.315752804279327393e-01,-1.066973805427551270e-01,3.623290742496010353e-03,-2.251337468624114990e-01,-1.840502023696899414e-01,-8.629434918304923485e-03,-2.125484347343444824e-01,-2.356231212615966797e-01,-1.774989458664322228e-02,-1.823473274707794189e-01,4.599034786224365234e-03,-8.244293918153289269e-03,-2.427251338958740234e-01,-1.234182119369506836e-01,-1.994330267353916497e-02,-2.317582964897155762e-01,-2.057979106903076172e-01,-2.899760770543480248e-02,-2.116174399852752686e-01,-2.575699090957641602e-01,-3.514308127506637902e-02,-1.652226746082305908e-01,-2.071309089660644531e-02,-3.099387715502643914e-02,-2.278019785881042480e-01,-1.347866654396057129e-01,-4.079170915230179162e-02,-2.213015258312225342e-01,-2.158020138740539551e-01,-4.339953902109527917e-02,-2.045297920703887939e-01,-2.644810676574707031e-01,-4.507883283241653771e-02,-1.406607627868652344e-01,-6.520080566406250000e-02,-5.205504986389541955e-02,-1.810900866985321045e-01,-1.578111052513122559e-01,-5.691995861872101159e-02,-1.838950812816619873e-01,-2.154236435890197754e-01,-5.463595333441162438e-02,-1.773903369903564453e-01,-2.566329240798950195e-01,-5.273027735694313378e-02
0.000000000000000000e+00,0.000000000000000000e+00,0.000000000000000000e+00,-5.235165357589721680e-02,-9.389245510101318359e-02,3.576840002455128342e-02,-1.042350232601165771e-01,-1.335664391517639160e-01,3.946404446281803757e-02,-1.403344273567199707e-01,-1.783804893493652344e-01,3.126510892428768784e-02,-1.675244569778442383e-01,-2.240684032440185547e-01,2.271586757518662125e-02,-1.862689256668090820e-01,3.178417682647705078e-03,2.562477913119209916e-02,-2.301306426525115967e-01,-1.075613498687744141e-01,1.559151251234425217e-02,-2.243937849998474121e-01,-1.840510964393615723e-01,4.619349338042866293e-03,-2.122167050838470459e-01,-2.360392808914184570e-01,-4.156190358173716959e-03,-1.829046308994293213e-01,2.205908298492431641e-03,-4.870484504920113977e-03,-2.432526350021362305e-01,-1.252585649490356445e-01,-1.523813131831275314e-02,-2.329461872577667236e-01,-2.080117464065551758e-01,-2.383930507681952804e-02,-2.130950093269348145e-01,-2.603474855422973633e-01,-2.984306301556216567e-02,-1.659082174301147461e-01,-2.309513092041015625e-02,-3.318780373416529983e-02,-2.292252182960510254e-01,-1.365508437156677246e-01,-4.180775668106662124e-02,-2.228239774703979492e-01,-2.182964086532592773e-01,-4.299002226076709121e-02,-2.060800790786743164e-01,-2.665107846260070801e-01,-4.409718598805056899e-02,-1.413557231426239014e-01,-6.740403175354003906e-02,-5.902043070278750747e-02,-1.823795735836029053e-01,-1.594483852386474609e-01,-6.340960498533831924e-02,-1.852030754089355469e-01,-2.172596454620361328e-01,-6.000771831355677932e-02,-1.784402728080749512e-01,-2.584230899810791016e-01,-5.752300556383715957e-02
0.000000000000000000e+00,0.000000000000000000e+00,0.000000000000000000e+00,-5.144450068473815918e-02,-9.497380256652832031e-02,2.931093389204875166e-02,-1.033355593681335449e-01,-1.347540616989135742e-01,3.085388766638175184e-02,-1.398748159408569336e-01,-1.783422827720642090e-01,2.198092790357009108e-02,-1.673649847507476807e-01,-2.230618596076965332e-01,1.325651967934504682e-02,-1.877217888832092285e-01,3.337860107421875000e-03,2.096020208708182508e-02,-2.313982546329498291e-01,-1.099755167961120605e-01,9.812928382672225780e-03,-2.247102856636047363e-01,-1.876793503761291504e-01,-2.125794188685858899e-03,-2.121239006519317627e-01,-2.397496104240417480e-01,-1.138628495820626085e-02,-1.845400035381317139e-01,1.451551914215087891e-03,-5.799452662103021794e-03,-2.440137267112731934e-01,-1.274329423904418945e-01,-1.699090970643624132e-02,-2.330234050750732422e-01,-2.101981043815612793e-01,-2.665411343761547869e-02,-2.123017609119415283e-01,-2.622295022010803223e-01,-3.330314753540619677e-02,-1.671776473522186279e-01,-2.389287948608398438e-02,-3.089576994963749712e-02,-2.293350696563720703e-01,-1.373812556266784668e-01,-4.043689591773613756e-02,-2.223766744136810303e-01,-2.192674279212951660e-01,-4.338909907230004137e-02,-2.051058709621429443e-01,-2.685933113098144531e-01,-4.540922714360817736e-02,-1.419515609741210938e-01,-6.810492277145385742e-02,-5.394099501856430834e-02,-1.818906664848327637e-01,-1.582950949668884277e-01,-5.921192688830956286e-02,-1.843667328357696533e-01,-2.159167528152465820e-01,-5.730102432855233019e-02,-1.773179769515991211e-01,-2.575090527534484863e-01,-5.568717641719445055e-02
0.000000000000000000e+00,0.000000000000000000e+00,0.000000000000000000e+00,-5.088046193122863770e-02,-9.750568866729736328e-02,2.445989212375820898e-02,-1.040441095829010010e-01,-1.370480060577392578e-01,2.454756683093251013e-02,-1.412098407745361328e-01,-1.799954771995544434e-01,1.521318329852761053e-02,-1.692582964897155762e-01,-2.240775227546691895e-01,6.487356670021426908e-03,-1.878824830055236816e-01,3.416597843170166016e-03,1.771131640654743933e-02,-2.301146686077117920e-01,-1.100645065307617188e-01,4.879705779075038663e-03,-2.229908704757690430e-01,-1.878859996795654297e-01,-8.606174789548504123e-03,-2.099237143993377686e-01,-2.395660281181335449e-01,-1.874549949187098719e-02,-1.840956211090087891e-01,3.048777580261230469e-03,-6.517684381634580859e-03,-2.418809533119201660e-01,-1.267981529235839844e-01,-1.908650511521159387e-02,-2.306697964668273926e-01,-2.092931270599365234e-01,-2.966821083444415308e-02,-2.101878821849822998e-01,-2.611888051033020020e-01,-3.687778005021868921e-02,-1.663452982902526855e-01,-2.165049314498901367e-02,-2.955071890372096277e-02,-2.295868992805480957e-01,-1.365702152252197266e-01,-4.085811489838420130e-02,-2.227618396282196045e-01,-2.182284593582153320e-01,-4.466351011413394190e-02,-2.054587304592132568e-01,-2.674909234046936035e-01,-4.688906559366046167e-02,-1.404167711734771729e-01,-6.606191396713256836e-02,-5.086526536959468103e-02,-1.806730926036834717e-01,-1.596893668174743652e-01,-5.759851151722727991e-02,-1.838299036026000977e-01,-2.178813219070434570e-01,-5.626916402596293665e-02,-1.774278879165649414e-01,-2.596181631088256836e-01,-5.481748172658740259e-02
0.000000000000000000e+00,0.000000000000000000e+00,0.000000000000000000e+00,-4.939478635787963867e-02,-9.534305334091186523e-02,2.617838999697141844e-02,-1.020309627056121826e-01,-1.342892050743103027e-01,2.721907219358854491e-02,-1.390415132045745850e-01,-1.769888997077941895e-01,1.867626442083292204e-02,-1.669034957885742188e-01,-2.201129794120788574e-01,1.072951147773437697e-02,-1.863189041614532471e-01,5.126833915710449219e-03,1.876814684339933592e-02,-2.305198907852172852e-01,-1.078104972839355469e-01,6.837408733304073394e-03,-2.240228056907653809e-01,-1.862867474555969238e-01,-5.964166741136978089e-03,-2.110591530799865723e-01,-2.389559745788574219e-01,-1.556151432475871843e-02,-1.831156015396118164e-01,4.630625247955322266e-03,-5.817437800828884065e-03,-2.424163818359375000e-01,-1.241399645805358887e-01,-1.733942122689313692e-02,-2.314659357070922852e-01,-2.077205181121826172e-01,-2.713744693926400942e-02,-2.110085785388946533e-01,-2.609027028083801270e-01,-3.378656113079614443e-02,-1.663310229778289795e-01,-2.033054828643798828e-02,-2.896847368708677095e-02,-2.283338308334350586e-01,-1.354746818542480469e-01,-3.864702933958596986e-02,-2.218920588493347168e-01,-2.174267768859863281e-01,-4.165768974951333803e-02,-2.050421833992004395e-01,-2.671807408332824707e-01,-4.365747028521127504e-02,-1.415371000766754150e-01,-6.518119573593139648e-02,-5.036285498670167726e-02,-1.801349520683288574e-01,-1.598935127258300781e-01,-5.567515993050164980e-02,-1.830950975418090820e-01,-2.187624573707580566e-01,-5.385343336990899843e-02,-1.769195199012756348e-01,-2.612771391868591309e-01,-5.217673608592576784e-02
0.000000000000000000e+00,0.000000000000000000e+00,0.000000000000000000e+00,-5.094200372695922852e-02,-9.616911411285400391e-02,2.453390661943899431e-02,-1.032207310199737549e-01,-1.355078220367431641e-01,2.457045916784750261e-02,-1.403111219406127930e-01,-1.794861555099487305e-01,1.500033926535593309e-02,-1.686101853847503662e-01,-2.234190702438354492e-01,6.314209795931446934e-03,-1.854869425296783447e-01,5.876302719116210938e-03,2.025435086656557360e-02,-2.299660742282867432e-01,-1.078389883041381836e-01,7.362551189402211094e-03,-2.237390577793121338e-01,-1.857684850692749023e-01,-6.337493990173470593e-03,-2.103916704654693604e-01,-2.374436259269714355e-01,-1.621096055637849531e-02,-1.828821003437042236e-01,5.444467067718505859e-03,-3.796499554624688244e-03,-2.437886297702789307e-01,-1.230315566062927246e-01,-1.633772100936425886e-02,-2.322136461734771729e-01,-2.056697010993957520e-01,-2.676057848762525282e-02,-2.105680108070373535e-01,-2.578845620155334473e-01,-3.314739126395238600e-02,-1.671685278415679932e-01,-1.954370737075805664e-02,-2.681117351781381331e-02,-2.294929027557373047e-01,-1.350800395011901855e-01,-3.641169551443113050e-02,-2.226967811584472656e-01,-2.165055871009826660e-01,-3.925519097279561720e-02,-2.053792774677276611e-01,-2.656244039535522461e-01,-4.072656888197911940e-02,-1.431509852409362793e-01,-6.492221355438232422e-02,-4.839239302705777845e-02,-1.817846298217773438e-01,-1.596798896789550781e-01,-5.280947345923436842e-02,-1.849990189075469971e-01,-2.183212041854858398e-01,-5.063854936193479261e-02,-1.790554821491241455e-01,-2.604934573173522949e-01,-4.861167478989614210e-02
0.000000000000000000e+00,0.000000000000000000e+00,0.000000000000000000e+00,-4.960992932319641113e-02,-9.550487995147705078e-02,2.095628100730095866e-02,-1.029890775680541992e-01,-1.352365016937255859e-01,1.987138520277653697e-02,-1.411698460578918457e-01,-1.798298358917236328e-01,1.013846545762930873e-02,-1.686857640743255615e-01,-2.275274991989135742e-01,1.494998711194739371e-03,-1.850455403327941895e-01,4.554867744445800781e-03,1.593933943010483745e-02,-2.297519147396087646e-01,-1.094784140586853027e-01,2.239225798319921523e-03,-2.239430844783782959e-01,-1.879721879959106445e-01,-1.165640224419917104e-02,-2.114599943161010742e-01,-2.404884696006774902e-01,-2.166572642229880330e-02,-1.822216510772705078e-01,5.027949810028076172e-03,-6.106736238081111878e-03,-2.422150671482086182e-01,-1.246618628501892090e-01,-1.884362903140868184e-02,-2.310338616371154785e-01,-2.078335285186767578e-01,-2.865634356342638966e-02,-2.109678387641906738e-01,-2.600256204605102539e-01,-3.498236519001807210e-02,-1.665520668029785156e-01,-1.932287216186523438e-02,-2.740388047598685262e-02,-2.294016480445861816e-01,-1.352902650833129883e-01,-3.828565832876051900e-02,-2.229613065719604492e-01,-2.171369791030883789e-01,-4.133872744344557759e-02,-2.060993611812591553e-01,-2.665277123451232910e-01,-4.289624524020041463e-02,-1.433392167091369629e-01,-6.369572877883911133e-02,-4.749141317509497640e-02,-1.832918822765350342e-01,-1.583208441734313965e-01,-5.342846792839850423e-02,-1.854845583438873291e-01,-2.166267037391662598e-01,-5.187514108322943684e-02,-1.786558628082275391e-01,-2.580958604812622070e-01,-5.015813243292654988e-02
0.000000000000000000e+00,0.000000000000000000e+00,0.000000000000000000e+00,-5.020672082901000977e-02,-9.494107961654663086e-02,2.025129554559157441e-02,-1.020788252353668213e-01,-1.343658566474914551e-01,1.814408136297629426e-02,-1.389805376529693604e-01,-1.781148314476013184e-01,7.439665512634974220e-03,-1.668812334537506104e-01,-2.243273258209228516e-01,-2.269961389259833595e-03,-1.833252310752868652e-01,6.015002727508544922e-03,1.365326067198679993e-02,-2.285431623458862305e-01,-1.060171127319335938e-01,-1.006013348245460293e-03,-2.216838598251342773e-01,-1.837496757507324219e-01,-1.511290295283629348e-02,-2.082226872444152832e-01,-2.353918552398681641e-01,-2.509500922869278838e-02,-1.802749931812286377e-01,6.139874458312988281e-03,-8.352979070053834221e-03,-2.407816648483276367e-01,-1.218765974044799805e-01,-2.225334847580029418e-02,-2.289035022258758545e-01,-2.040956616401672363e-01,-3.272283355008198669e-02,-2.075491547584533691e-01,-2.552416920661926270e-01,-3.925532007824017455e-02,-1.641763150691986084e-01,-1.805084943771362305e-02,-2.954451086233689239e-02,-2.276760935783386230e-01,-1.324514746665954590e-01,-4.143768454204632690e-02,-2.204529941082000732e-01,-2.140853404998779297e-01,-4.497043693672253539e-02,-2.027186155319213867e-01,-2.632789015769958496e-01,-4.661345759640767028e-02,-1.402697861194610596e-01,-6.213372945785522461e-02,-4.942703524838520934e-02,-1.795430183410644531e-01,-1.559539437294006348e-01,-5.608815605054928710e-02,-1.822105646133422852e-01,-2.136670351028442383e-01,-5.485604236136509826e-02,-1.756963133811950684e-01,-2.546734809875488281e-01,-5.325351933251454284e-02
0.000000000000000000e+00,0.000000000000000000e+00,0.000000000000000000e+00,-5.039244890213012695e-02,-9.247702360153198242e-02,2.096115801379028198e-02,-1.023377776145935059e-01,-1.315106153488159180e-01,1.968400370225253937e-02,-1.388791501522064209e-01,-1.763080358505249023e-01,9.865103325694235537e-03,-1.657583117485046387e-01,-2.241209149360656738e-01,9.055444168666326732e-04,-1.823711097240447998e-01,5.137503147125244141e-03,1.494746379449907181e-02,-2.259840071201324463e-01,-1.050754785537719727e-01,7.572328684659623832e-04,-2.202513217926025391e-01,-1.825842261314392090e-01,-1.312418744072374466e-02,-2.079290151596069336e-01,-2.347586154937744141e-01,-2.309880029514488342e-02,-1.801566481590270996e-01,4.498958587646484375e-03,-7.199286912680236128e-03,-2.392915785312652588e-01,-1.212164163589477539e-01,-2.115037102356609466e-02,-2.278797030448913574e-01,-2.037956118583679199e-01,-3.152535293355640533e-02,-2.072862386703491211e-01,-2.558459639549255371e-01,-3.783265311375316742e-02,-1.645025312900543213e-01,-1.993167400360107422e-02,-2.850040044739898804e-02,-2.256680428981781006e-01,-1.321939826011657715e-01,-4.053703133121189239e-02,-2.190504074096679688e-01,-2.130038142204284668e-01,-4.422891322627720001e-02,-2.022349238395690918e-01,-2.617497444152832031e-01,-4.586697179928478363e-02,-1.405582427978515625e-01,-6.259328126907348633e-02,-4.845903996482547882e-02,-1.782336235046386719e-01,-1.539118885993957520e-01,-5.527297217503246429e-02,-1.807562112808227539e-01,-2.108173966407775879e-01,-5.429667417064365509e-02,-1.744257509708404541e-01,-2.517681121826171875e-01,-5.279057655587848785e-02
0.000000000000000000e+00,0.000000000000000000e+00,0.000000000000000000e+00,-5.042642354965209961e-02,-9.482222795486450195e-02,2.179845495354015839e-02,-1.036389470100402832e-01,-1.349837779998779297e-01,2.116399517487366211e-02,-1.404509842395782471e-01,-1.793609857559204102e-01,1.157837061415989410e-02,-1.673205792903900146e-01,-2.252176403999328613e-01,2.951012255806517715e-03,-1.837773025035858154e-01,2.806842327117919922e-03,1.769122367929298889e-02,-2.276241779327392578e-01,-1.074915528297424316e-01,4.256670626062941665e-03,-2.215248942375183105e-01,-1.842467188835144043e-01,-9.174147823642897492e-03,-2.087358832359313965e-01,-2.358000278472900391e-01,-1.893078462947528351e-02,-1.813366711139678955e-01,3.242611885070800781e-03,-4.958244243454146272e-03,-2.405760884284973145e-01,-1.243720650672912598e-01,-1.844044888187568176e-02,-2.285154759883880615e-01,-2.062922716140747070e-01,-2.853095272351424683e-02,-2.078064680099487305e-01,-2.581575512886047363e-01,-3.459862733055274475e-02,-1.657519936561584473e-01,-2.081149816513061523e-02,-2.689530068803946961e-02,-2.278137505054473877e-01,-1.354913711547851562e-01,-3.857251742650191773e-02,-2.206875383853912354e-01,-2.163792848587036133e-01,-4.197524601389091004e-02,-2.034462690353393555e-01,-2.652631402015686035e-01,-4.338221365381400574e-02,-1.417241990566253662e-01,-6.421101093292236328e-02,-4.752928504515807617e-02,-1.804579496383666992e-01,-1.571617126464843750e-01,-5.402423927355926025e-02,-1.828796267509460449e-01,-2.145870923995971680e-01,-5.295339340139548767e-02,-1.762640178203582764e-01,-2.557955384254455566e-01,-5.145826304126899231e-02
0.000000000000000000e+00,0.000000000000000000e+00,0.000000000000000000e+00,-5.036953091621398926e-02,-9.385597705841064453e-02,2.421949672077516880e-02,-1.026132404804229736e-01,-1.344878673553466797e-01,2.454223910842756595e-02,-1.392312943935394287e-01,-1.789638400077819824e-01,1.562711278472761478e-02,-1.660863161087036133e-01,-2.245998978614807129e-01,7.503516585870784183e-03,-1.844105124473571777e-01,3.366410732269287109e-03,1.887148486946443882e-02,-2.286843061447143555e-01,-1.083803176879882812e-01,7.355454457297128101e-03,-2.217926979064941406e-01,-1.844074130058288574e-01,-4.392751413092810253e-03,-2.083931565284729004e-01,-2.347801923751831055e-01,-1.303580535079618130e-02,-1.816765666007995605e-01,1.795053482055664062e-03,-4.430980807796913723e-03,-2.417200803756713867e-01,-1.260972023010253906e-01,-1.528448743249555264e-02,-2.299787402153015137e-01,-2.060884237289428711e-01,-2.379003671433110867e-02,-2.089637815952301025e-01,-2.562195658683776855e-01,-2.922062335039754544e-02,-1.655820310115814209e-01,-2.350080013275146484e-02,-2.665158865477224026e-02,-2.266513407230377197e-01,-1.394433379173278809e-01,-3.530972023929734860e-02,-2.198711037635803223e-01,-2.187165021896362305e-01,-3.755037432040353451e-02,-2.025871574878692627e-01,-2.662862539291381836e-01,-3.887403329338212643e-02,-1.411492824554443359e-01,-6.747585535049438477e-02,-4.738036488618035946e-02,-1.799579858779907227e-01,-1.595515608787536621e-01,-5.125999396170755062e-02,-1.830596327781677246e-01,-2.164297699928283691e-01,-4.904540573681970272e-02,-1.769119799137115479e-01,-2.574076056480407715e-01,-4.717018400754113827e-02
0.000000000000000000e+00,0.000000000000000000e+00,0.000000000000000000e+00,-5.047321319580078125e-02,-9.433650970458984375e-02,2.692251760174713127e-02,-1.021407246589660645e-01,-1.339489221572875977e-01,2.857224564661464683e-02,-1.386042237281799316e-01,-1.784969568252563477e-01,2.029945063998184196e-02,-1.653124988079071045e-01,-2.246715426445007324e-01,1.247037216683111183e-02,-1.847163736820220947e-01,3.021001815795898438e-03,2.303011450578651420e-02,-2.280256748199462891e-01,-1.077464222908020020e-01,1.276553064246854774e-02,-2.220860123634338379e-01,-1.842242479324340820e-01,1.106718933556294360e-03,-2.095887660980224609e-01,-2.351838350296020508e-01,-7.844118255775356374e-03,-1.822992265224456787e-01,1.209437847137451172e-03,-1.667654461812162481e-03,-2.408317923545837402e-01,-1.251836419105529785e-01,-1.159642994741716393e-02,-2.300226688385009766e-01,-2.060627341270446777e-01,-2.055010836909332284e-02,-2.093855440616607666e-01,-2.571454644203186035e-01,-2.658214312384643563e-02,-1.660175621509552002e-01,-2.392387390136718750e-02,-2.514208745549240120e-02,-2.261433005332946777e-01,-1.381919980049133301e-01,-3.301592063496627816e-02,-2.200102210044860840e-01,-2.178109288215637207e-01,-3.537581008265533455e-02,-2.032723426818847656e-01,-2.655131220817565918e-01,-3.708346825430908211e-02,-1.412198543548583984e-01,-6.769967079162597656e-02,-4.697945606301345833e-02,-1.804400980472564697e-01,-1.595290303230285645e-01,-5.055203926156082161e-02,-1.835015118122100830e-01,-2.161759138107299805e-01,-4.810270559380569466e-02,-1.770909428596496582e-01,-2.568733096122741699e-01,-4.617662247608222970e-02
0.000000000000000000e+00,0.000000000000000000e+00,0.000000000000000000e+00,-5.060005187988281250e-02,-9.481072425842285156e-02,2.618898949452841407e-02,-1.034268140792846680e-01,-1.346192955970764160e-01,2.691977596708738929e-02,-1.402398347854614258e-01,-1.790716052055358887e-01,1.780201992818319923e-02,-1.667157411575317383e-01,-2.251936793327331543e-01,9.156434190060736000e-03,-1.871651411056518555e-01,2.105414867401123047e-03,2.045334628650152808e-02,-2.298842668533325195e-01,-1.096336245536804199e-01,8.644766498889566719e-03,-2.230249941349029541e-01,-1.868302822113037109e-01,-4.031493469540237129e-03,-2.100673317909240723e-01,-2.382385134696960449e-01,-1.372748394629752511e-02,-1.844389438629150391e-01,7.290840148925781250e-04,-4.569459381912110985e-03,-2.415107488632202148e-01,-1.276834011077880859e-01,-1.592605062893426293e-02,-2.298643290996551514e-01,-2.093468904495239258e-01,-2.568899714520966882e-02,-2.093413472175598145e-01,-2.606326937675476074e-01,-3.242558860353028649e-02,-1.676727831363677979e-01,-2.362817525863647461e-02,-2.837845743766820306e-02,-2.283170223236083984e-01,-1.378843188285827637e-01,-3.804438808134591454e-02,-2.209823429584503174e-01,-2.187842726707458496e-01,-4.107186817697083825e-02,-2.039335370063781738e-01,-2.678038477897644043e-01,-4.314040639570748681e-02,-1.421255171298980713e-01,-6.685149669647216797e-02,-5.051011839083230370e-02,-1.804067492485046387e-01,-1.588552594184875488e-01,-5.607640990189111108e-02,-1.832667887210845947e-01,-2.168529629707336426e-01,-5.462570362857377404e-02,-1.771556735038757324e-01,-2.588585019111633301e-01,-5.330372103622948998e-02
0.000000000000000000e+00,0.000000000000000000e+00,0.000000000000000000e+00,-5.063745379447937012e-02,-9.603714942932128906e-02,2.104817125433555702e-02,-1.041477024555206299e-01,-1.358913183212280273e-01,1.973553355270496468e-02,-1.408522129058837891e-01,-1.803169846534729004e-01,9.537465678988610307e-03,-1.674610078334808350e-01,-2.263954877853393555e-01,3.021005955474720395e-04,-1.874861121177673340e-01,3.642678260803222656e-03,1.679113301867118935e-02,-2.288717627525329590e-01,-1.095829010009765625e-01,3.251560772298489610e-03,-2.218294739723205566e-01,-1.872956156730651855e-01,-1.097815037286409279e-02,-2.084421515464782715e-01,-2.388686537742614746e-01,-2.161978204316028496e-02,-1.840699017047882080e-01,3.378987312316894531e-03,-5.933557362766350707e-03,-2.404368519783020020e-01,-1.261166930198669434e-01,-1.911850665277370354e-02,-2.288878858089447021e-01,-2.084075212478637695e-01,-3.025791068142780205e-02,-2.080186307430267334e-01,-2.604492306709289551e-01,-3.772213142877944847e-02,-1.668815910816192627e-01,-2.074813842773437500e-02,-2.788556758827098747e-02,-2.282108068466186523e-01,-1.351469755172729492e-01,-3.951200675732025047e-02,-2.204332947731018066e-01,-2.165923714637756348e-01,-4.358676281339057823e-02,-2.026367187500000000e-01,-2.663022279739379883e-01,-4.588828441268333336e-02,-1.411159634590148926e-01,-6.461030244827270508e-02,-4.853282701736816307e-02,-1.794091463088989258e-01,-1.572507619857788086e-01,-5.554239657288917442e-02,-1.816405951976776123e-01,-2.153069972991943359e-01,-5.464242604142555138e-02,-1.747749149799346924e-01,-2.572531700134277344e-01,-5.342460629111656090e-02
0.000000000000000000e+00,0.000000000000000000e+00,0.000000000000000000e+00,-5.139422416687011719e-02,-9.537720680236816406e-02,2.478299271365358436e-02,-1.035427153110504150e-01,-1.341751813888549805e-01,2.423647586306287849e-02,-1.403140723705291748e-01,-1.795143485069274902e-01,1.384684238632871711e-02,-1.673828363418579102e-01,-2.269101738929748535e-01,4.124941584223051905e-03,-1.844031214714050293e-01,4.551410675048828125e-03,1.944984104534341895e-02,-2.285465002059936523e-01,-1.070255637168884277e-01,5.694027804338475107e-03,-2.219886779785156250e-01,-1.846540570259094238e-01,-8.455407991505126120e-03,-2.081086039543151855e-01,-2.365850806236267090e-01,-1.874635014632985985e-02,-1.812164187431335449e-01,4.624664783477783203e-03,-5.263724084443310858e-03,-2.405826449394226074e-01,-1.229172945022583008e-01,-1.850764844516561425e-02,-2.288396954536437988e-01,-2.058487534523010254e-01,-2.914030123451993859e-02,-2.079075574874877930e-01,-2.578721642494201660e-01,-3.597140703300283349e-02,-1.651905179023742676e-01,-1.974654197692871094e-02,-2.901090886393831170e-02,-2.280318737030029297e-01,-1.333234310150146484e-01,-4.013495910862729943e-02,-2.207542955875396729e-01,-2.149223089218139648e-01,-4.309326801399038231e-02,-2.031262516975402832e-01,-2.638168334960937500e-01,-4.465959612230108178e-02,-1.411356925964355469e-01,-6.387138366699218750e-02,-5.124479923347280419e-02,-1.800481677055358887e-01,-1.567590832710266113e-01,-5.737610552409933007e-02,-1.824269294738769531e-01,-2.144702672958374023e-01,-5.555218849281118310e-02,-1.755830645561218262e-01,-2.555343508720397949e-01,-5.372267607549474633e-02
0.000000000000000000e+00,0.000000000000000000e+00,0.000000000000000000e+00,-4.934364557266235352e-02,-9.548878669738769531e-02,2.123204510101572851e-02,-1.018099784851074219e-01,-1.338143348693847656e-01,1.919404867479101995e-02,-1.381955444812774658e-01,-1.779151558876037598e-01,8.304981360225838216e-03,-1.648505032062530518e-01,-2.251565456390380859e-01,-1.823335691341299025e-03,-1.831992864608764648e-01,4.059731960296630859e-03,1.313482395747200826e-02,-2.280151546001434326e-01,-1.081346869468688965e-01,-1.999584414051014392e-03,-2.206420302391052246e-01,-1.847859621047973633e-01,-1.615364026835663935e-02,-2.069806754589080811e-01,-2.363258004188537598e-01,-2.622970302215321681e-02,-1.791705787181854248e-01,4.109025001525878906e-03,-9.994624337167579142e-03,-2.397353649139404297e-01,-1.241576671600341797e-01,-2.509351742079957148e-02,-2.273650467395782471e-01,-2.064368128776550293e-01,-3.550315756908162257e-02,-2.061347663402557373e-01,-2.589123845100402832e-01,-4.176498685589535853e-02,-1.621725261211395264e-01,-1.995170116424560547e-02,-3.224894513002141139e-02,-2.255224287509918213e-01,-1.352430582046508789e-01,-4.492039714565976283e-02,-2.188028395175933838e-01,-2.169812917709350586e-01,-4.821129251828892848e-02,-2.017876803874969482e-01,-2.665297389030456543e-01,-4.961833466401799342e-02,-1.372885107994079590e-01,-6.280750036239624023e-02,-5.314051095953686854e-02,-1.776980459690093994e-01,-1.556516289710998535e-01,-6.051173169723256251e-02,-1.812550127506256104e-01,-2.141892313957214355e-01,-5.938143764248593470e-02,-1.756013035774230957e-01,-2.562374472618103027e-01,-5.787839476576550624e-02
0.000000000000000000e+00,0.000000000000000000e+00,0.000000000000000000e+00,-5.109462141990661621e-02,-9.547191858291625977e-02,2.620863381466165265e-02,-1.032078862190246582e-01,-1.344604492187500000e-01,2.629908758839860639e-02,-1.396145820617675781e-01,-1.794509887695312500e-01,1.640272725066438397e-02,-1.661464869976043701e-01,-2.265595197677612305e-01,6.970420737474114503e-03,-1.851746141910552979e-01,3.448188304901123047e-03,1.928750823876157483e-02,-2.294111847877502441e-01,-1.097518205642700195e-01,5.791220140366704072e-03,-2.228126525878906250e-01,-1.866357922554016113e-01,-7.936155165822356139e-03,-2.097831368446350098e-01,-2.388411760330200195e-01,-1.799285944858297626e-02,-1.815838813781738281e-01,3.402829170227050781e-03,-6.346229206116049681e-03,-2.407512068748474121e-01,-1.261124610900878906e-01,-1.980074655571684161e-02,-2.291695773601531982e-01,-2.085442543029785156e-01,-3.019862968781694690e-02,-2.084273993968963623e-01,-2.610425353050231934e-01,-3.672618393161997119e-02,-1.647514998912811279e-01,-2.080857753753662109e-02,-3.079735461929544726e-02,-2.261842191219329834e-01,-1.368901729583740234e-01,-4.161102298954233447e-02,-2.196659445762634277e-01,-2.182309031486511230e-01,-4.446388755300745288e-02,-2.031017243862152100e-01,-2.671008110046386719e-01,-4.589512173393472949e-02,-1.402142643928527832e-01,-6.389659643173217773e-02,-5.362223435500368396e-02,-1.800415813922882080e-01,-1.572785377502441406e-01,-5.912014443734392444e-02,-1.834405362606048584e-01,-2.152583599090576172e-01,-5.701243106582865039e-02,-1.777203679084777832e-01,-2.566771507263183594e-01,-5.503690216997370044e-02
0.000000000000000000e+00,0.000000000000000000e+00,0.000000000000000000e+00,-5.083656311035156250e-02,-9.192246198654174805e-02,3.068689033489135909e-02,-1.017722487449645996e-01,-1.314567923545837402e-01,3.240775466065315413e-02,-1.382755637168884277e-01,-1.771783232688903809e-01,2.339473888378051925e-02,-1.650574803352355957e-01,-2.234377861022949219e-01,1.448982637475637603e-02,-1.835779547691345215e-01,5.120098590850830078e-03,2.168687395851520705e-02,-2.291445732116699219e-01,-1.059646010398864746e-01,1.063827015559581923e-02,-2.230058312416076660e-01,-1.827182173728942871e-01,-9.587149475009937305e-04,-2.102171778678894043e-01,-2.343515157699584961e-01,-9.639639778924902203e-03,-1.799865961074829102e-01,3.384768962860107422e-03,-5.321039258433302166e-03,-2.399623990058898926e-01,-1.244180202484130859e-01,-1.551591083307357621e-02,-2.292473316192626953e-01,-2.064329981803894043e-01,-2.378157190878482652e-02,-2.089577615261077881e-01,-2.581992149353027344e-01,-2.954065464336963487e-02,-1.635154485702514648e-01,-2.209436893463134766e-02,-3.061763979394527269e-02,-2.235418558120727539e-01,-1.383070945739746094e-01,-3.820684775610061479e-02,-2.174412608146667480e-01,-2.181898355484008789e-01,-3.960141390462013078e-02,-2.008970975875854492e-01,-2.656368613243103027e-01,-4.100863486428352189e-02,-1.397259831428527832e-01,-6.562751531600952148e-02,-5.393471419711204362e-02,-1.787641048431396484e-01,-1.588019132614135742e-01,-5.644775405426116777e-02,-1.816999912261962891e-01,-2.155292034149169922e-01,-5.289288088579269242e-02,-1.752795577049255371e-01,-2.560618519783020020e-01,-5.052098110218139482e-02
0.000000000000000000e+00,0.000000000000000000e+00,0.000000000000000000e+00,-5.140906572341918945e-02,-9.425246715545654297e-02,2.886320551056087425e-02,-1.029388606548309326e-01,-1.343559026718139648e-01,3.007030946332633903e-02,-1.389374434947967529e-01,-1.791535615921020508e-01,2.090195280629814079e-02,-1.657623350620269775e-01,-2.230479121208190918e-01,1.213082851040780952e-02,-1.837187409400939941e-01,4.179358482360839844e-03,2.036607352215469291e-02,-2.287365198135375977e-01,-1.067398190498352051e-01,8.401699300293330452e-03,-2.222985327243804932e-01,-1.837071776390075684e-01,-3.867422992925639846e-03,-2.091651856899261475e-01,-2.354957461357116699e-01,-1.294138102662145684e-02,-1.805875897407531738e-01,3.919661045074462891e-03,-5.852921929772492149e-03,-2.403219342231750488e-01,-1.249931454658508301e-01,-1.670000056606113503e-02,-2.290828824043273926e-01,-2.069754004478454590e-01,-2.523544716518699715e-02,-2.091251909732818604e-01,-2.586190104484558105e-01,-3.115904058199703286e-02,-1.644324064254760742e-01,-2.106654644012451172e-02,-3.056522558313190530e-02,-2.259716987609863281e-01,-1.376605033874511719e-01,-3.907437349539577554e-02,-2.194784879684448242e-01,-2.184648513793945312e-01,-4.049815337043582986e-02,-2.025950551033020020e-01,-2.666930556297302246e-01,-4.179509083610355447e-02,-1.401606202125549316e-01,-6.518924236297607422e-02,-5.346582929473697732e-02,-1.791619658470153809e-01,-1.595604419708251953e-01,-5.734893779140293191e-02,-1.827052533626556396e-01,-2.182424664497375488e-01,-5.439453299027263711e-02,-1.769475042819976807e-01,-2.607201337814331055e-01,-5.227114732247173379e-02
