0.000000000000000000e+00,0.000000000000000000e+00,0.000000000000000000e+00,5.108839273452758789e-02,-5.849927663803100586e-02,-2.036418993318989124e-02,7.554477453231811523e-02,-1.376428008079528809e-01,-2.703420300329639758e-02,7.252502441406250000e-02,-2.053261697292327881e-01,-3.278769780243351306e-02,5.258733034133911133e-02,-2.512449622154235840e-01,-3.861535568083240832e-02,1.853430271148681641e-02,-2.262748777866363525e-01,-1.330807846332504596e-02,4.924267530441284180e-03,-3.216121494770050049e-01,-3.109269444192364062e-02,-5.116045475006103516e-03,-3.777880072593688965e-01,-4.645130265797092761e-02,-1.419055461883544922e-02,-4.240989685058593750e-01,-5.664081353987171497e-02,-1.713046431541442871e-02,-2.228603065013885498e-01,-1.542376954401447620e-02,-3.129079937934875488e-02,-3.256859481334686279e-01,-3.074851487124874438e-02,-4.130721092224121094e-02,-3.923239111900329590e-01,-4.559698928440525378e-02,-4.882922768592834473e-02,-4.455155730247497559e-01,-5.568807427133037891e-02,-4.850718379020690918e-02,-2.049337923526763916e-01,-2.061842609489872302e-02,-6.250786781311035156e-02,-3.042320609092712402e-01,-3.566662822211696948e-02,-7.097044587135314941e-02,-3.672755956649780273e-01,-4.762490321243717517e-02,-7.692620158195495605e-02,-4.167354404926300049e-01,-5.494517688001110400e-02,-7.843449711799621582e-02,-1.739701628684997559e-01,-2.786847058976604785e-02,-8.824148774147033691e-02,-2.515307366847991943e-01,-4.191287089432194080e-02,-9.263545274734497070e-02,-3.017598986625671387e-01,-4.848510626996471728e-02,-9.554189443588256836e-02,-3.444029688835144043e-01,-5.173070956314518298e-02
0.000000000000000000e+00,0.000000000000000000e+00,0.000000000000000000e+00,5.289572477340698242e-02,-6.288796663284301758e-02,-2.264233597173870294e-02,7.917147874832153320e-02,-1.408591270446777344e-01,-3.038860589816749780e-02,7.795262336730957031e-02,-2.072320580482482910e-01,-3.717536025300205438e-02,5.556523799896240234e-02,-2.514462471008300781e-01,-4.379603557839573114e-02,1.770335435867309570e-02,-2.336634397506713867e-01,-1.234708924397409646e-02,4.265755414962768555e-03,-3.257982730865478516e-01,-3.002412908330143182e-02,-6.822228431701660156e-03,-3.819132447242736816e-01,-4.622671299233616082e-02,-1.758903264999389648e-02,-4.301263093948364258e-01,-5.755434848919094293e-02,-1.797157526016235352e-02,-2.296735346317291260e-01,-1.408286590680063455e-02,-3.218635916709899902e-02,-3.304670155048370361e-01,-2.930227585687816827e-02,-4.265761375427246094e-02,-3.951368927955627441e-01,-4.530464403882206170e-02,-5.098882317543029785e-02,-4.473902583122253418e-01,-5.667457648172558038e-02,-4.920068383216857910e-02,-2.110093533992767334e-01,-1.927799836352050988e-02,-6.211873888969421387e-02,-3.082959055900573730e-01,-3.401816927447498529e-02,-7.042300701141357422e-02,-3.708536624908447266e-01,-4.637910344257534234e-02,-7.661685347557067871e-02,-4.209469556808471680e-01,-5.439775728240192620e-02,-7.757166028022766113e-02,-1.793220639228820801e-01,-2.693864062979400842e-02,-8.757433295249938965e-02,-2.549920082092285156e-01,-4.060794331684292047e-02,-9.231585264205932617e-02,-3.045340180397033691e-01,-4.710065492048443048e-02,-9.572091698646545410e-02,-3.476681411266326904e-01,-5.062252201690853326e-02
0.000000000000000000e+00,0.000000000000000000e+00,0.000000000000000000e+00,5.287590622901916504e-02,-6.333196163177490234e-02,-2.311446542822181982e-02,8.030304312705993652e-02,-1.421085596084594727e-01,-3.067223752819359106e-02,7.945671677589416504e-02,-2.094930708408355713e-01,-3.725965718709289831e-02,5.703935027122497559e-02,-2.567265033721923828e-01,-4.360933626972496313e-02,2.010035514831542969e-02,-2.350089848041534424e-01,-1.170808753900587362e-02,6.739556789398193359e-03,-3.264263272285461426e-01,-2.938750597618877691e-02,-4.354178905487060547e-03,-3.818851709365844727e-01,-4.573483045183479589e-02,-1.519271731376647949e-02,-4.301204681396484375e-01,-5.720819185458481115e-02,-1.565271615982055664e-02,-2.314454913139343262e-01,-1.321625175856411261e-02,-2.992668747901916504e-02,-3.315101861953735352e-01,-2.844711231969654364e-02,-4.060724377632141113e-02,-3.954812288284301758e-01,-4.463947589479744238e-02,-4.910114407539367676e-02,-4.481101334095001221e-01,-5.628980721317589087e-02,-4.686677455902099609e-02,-2.132218480110168457e-01,-1.831975045584499640e-02,-5.958274006843566895e-02,-3.093921542167663574e-01,-3.315329949342071814e-02,-6.836235523223876953e-02,-3.711235523223876953e-01,-4.537052686296760839e-02,-7.529467344284057617e-02,-4.210959076881408691e-01,-5.338091800891220373e-02,-7.553598284721374512e-02,-1.815638542175292969e-01,-2.599068569921314520e-02,-8.502578735351562500e-02,-2.571601271629333496e-01,-3.967488954745590490e-02,-9.005901217460632324e-02,-3.063206970691680908e-01,-4.598864938103019995e-02,-9.462508559226989746e-02,-3.492527604103088379e-01,-4.944895232998192114e-02
0.000000000000000000e+00,0.000000000000000000e+00,0.000000000000000000e+00,5.343273282051086426e-02,-6.266623735427856445e-02,-2.306243174422206721e-02,8.102241158485412598e-02,-1.419903039932250977e-01,-3.049958825755538783e-02,8.006700873374938965e-02,-2.101547420024871826e-01,-3.692887120593013606e-02,5.588707327842712402e-02,-2.548743784427642822e-01,-4.323451735723438105e-02,1.996213197708129883e-02,-2.350307703018188477e-01,-1.188746981966914973e-02,6.879329681396484375e-03,-3.269753754138946533e-01,-2.944211058962764582e-02,-4.346579313278198242e-03,-3.828607797622680664e-01,-4.566036679494800410e-02,-1.513946056365966797e-02,-4.311092495918273926e-01,-5.703994773972453913e-02,-1.591345667839050293e-02,-2.316415309906005859e-01,-1.335272707689227900e-02,-2.991089224815368652e-02,-3.322476446628570557e-01,-2.840452410924854121e-02,-4.027625918388366699e-02,-3.966602981090545654e-01,-4.438865699518146357e-02,-4.854711890220642090e-02,-4.489566087722778320e-01,-5.589757256853999934e-02,-4.720598459243774414e-02,-2.133482992649078369e-01,-1.837686405229987940e-02,-5.967363715171813965e-02,-3.099580109119415283e-01,-3.306007527459087214e-02,-6.808432936668395996e-02,-3.720093965530395508e-01,-4.525912695277156672e-02,-7.480874657630920410e-02,-4.219043552875518799e-01,-5.329625450718822322e-02,-7.583105564117431641e-02,-1.817499399185180664e-01,-2.595788010108890376e-02,-8.517545461654663086e-02,-2.578057944774627686e-01,-3.950383283842029414e-02,-9.006246924400329590e-02,-3.072265982627868652e-01,-4.580168195712985835e-02,-9.442052245140075684e-02,-3.502295613288879395e-01,-4.933204644072475276e-02
0.000000000000000000e+00,0.000000000000000000e+00,0.000000000000000000e+00,5.307912826538085938e-02,-6.279939413070678711e-02,-2.337867671369053824e-02,8.061438798904418945e-02,-1.422969698905944824e-01,-3.070620724676587088e-02,7.939594984054565430e-02,-2.098493278026580811e-01,-3.695011602459885580e-02,5.592280626296997070e-02,-2.559292912483215332e-01,-4.302058459936120016e-02,1.966345310211181641e-02,-2.349112927913665771e-01,-1.170371191321351034e-02,6.288677453994750977e-03,-3.274928033351898193e-01,-2.901329563675858481e-02,-4.920691251754760742e-03,-3.833276033401489258e-01,-4.495496393857933981e-02,-1.544901728630065918e-02,-4.315997958183288574e-01,-5.611055062828995688e-02,-1.603931188583374023e-02,-2.312254011631011963e-01,-1.291199212639071447e-02,-3.022983670234680176e-02,-3.323459029197692871e-01,-2.778970168648697836e-02,-4.076310992240905762e-02,-3.965947628021240234e-01,-4.388581307350136740e-02,-4.886734485626220703e-02,-4.488989114761352539e-01,-5.549017803488709433e-02,-4.726362228393554688e-02,-2.128467559814453125e-01,-1.774015741168000204e-02,-5.991175770759582520e-02,-3.096372485160827637e-01,-3.225518109022118551e-02,-6.875362992286682129e-02,-3.721626996994018555e-01,-4.495782123623826010e-02,-7.558506727218627930e-02,-4.225977063179016113e-01,-5.341516526161171896e-02,-7.608979940414428711e-02,-1.810588836669921875e-01,-2.513555155812241537e-02,-8.543431758880615234e-02,-2.573520243167877197e-01,-3.861573056994416220e-02,-9.056818485260009766e-02,-3.068379163742065430e-01,-4.527790935455300314e-02,-9.513545036315917969e-02,-3.502559959888458252e-01,-4.913581253705956442e-02
0.000000000000000000e+00,0.000000000000000000e+00,0.000000000000000000e+00,5.316457152366638184e-02,-6.387323141098022461e-02,-2.325034116250890293e-02,8.030900359153747559e-02,-1.431351304054260254e-01,-3.068580639404672183e-02,7.751217484474182129e-02,-2.098397016525268555e-01,-3.701741781873124637e-02,5.487605929374694824e-02,-2.563457489013671875e-01,-4.314866077942269840e-02,1.900106668472290039e-02,-2.361479699611663818e-01,-1.184560798895972766e-02,5.035310983657836914e-03,-3.292605876922607422e-01,-2.909452629131692447e-02,-6.327152252197265625e-03,-3.849324285984039307e-01,-4.496690046829598941e-02,-1.715746521949768066e-02,-4.328530132770538330e-01,-5.597013396067040958e-02,-1.693183183670043945e-02,-2.313410043716430664e-01,-1.302668426973241367e-02,-3.143718838691711426e-02,-3.329449892044067383e-01,-2.768628087682145633e-02,-4.218336939811706543e-02,-3.971913158893585205e-01,-4.348047238630670108e-02,-5.048713088035583496e-02,-4.493303298950195312e-01,-5.478643041891473331e-02,-4.818928241729736328e-02,-2.123771905899047852e-01,-1.779015150708573856e-02,-6.073719263076782227e-02,-3.100460767745971680e-01,-3.207822677535432376e-02,-6.954553723335266113e-02,-3.724638819694519043e-01,-4.421608310980218448e-02,-7.631850242614746094e-02,-4.226266741752624512e-01,-5.218655777019876041e-02,-7.715347409248352051e-02,-1.799082159996032715e-01,-2.509306159657853641e-02,-8.664286136627197266e-02,-2.566555738449096680e-01,-3.833083224338906803e-02,-9.156307578086853027e-02,-3.060234189033508301e-01,-4.443724241895097293e-02,-9.596657752990722656e-02,-3.491469323635101318e-01,-4.773466822547334232e-02
0.000000000000000000e+00,0.000000000000000000e+00,0.000000000000000000e+00,5.309686064720153809e-02,-6.321978569030761719e-02,-2.285574344912788547e-02,8.010092377662658691e-02,-1.419105529785156250e-01,-3.045808678487560428e-02,7.734873890876770020e-02,-2.084049880504608154e-01,-3.703295966604969180e-02,5.500939488410949707e-02,-2.543435394763946533e-01,-4.347711583594104923e-02,1.786756515502929688e-02,-2.367631494998931885e-01,-1.232655407855531848e-02,4.203259944915771484e-03,-3.293169140815734863e-01,-2.991250125685951389e-02,-6.905049085617065430e-03,-3.849439620971679688e-01,-4.601837476710102237e-02,-1.778933405876159668e-02,-4.331838786602020264e-01,-5.722037112334987796e-02,-1.799193024635314941e-02,-2.322727441787719727e-01,-1.397505464026949085e-02,-3.232941031455993652e-02,-3.339076936244964600e-01,-2.894099956372997440e-02,-4.310262203216552734e-02,-3.983680009841918945e-01,-4.475411182264110721e-02,-5.175212025642395020e-02,-4.506766796112060547e-01,-5.610246738413593448e-02,-4.908642172813415527e-02,-2.132122814655303955e-01,-1.914563743392250217e-02,-6.237640976905822754e-02,-3.105273842811584473e-01,-3.364524772385379947e-02,-7.140120863914489746e-02,-3.729951977729797363e-01,-4.574921509245655216e-02,-7.844716310501098633e-02,-4.231657981872558594e-01,-5.366654476145527042e-02,-7.766199111938476562e-02,-1.805518269538879395e-01,-2.684540269891044773e-02,-8.771887421607971191e-02,-2.578463852405548096e-01,-4.030941581348201908e-02,-9.275999665260314941e-02,-3.079093694686889648e-01,-4.658059557894489444e-02,-9.698832035064697266e-02,-3.517991304397583008e-01,-5.000441676000377811e-02
0.000000000000000000e+00,0.000000000000000000e+00,0.000000000000000000e+00,5.230373144149780273e-02,-6.267118453979492188e-02,-2.391199381656861078e-02,7.921075820922851562e-02,-1.397840380668640137e-01,-3.260018104322170984e-02,7.842528820037841797e-02,-2.066911756992340088e-01,-4.025965729363178980e-02,5.683726072311401367e-02,-2.559210360050201416e-01,-4.770445996530270349e-02,1.885002851486206055e-02,-2.343827784061431885e-01,-1.406541173912501108e-02,4.813373088836669922e-03,-3.269717097282409668e-01,-3.254875713594174158e-02,-6.406903266906738281e-03,-3.828906416893005371e-01,-4.913065382845616114e-02,-1.703932881355285645e-02,-4.316555857658386230e-01,-6.062496253855442774e-02,-1.717934012413024902e-02,-2.304067611694335938e-01,-1.556542409218764078e-02,-3.180471062660217285e-02,-3.321651220321655273e-01,-3.126912736900067102e-02,-4.249262809753417969e-02,-3.965941369533538818e-01,-4.745253348357891809e-02,-5.072668194770812988e-02,-4.496715664863586426e-01,-5.912548848993992578e-02,-4.857635498046875000e-02,-2.119500041007995605e-01,-2.065680907674050104e-02,-6.151017546653747559e-02,-3.094720244407653809e-01,-3.568175607927059900e-02,-7.053679227828979492e-02,-3.717617988586425781e-01,-4.782469743497586023e-02,-7.746356725692749023e-02,-4.219218492507934570e-01,-5.585022816069340479e-02,-7.738542556762695312e-02,-1.800881624221801758e-01,-2.837195420272564661e-02,-8.732694387435913086e-02,-2.563721537590026855e-01,-4.206661307819103968e-02,-9.230673313140869141e-02,-3.060022890567779541e-01,-4.830506244309162867e-02,-9.660369157791137695e-02,-3.491644561290740967e-01,-5.175833949454045069e-02
0.000000000000000000e+00,0.000000000000000000e+00,0.000000000000000000e+00,5.283948779106140137e-02,-6.343263387680053711e-02,-2.316816895478268634e-02,7.971832156181335449e-02,-1.421033143997192383e-01,-3.150925039523144733e-02,7.867714762687683105e-02,-2.090483903884887695e-01,-3.889387472742100726e-02,5.601474642753601074e-02,-2.550901770591735840e-01,-4.630816354625721942e-02,1.956078410148620605e-02,-2.340422570705413818e-01,-1.477088405960103046e-02,5.737513303756713867e-03,-3.262537717819213867e-01,-3.351823239796658527e-02,-5.523443222045898438e-03,-3.823819160461425781e-01,-5.020426958077450763e-02,-1.638394594192504883e-02,-4.310840964317321777e-01,-6.176916881673832904e-02,-1.627573370933532715e-02,-2.297129333019256592e-01,-1.677681132429142963e-02,-3.079235553741455078e-02,-3.320292532444000244e-01,-3.294559567444821369e-02,-4.158520698547363281e-02,-3.974239826202392578e-01,-4.919882117980023395e-02,-5.032134056091308594e-02,-4.507373273372650146e-01,-6.082480772607823383e-02,-4.760828614234924316e-02,-2.107979357242584229e-01,-2.222358434670468341e-02,-6.076160073280334473e-02,-3.088736236095428467e-01,-3.773343934886952411e-02,-7.009240984916687012e-02,-3.721699714660644531e-01,-5.013436823361416828e-02,-7.761320471763610840e-02,-4.230056405067443848e-01,-5.820778756611844074e-02,-7.662644982337951660e-02,-1.785591840744018555e-01,-3.017640299373169910e-02,-8.665287494659423828e-02,-2.558583021163940430e-01,-4.437356441491147052e-02,-9.161886572837829590e-02,-3.062861561775207520e-01,-5.096197872632046710e-02,-9.600582718849182129e-02,-3.500015139579772949e-01,-5.461884289258023273e-02
0.000000000000000000e+00,0.000000000000000000e+00,0.000000000000000000e+00,5.318397283554077148e-02,-6.321597099304199219e-02,-2.216789005717600958e-02,8.000677824020385742e-02,-1.429740190505981445e-01,-2.965601785501803533e-02,7.761251926422119141e-02,-2.089078128337860107e-01,-3.623323208114470617e-02,5.576139688491821289e-02,-2.558124363422393799e-01,-4.276047340056265966e-02,2.063536643981933594e-02,-2.343807816505432129e-01,-1.352154622247780935e-02,6.603807210922241211e-03,-3.271544873714447021e-01,-3.166741198322142736e-02,-4.971474409103393555e-03,-3.834457397460937500e-01,-4.759449204823340551e-02,-1.586234569549560547e-02,-4.319012165069580078e-01,-5.852783536931838171e-02,-1.546162366867065430e-02,-2.298068106174468994e-01,-1.564782178422774450e-02,-3.038045763969421387e-02,-3.318962156772613525e-01,-3.123975983282889501e-02,-4.086101055145263672e-02,-3.966817855834960938e-01,-4.677973380705680029e-02,-4.897707700729370117e-02,-4.493244886398315430e-01,-5.780018186590041296e-02,-4.710716009140014648e-02,-2.110383808612823486e-01,-2.115008114299143926e-02,-6.038892269134521484e-02,-3.091786801815032959e-01,-3.610243713876570837e-02,-6.905806064605712891e-02,-3.721219301223754883e-01,-4.779018527290190832e-02,-7.551893591880798340e-02,-4.229438602924346924e-01,-5.538689783236350195e-02,-7.646155357360839844e-02,-1.791877150535583496e-01,-2.908412246426905767e-02,-8.648535609245300293e-02,-2.557002305984497070e-01,-4.283028534075583593e-02,-9.097391366958618164e-02,-3.058953881263732910e-01,-4.894475704452361242e-02,-9.465563297271728516e-02,-3.497908115386962891e-01,-5.222004717609252111e-02
0.000000000000000000e+00,0.000000000000000000e+00,0.000000000000000000e+00,5.431097745895385742e-02,-6.112605333328247070e-02,-2.294470288026673188e-02,8.171182870864868164e-02,-1.402813196182250977e-01,-3.027496032584053864e-02,7.998901605606079102e-02,-2.088389396667480469e-01,-3.654335729945046296e-02,5.649453401565551758e-02,-2.552199363708496094e-01,-4.265558637845856538e-02,2.025878429412841797e-02,-2.343695163726806641e-01,-1.208857923913342347e-02,7.030308246612548828e-03,-3.272725939750671387e-01,-2.920279197562081208e-02,-4.286259412765502930e-03,-3.832982182502746582e-01,-4.482471861112458100e-02,-1.486408710479736328e-02,-4.313699603080749512e-01,-5.579370923507553925e-02,-1.580089330673217773e-02,-2.310123741626739502e-01,-1.335236255246741166e-02,-3.001114726066589355e-02,-3.328217566013336182e-01,-2.801217243242604127e-02,-3.975626826286315918e-02,-3.969063162803649902e-01,-4.353782825339180818e-02,-4.715803265571594238e-02,-4.487108290195465088e-01,-5.468340881336075654e-02,-4.724374413490295410e-02,-2.129691541194915771e-01,-1.810601085591656556e-02,-6.004691123962402344e-02,-3.104910254478454590e-01,-3.246776305306298127e-02,-6.823596358299255371e-02,-3.729119300842285156e-01,-4.450408660042626252e-02,-7.448658347129821777e-02,-4.229810237884521484e-01,-5.247528396714074006e-02,-7.588538527488708496e-02,-1.816296577453613281e-01,-2.535848796534878602e-02,-8.522489666938781738e-02,-2.579280138015747070e-01,-3.876141376960617890e-02,-8.980011940002441406e-02,-3.075129687786102295e-01,-4.506903805005890717e-02,-9.364306926727294922e-02,-3.506639301776885986e-01,-4.860669665205819001e-02
0.000000000000000000e+00,0.000000000000000000e+00,0.000000000000000000e+00,5.438521504402160645e-02,-6.184369325637817383e-02,-2.239779301669386768e-02,8.164682984352111816e-02,-1.408159732818603516e-01,-2.985713177110937977e-02,7.928422093391418457e-02,-2.089369297027587891e-01,-3.637947619643000507e-02,5.595174431800842285e-02,-2.555015385150909424e-01,-4.283829510893610859e-02,2.054020762443542480e-02,-2.349491715431213379e-01,-1.237644173886565113e-02,6.627023220062255859e-03,-3.272018432617187500e-01,-2.982376993384150410e-02,-5.306601524353027344e-03,-3.828681111335754395e-01,-4.563406959857729817e-02,-1.668807864189147949e-02,-4.303850233554840088e-01,-5.668635771360186482e-02,-1.566410064697265625e-02,-2.312756776809692383e-01,-1.407261577185181523e-02,-3.030723333358764648e-02,-3.329063355922698975e-01,-2.917339757766512776e-02,-4.057276248931884766e-02,-3.969110250473022461e-01,-4.474069655623225117e-02,-4.878833889961242676e-02,-4.485997855663299561e-01,-5.583426833834437275e-02,-4.714393615722656250e-02,-2.129305899143218994e-01,-1.918375783350256825e-02,-6.061545014381408691e-02,-3.101221919059753418e-01,-3.384593606676844502e-02,-6.896328926086425781e-02,-3.720626235008239746e-01,-4.565292329277781391e-02,-7.569321990013122559e-02,-4.219056963920593262e-01,-5.340556160297182942e-02,-7.585522532463073730e-02,-1.809222698211669922e-01,-2.672954008664873982e-02,-8.549603819847106934e-02,-2.570881843566894531e-01,-4.028559581126955891e-02,-9.018722176551818848e-02,-3.062846064567565918e-01,-4.638332978572634602e-02,-9.448465704917907715e-02,-3.489884734153747559e-01,-4.971451044764307881e-02
0.000000000000000000e+00,0.000000000000000000e+00,0.000000000000000000e+00,5.407598614692687988e-02,-6.314539909362792969e-02,-2.167610958156274137e-02,8.113542199134826660e-02,-1.422564387321472168e-01,-2.876276098129437742e-02,7.843711972236633301e-02,-2.092488110065460205e-01,-3.502179816302941617e-02,5.522921681404113770e-02,-2.547736763954162598e-01,-4.121538013157532987e-02,1.935419440269470215e-02,-2.347121834754943848e-01,-1.163774955955432233e-02,4.996210336685180664e-03,-3.271644711494445801e-01,-2.884617581901238736e-02,-6.544262170791625977e-03,-3.830095231533050537e-01,-4.447146266636536893e-02,-1.721915602684020996e-02,-4.307520389556884766e-01,-5.535120651063607511e-02,-1.667401194572448730e-02,-2.307445108890533447e-01,-1.356970280346558866e-02,-3.172442317008972168e-02,-3.324463367462158203e-01,-2.839374117490933713e-02,-4.197517037391662598e-02,-3.969335258007049561e-01,-4.384486883816407499e-02,-4.993492364883422852e-02,-4.493717551231384277e-01,-5.487927928504632291e-02,-4.792365431785583496e-02,-2.124863862991333008e-01,-1.885350927648232755e-02,-6.156745553016662598e-02,-3.100767135620117188e-01,-3.318856418070481595e-02,-6.982803344726562500e-02,-3.725218474864959717e-01,-4.501628264722512540e-02,-7.619169354438781738e-02,-4.229552447795867920e-01,-5.283497780499146756e-02,-7.643595337867736816e-02,-1.807119250297546387e-01,-2.652070805368111905e-02,-8.662125468254089355e-02,-2.568943500518798828e-01,-3.973427921471284208e-02,-9.142628312110900879e-02,-3.064170479774475098e-01,-4.576654121217416105e-02,-9.563818573951721191e-02,-3.494934439659118652e-01,-4.910533264217065152e-02
0.000000000000000000e+00,0.000000000000000000e+00,0.000000000000000000e+00,5.370610952377319336e-02,-6.382548809051513672e-02,-2.197510864502305594e-02,8.162081241607666016e-02,-1.441826820373535156e-01,-2.882255356675500479e-02,7.832843065261840820e-02,-2.111618816852569580e-01,-3.478551957672948447e-02,5.411022901535034180e-02,-2.560498416423797607e-01,-4.054174873894567099e-02,1.938372850418090820e-02,-2.371730506420135498e-01,-9.988809227110095890e-03,4.826396703720092773e-03,-3.278504908084869385e-01,-2.682749483651036826e-02,-7.017791271209716797e-03,-3.829724192619323730e-01,-4.250746894544477072e-02,-1.783370971679687500e-02,-4.304723739624023438e-01,-5.351887945002431479e-02,-1.654016971588134766e-02,-2.333061695098876953e-01,-1.180177763021106330e-02,-3.244683146476745605e-02,-3.331746757030487061e-01,-2.627285499042386618e-02,-4.279059171676635742e-02,-3.968747854232788086e-01,-4.170798811978215781e-02,-5.039617419242858887e-02,-4.489133656024932861e-01,-5.276409465736264792e-02,-4.776719212532043457e-02,-2.148685753345489502e-01,-1.715749617582673636e-02,-6.186658143997192383e-02,-3.113975524902343750e-01,-3.141362521714086142e-02,-7.050976157188415527e-02,-3.733285069465637207e-01,-4.314786124891156760e-02,-7.698488235473632812e-02,-4.235821962356567383e-01,-5.085062537258977500e-02,-7.624480128288269043e-02,-1.828243136405944824e-01,-2.498308312064523307e-02,-8.678171038627624512e-02,-2.588649094104766846e-01,-3.808978874153012839e-02,-9.197068214416503906e-02,-3.081139326095581055e-01,-4.395073581403607932e-02,-9.652709960937500000e-02,-3.513059616088867188e-01,-4.713329974478597251e-02
0.000000000000000000e+00,0.000000000000000000e+00,0.000000000000000000e+00,5.402645468711853027e-02,-6.314194202423095703e-02,-2.302815850180195412e-02,8.282741904258728027e-02,-1.418158411979675293e-01,-3.073213334482716164e-02,8.054110407829284668e-02,-2.098605036735534668e-01,-3.739714893799828133e-02,5.712363123893737793e-02,-2.559509873390197754e-01,-4.377933117848442635e-02,2.033939957618713379e-02,-2.370776534080505371e-01,-1.073328397524164757e-02,6.158828735351562500e-03,-3.283447921276092529e-01,-2.788283947211311897e-02,-5.359232425689697266e-03,-3.834733963012695312e-01,-4.387656498056458076e-02,-1.582670211791992188e-02,-4.308987855911254883e-01,-5.513744700056122383e-02,-1.581862568855285645e-02,-2.336347103118896484e-01,-1.212082236361311516e-02,-3.107914328575134277e-02,-3.346966207027435303e-01,-2.687135051291988930e-02,-4.114460945129394531e-02,-3.985276818275451660e-01,-4.269733551245735725e-02,-4.852345585823059082e-02,-4.502371549606323242e-01,-5.405899781089829048e-02,-4.712721705436706543e-02,-2.152830958366394043e-01,-1.712768609922932228e-02,-6.071767210960388184e-02,-3.124960660934448242e-01,-3.176502037149475655e-02,-6.909596920013427734e-02,-3.747628629207611084e-01,-4.405268180471466621e-02,-7.531923055648803711e-02,-4.248481392860412598e-01,-5.215368318658875069e-02,-7.555052638053894043e-02,-1.830401420593261719e-01,-2.463496933978603920e-02,-8.554238080978393555e-02,-2.590064704418182373e-01,-3.817224401336716255e-02,-9.057348966598510742e-02,-3.080986142158508301e-01,-4.448491978746460518e-02,-9.511575102806091309e-02,-3.510375618934631348e-01,-4.800923067432449898e-02
0.000000000000000000e+00,0.000000000000000000e+00,0.000000000000000000e+00,5.359798669815063477e-02,-6.465375423431396484e-02,-2.176833334883099269e-02,8.122140169143676758e-02,-1.435998082160949707e-01,-2.886023927052860927e-02,7.860082387924194336e-02,-2.102665007114410400e-01,-3.516601208170300197e-02,5.570870637893676758e-02,-2.564561963081359863e-01,-4.138092133720761012e-02,1.918590068817138672e-02,-2.369209527969360352e-01,-1.047624550332670879e-02,4.993647336959838867e-03,-3.287062942981719971e-01,-2.757107462306862544e-02,-6.985932588577270508e-03,-3.842809200286865234e-01,-4.344227347095852565e-02,-1.814547181129455566e-02,-4.320823550224304199e-01,-5.462298724373226833e-02,-1.690843701362609863e-02,-2.333044409751892090e-01,-1.250626980831270885e-02,-3.196060657501220703e-02,-3.344535827636718750e-01,-2.727925028224831294e-02,-4.265856742858886719e-02,-3.985864520072937012e-01,-4.326086300929432582e-02,-5.084908008575439453e-02,-4.509668052196502686e-01,-5.478227693160420131e-02,-4.828602075576782227e-02,-2.149941623210906982e-01,-1.798558603545075130e-02,-6.152155995368957520e-02,-3.120504021644592285e-01,-3.244484025557881068e-02,-6.997051835060119629e-02,-3.744670450687408447e-01,-4.477746594270115565e-02,-7.659333944320678711e-02,-4.252789020538330078e-01,-5.303788739760761928e-02,-7.694709300994873047e-02,-1.826088428497314453e-01,-2.584873880763893794e-02,-8.684381842613220215e-02,-2.586932778358459473e-01,-3.914980772455578517e-02,-9.168195724487304688e-02,-3.079589009284973145e-01,-4.531808007081394862e-02,-9.610420465469360352e-02,-3.513870239257812500e-01,-4.882687139829045009e-02
0.000000000000000000e+00,0.000000000000000000e+00,0.000000000000000000e+00,5.373686552047729492e-02,-6.477397680282592773e-02,-2.249607347647497591e-02,8.195126056671142578e-02,-1.437847018241882324e-01,-2.991909251312563356e-02,7.865393161773681641e-02,-2.107357084751129150e-01,-3.644160085121939119e-02,5.459558963775634766e-02,-2.562805414199829102e-01,-4.285414793292829927e-02,1.895076036453247070e-02,-2.375436127185821533e-01,-1.099119052986452516e-02,4.322499036788940430e-03,-3.294959664344787598e-01,-2.821607232789347108e-02,-7.515102624893188477e-03,-3.848366737365722656e-01,-4.416703336636373933e-02,-1.857879757881164551e-02,-4.326251149177551270e-01,-5.533930190603086885e-02,-1.695919036865234375e-02,-2.331748306751251221e-01,-1.271808516929695543e-02,-3.218919038772583008e-02,-3.343530595302581787e-01,-2.756349087457010683e-02,-4.291364550590515137e-02,-3.983005285263061523e-01,-4.353585743109533723e-02,-5.111527442932128906e-02,-4.504336714744567871e-01,-5.499954052964994844e-02,-4.831233620643615723e-02,-2.144275903701782227e-01,-1.798161209325144227e-02,-6.209406256675720215e-02,-3.118059039115905762e-01,-3.264231138626882966e-02,-7.115450501441955566e-02,-3.739242255687713623e-01,-4.501032733122656282e-02,-7.803869247436523438e-02,-4.241092205047607422e-01,-5.311083697478125032e-02,-7.722061872482299805e-02,-1.821004748344421387e-01,-2.570128717223951753e-02,-8.760312199592590332e-02,-2.593489289283752441e-01,-3.920135923425505098e-02,-9.284722805023193359e-02,-3.086828589439392090e-01,-4.549363904396841463e-02,-9.749960899353027344e-02,-3.519555926322937012e-01,-4.896859355966398653e-02
0.000000000000000000e+00,0.000000000000000000e+00,0.000000000000000000e+00,5.446207523345947266e-02,-6.393760442733764648e-02,-2.271793826261614413e-02,8.277720212936401367e-02,-1.443808674812316895e-01,-2.951396859029387088e-02,7.935243844985961914e-02,-2.119288146495819092e-01,-3.534021458366964907e-02,5.562710762023925781e-02,-2.565880715847015381e-01,-4.102305552700613589e-02,1.940175890922546387e-02,-2.387416660785675049e-01,-9.895905356501089045e-03,4.251152276992797852e-03,-3.307802081108093262e-01,-2.656770354846571536e-02,-7.552325725555419922e-03,-3.863806724548339844e-01,-4.240378967264746279e-02,-1.843941211700439453e-02,-4.345686435699462891e-01,-5.358908927777861209e-02,-1.671949028968811035e-02,-2.334857881069183350e-01,-1.130394122341726870e-02,-3.243559598922729492e-02,-3.342108726501464844e-01,-2.554324685374353976e-02,-4.340365529060363770e-02,-3.980162143707275391e-01,-4.152767962554548831e-02,-5.172234773635864258e-02,-4.502175748348236084e-01,-5.311973622778509707e-02,-4.797524213790893555e-02,-2.144065797328948975e-01,-1.631292744318102450e-02,-6.127980351448059082e-02,-3.108823299407958984e-01,-3.048516667226408572e-02,-7.026869058609008789e-02,-3.728320896625518799e-01,-4.279491162637327761e-02,-7.717525959014892578e-02,-4.230508208274841309e-01,-5.092384896019552798e-02,-7.678875327110290527e-02,-1.820948719978332520e-01,-2.386365501919840426e-02,-8.676287531852722168e-02,-2.590218782424926758e-01,-3.697553879359816165e-02,-9.176981449127197266e-02,-3.080909550189971924e-01,-4.307384646276091189e-02,-9.628903865814208984e-02,-3.512032032012939453e-01,-4.646499684790228457e-02
0.000000000000000000e+00,0.000000000000000000e+00,0.000000000000000000e+00,5.349847674369812012e-02,-6.349319219589233398e-02,-2.310771726371285695e-02,8.168098330497741699e-02,-1.439362168312072754e-01,-3.029540784956452626e-02,7.780614495277404785e-02,-2.111889123916625977e-01,-3.635849103631016987e-02,5.401006340980529785e-02,-2.555570006370544434e-01,-4.218744904102322835e-02,1.849582791328430176e-02,-2.389062047004699707e-01,-1.091871269346711415e-02,3.684848546981811523e-03,-3.309694528579711914e-01,-2.766631216110226887e-02,-7.970839738845825195e-03,-3.861840963363647461e-01,-4.333197370470998067e-02,-1.892182230949401855e-02,-4.338031411170959473e-01,-5.425364196599957722e-02,-1.761183142662048340e-02,-2.336418628692626953e-01,-1.211363215298888463e-02,-3.278186917304992676e-02,-3.345978260040283203e-01,-2.624118186832902211e-02,-4.366797208786010742e-02,-3.982883691787719727e-01,-4.179456129969594258e-02,-5.214017629623413086e-02,-4.499310255050659180e-01,-5.301729262174603718e-02,-4.889503121376037598e-02,-2.144409716129302979e-01,-1.691493809522626179e-02,-6.204235553741455078e-02,-3.111006617546081543e-01,-3.076946594120499867e-02,-7.109344005584716797e-02,-3.729604184627532959e-01,-4.282926440538403767e-02,-7.815164327621459961e-02,-4.225527346134185791e-01,-5.077555448116299885e-02,-7.797405123710632324e-02,-1.820749640464782715e-01,-2.428447500170705098e-02,-8.783221244812011719e-02,-2.593538165092468262e-01,-3.711430028380391377e-02,-9.292152523994445801e-02,-3.087282776832580566e-01,-4.310646325649258870e-02,-9.752967953681945801e-02,-3.517521619796752930e-01,-4.638684585989949483e-02
0.000000000000000000e+00,0.000000000000000000e+00,0.000000000000000000e+00,5.395892262458801270e-02,-6.324744224548339844e-02,-2.311760649013194779e-02,8.173552155494689941e-02,-1.434196233749389648e-01,-3.015733972119960526e-02,7.824912667274475098e-02,-2.105287313461303711e-01,-3.612466618346843461e-02,5.591443181037902832e-02,-2.573649287223815918e-01,-4.185516476559314469e-02,1.885890960693359375e-02,-2.382079958915710449e-01,-1.118285857069167832e-02,3.972619771957397461e-03,-3.308183252811431885e-01,-2.815078474509391526e-02,-7.702738046646118164e-03,-3.864875733852386475e-01,-4.388161092924747209e-02,-1.869004964828491211e-02,-4.344542324542999268e-01,-5.488875225114497880e-02,-1.747819781303405762e-02,-2.332951426506042480e-01,-1.239178046512279252e-02,-3.267908096313476562e-02,-3.345928192138671875e-01,-2.695697076546821336e-02,-4.346659779548645020e-02,-3.986455202102661133e-01,-4.287804379987392167e-02,-5.167016386985778809e-02,-4.510494768619537354e-01,-5.434263586926135758e-02,-4.870736598968505859e-02,-2.143601775169372559e-01,-1.719268686997565965e-02,-6.209364533424377441e-02,-3.112871348857879639e-01,-3.155787378477725724e-02,-7.118806242942810059e-02,-3.733409643173217773e-01,-4.397438928413066606e-02,-7.818558812141418457e-02,-4.234338700771331787e-01,-5.213609799670848588e-02,-7.728692889213562012e-02,-1.819652915000915527e-01,-2.453347198593291978e-02,-8.723175525665283203e-02,-2.592915296554565430e-01,-3.790589883851680497e-02,-9.231433272361755371e-02,-3.089675605297088623e-01,-4.432493910121593217e-02,-9.676513075828552246e-02,-3.525367379188537598e-01,-4.788098201083812455e-02
0.000000000000000000e+00,0.000000000000000000e+00,0.000000000000000000e+00,5.375406146049499512e-02,-6.196963787078857422e-02,-2.404873755210701347e-02,8.169886469841003418e-02,-1.405609846115112305e-01,-3.154631827408138633e-02,7.847329974174499512e-02,-2.077238559722900391e-01,-3.783861671024624229e-02,5.634543299674987793e-02,-2.556538879871368408e-01,-4.385163758331600548e-02,1.921176910400390625e-02,-2.361207604408264160e-01,-1.185222000265184761e-02,5.001664161682128906e-03,-3.289233446121215820e-01,-2.921031166249576927e-02,-6.538420915603637695e-03,-3.845968246459960938e-01,-4.521924008065525413e-02,-1.754525303840637207e-02,-4.327995181083679199e-01,-5.636343855792347313e-02,-1.685753464698791504e-02,-2.318035960197448730e-01,-1.260462060952249885e-02,-3.169637918472290039e-02,-3.331338763236999512e-01,-2.738953691357437492e-02,-4.274028539657592773e-02,-3.970237970352172852e-01,-4.341708247000042320e-02,-5.121037364006042480e-02,-4.492566585540771484e-01,-5.497501541310612083e-02,-4.779380559921264648e-02,-2.133938968181610107e-01,-1.706335258120361686e-02,-6.089869141578674316e-02,-3.100990056991577148e-01,-3.160506610208813072e-02,-7.003968954086303711e-02,-3.721359372138977051e-01,-4.406025756532017112e-02,-7.711696624755859375e-02,-4.219537377357482910e-01,-5.220040057236019493e-02,-7.611018419265747070e-02,-1.814717054367065430e-01,-2.415424894923035026e-02,-8.594420552253723145e-02,-2.584048807621002197e-01,-3.759114940100971580e-02,-9.135025739669799805e-02,-3.079671263694763184e-01,-4.401181389027897239e-02,-9.631273150444030762e-02,-3.512201309204101562e-01,-4.755431536966625572e-02
0.000000000000000000e+00,0.000000000000000000e+00,0.000000000000000000e+00,5.355072021484375000e-02,-6.293982267379760742e-02,-2.360942894262052505e-02,8.078682422637939453e-02,-1.414563059806823730e-01,-3.136329101067758529e-02,7.764410972595214844e-02,-2.076995372772216797e-01,-3.805691869598604171e-02,5.543547868728637695e-02,-2.549385428428649902e-01,-4.455374674540735214e-02,1.832693815231323242e-02,-2.363404035568237305e-01,-1.235141725879884689e-02,4.237264394760131836e-03,-3.283185362815856934e-01,-3.017894671899057357e-02,-7.192552089691162109e-03,-3.841819763183593750e-01,-4.652615012270189254e-02,-1.821166276931762695e-02,-4.329031407833099365e-01,-5.795473726135469406e-02,-1.773813366889953613e-02,-2.317154705524444580e-01,-1.370369949978567092e-02,-3.248697519302368164e-02,-3.325136303901672363e-01,-2.900416152220941512e-02,-4.345837235450744629e-02,-3.970118761062622070e-01,-4.526374982339120834e-02,-5.214077234268188477e-02,-4.501803517341613770e-01,-5.697294072848535507e-02,-4.882866144180297852e-02,-2.127393782138824463e-01,-1.868776725274301498e-02,-6.193184852600097656e-02,-3.095088601112365723e-01,-3.361155958515382736e-02,-7.100078463554382324e-02,-3.720174431800842285e-01,-4.610308007937646835e-02,-7.818949222564697266e-02,-4.228488206863403320e-01,-5.425842227083421676e-02,-7.733801007270812988e-02,-1.803029775619506836e-01,-2.626709201973653762e-02,-8.712077140808105469e-02,-2.571747004985809326e-01,-4.006724552851892440e-02,-9.221056103706359863e-02,-3.071570098400115967e-01,-4.659555228096223800e-02,-9.677341580390930176e-02,-3.509502410888671875e-01,-5.019409330230928390e-02
0.000000000000000000e+00,0.000000000000000000e+00,0.000000000000000000e+00,5.303376913070678711e-02,-6.218504905700683594e-02,-2.244099741236027512e-02,8.005458116531372070e-02,-1.409420371055603027e-01,-2.970618521229084763e-02,7.757294178009033203e-02,-2.070864737033843994e-01,-3.605970134393032822e-02,5.566185712814331055e-02,-2.540346682071685791e-01,-4.220946272269543442e-02,1.881754398345947266e-02,-2.352163791656494141e-01,-1.181712792620714936e-02,4.841983318328857422e-03,-3.268318474292755127e-01,-2.928425324515160355e-02,-6.399989128112792969e-03,-3.823572993278503418e-01,-4.519850154773052964e-02,-1.700305938720703125e-02,-4.305011034011840820e-01,-5.627030273333843979e-02,-1.705822348594665527e-02,-2.314110100269317627e-01,-1.363063277111109528e-02,-3.204226493835449219e-02,-3.326264917850494385e-01,-2.851030742183979783e-02,-4.277405142784118652e-02,-3.969458043575286865e-01,-4.416860034123715195e-02,-5.111908912658691406e-02,-4.497103095054626465e-01,-5.540805821672734055e-02,-4.813954234123229980e-02,-2.130283415317535400e-01,-1.894370978132542405e-02,-6.170171499252319336e-02,-3.099280297756195068e-01,-3.338179876462277207e-02,-7.067000865936279297e-02,-3.721441328525543213e-01,-4.533475031510647568e-02,-7.755705714225769043e-02,-4.226029515266418457e-01,-5.319876735464390549e-02,-7.676497101783752441e-02,-1.810504794120788574e-01,-2.676977170065697464e-02,-8.684471249580383301e-02,-2.571488022804260254e-01,-4.002996300712879929e-02,-9.184229373931884766e-02,-3.067336082458496094e-01,-4.609199752465542588e-02,-9.614628553390502930e-02,-3.500172495841979980e-01,-4.942443733469303879e-02
0.000000000000000000e+00,0.000000000000000000e+00,0.000000000000000000e+00,5.403366684913635254e-02,-6.317985057830810547e-02,-2.220532078746373372e-02,8.093020319938659668e-02,-1.407316923141479492e-01,-2.943114903274590688e-02,7.806620001792907715e-02,-2.069475352764129639e-01,-3.587415781322533803e-02,5.641195178031921387e-02,-2.532380819320678711e-01,-4.221788760725075917e-02,1.870194077491760254e-02,-2.354470491409301758e-01,-1.108698327544743734e-02,4.765987396240234375e-03,-3.275033235549926758e-01,-2.828222293857152181e-02,-6.635427474975585938e-03,-3.832258880138397217e-01,-4.417721894088799672e-02,-1.770117878913879395e-02,-4.312064051628112793e-01,-5.529658090773637014e-02,-1.698061823844909668e-02,-2.309885621070861816e-01,-1.290652309063489156e-02,-3.182679414749145508e-02,-3.322059214115142822e-01,-2.770294215980584340e-02,-4.289007186889648438e-02,-3.962913751602172852e-01,-4.357958924475724416e-02,-5.175077915191650391e-02,-4.483949840068817139e-01,-5.498925563398415761e-02,-4.791346192359924316e-02,-2.121959328651428223e-01,-1.820827987495476918e-02,-6.139844655990600586e-02,-3.094025552272796631e-01,-3.268772330585534291e-02,-7.056272029876708984e-02,-3.715002834796905518e-01,-4.488150742355401235e-02,-7.786777615547180176e-02,-4.213819503784179688e-01,-5.286493491831834035e-02,-7.637128233909606934e-02,-1.799669861793518066e-01,-2.596340481642300801e-02,-8.650410175323486328e-02,-2.567650079727172852e-01,-3.941930052343423085e-02,-9.165468811988830566e-02,-3.065456748008728027e-01,-4.564695772234017568e-02,-9.621995687484741211e-02,-3.498045504093170166e-01,-4.903211411539132314e-02
0.000000000000000000e+00,0.000000000000000000e+00,0.000000000000000000e+00,5.336636304855346680e-02,-6.224155426025390625e-02,-2.200165006212273511e-02,7.984668016433715820e-02,-1.406524777412414551e-01,-2.897462609104195508e-02,7.662153244018554688e-02,-2.070180177688598633e-01,-3.506949904254952344e-02,5.519789457321166992e-02,-2.532488703727722168e-01,-4.101346048406639966e-02,1.808023452758789062e-02,-2.352593541145324707e-01,-1.128273258797207745e-02,3.938108682632446289e-03,-3.269359469413757324e-01,-2.824236067823449048e-02,-7.537662982940673828e-03,-3.822594285011291504e-01,-4.382140549711266431e-02,-1.855269074440002441e-02,-4.301263689994812012e-01,-5.474302532962838086e-02,-1.763284206390380859e-02,-2.309058904647827148e-01,-1.307452644101658734e-02,-3.260797262191772461e-02,-3.318923711776733398e-01,-2.749581622771302136e-02,-4.334402084350585938e-02,-3.959100842475891113e-01,-4.281130420855561169e-02,-5.185583233833312988e-02,-4.481601715087890625e-01,-5.386866616896668347e-02,-4.833400249481201172e-02,-2.120887339115142822e-01,-1.830977375499287518e-02,-6.207880377769470215e-02,-3.088148236274719238e-01,-3.240589040211716565e-02,-7.097589969635009766e-02,-3.707657456398010254e-01,-4.414304706148186597e-02,-7.801440358161926270e-02,-4.208637475967407227e-01,-5.190056177667656812e-02,-7.639214396476745605e-02,-1.796309351921081543e-01,-2.600618067077675732e-02,-8.697324991226196289e-02,-2.558142840862274170e-01,-3.918468567422905835e-02,-9.213626384735107422e-02,-3.055738210678100586e-01,-4.523117455534020337e-02,-9.667161107063293457e-02,-3.491082787513732910e-01,-4.856207954577484998e-02
0.000000000000000000e+00,0.000000000000000000e+00,0.000000000000000000e+00,5.277866125106811523e-02,-6.286257505416870117e-02,-2.298485211332490508e-02,8.008694648742675781e-02,-1.408200860023498535e-01,-3.064956053395917479e-02,7.729291915893554688e-02,-2.073571681976318359e-01,-3.727453856964757506e-02,5.573111772537231445e-02,-2.544777393341064453e-01,-4.364183082481076781e-02,1.799133419990539551e-02,-2.360937297344207764e-01,-1.183260607768943373e-02,3.761559724807739258e-03,-3.276295661926269531e-01,-2.919765471716573302e-02,-7.562249898910522461e-03,-3.829455971717834473e-01,-4.510331808825185362e-02,-1.816487312316894531e-02,-4.309048950672149658e-01,-5.619665890236547057e-02,-1.764699816703796387e-02,-2.314219474792480469e-01,-1.326421744425942961e-02,-3.253400325775146484e-02,-3.320324718952178955e-01,-2.817367113431146208e-02,-4.307308793067932129e-02,-3.962321281433105469e-01,-4.383781462212255065e-02,-5.114880204200744629e-02,-4.487807750701904297e-01,-5.504830464025189940e-02,-4.835066199302673340e-02,-2.125079333782196045e-01,-1.826197563906362120e-02,-6.222763657569885254e-02,-3.093131482601165771e-01,-3.294350116749455992e-02,-7.142785191535949707e-02,-3.713622987270355225e-01,-4.493190258045842711e-02,-7.837852835655212402e-02,-4.213255643844604492e-01,-5.266227110524823729e-02,-7.636582851409912109e-02,-1.803363561630249023e-01,-2.578886321981599394e-02,-8.700609207153320312e-02,-2.565517425537109375e-01,-3.938702403803517882e-02,-9.223115444183349609e-02,-3.065841794013977051e-01,-4.571644871731450621e-02,-9.648242592811584473e-02,-3.504084944725036621e-01,-4.911323546667745177e-02
0.000000000000000000e+00,0.000000000000000000e+00,0.000000000000000000e+00,5.321243405342102051e-02,-6.268751621246337891e-02,-2.261125134819508276e-02,8.083233237266540527e-02,-1.406667232513427734e-01,-3.018337140375138006e-02,7.851931452751159668e-02,-2.071851491928100586e-01,-3.681882123046875677e-02,5.653145909309387207e-02,-2.542400658130645752e-01,-4.327223474675179204e-02,1.845923066139221191e-02,-2.341442704200744629e-01,-1.215019008660078725e-02,4.553914070129394531e-03,-3.256074786186218262e-01,-2.961278172725201330e-02,-6.720036268234252930e-03,-3.808003664016723633e-01,-4.544133345180512151e-02,-1.749742031097412109e-02,-4.284791946411132812e-01,-5.642873818570137701e-02,-1.713529229164123535e-02,-2.303785979747772217e-01,-1.386857709431410512e-02,-3.160059452056884766e-02,-3.315041363239288330e-01,-2.889856348329544744e-02,-4.236832261085510254e-02,-3.955751061439514160e-01,-4.456316331916809759e-02,-5.088141560554504395e-02,-4.477975368499755859e-01,-5.573255220943451604e-02,-4.799532890319824219e-02,-2.121164500713348389e-01,-1.907711687081814489e-02,-6.154048442840576172e-02,-3.092141449451446533e-01,-3.362130398446083746e-02,-7.053434848785400391e-02,-3.709303140640258789e-01,-4.556062097245217046e-02,-7.742267847061157227e-02,-4.204310774803161621e-01,-5.333295116716385564e-02,-7.642674446105957031e-02,-1.805536746978759766e-01,-2.678109357648850164e-02,-8.651646971702575684e-02,-2.569085955619812012e-01,-4.008761073046684942e-02,-9.135916829109191895e-02,-3.064928054809570312e-01,-4.621539289647103033e-02,-9.531942009925842285e-02,-3.496888279914855957e-01,-4.954658100896836004e-02
0.000000000000000000e+00,0.000000000000000000e+00,0.000000000000000000e+00,5.305266380310058594e-02,-6.256729364395141602e-02,-2.329620021475875546e-02,8.022624254226684570e-02,-1.401109695434570312e-01,-3.105360317124450376e-02,7.735234498977661133e-02,-2.065946459770202637e-01,-3.775571147991740872e-02,5.492758750915527344e-02,-2.540071904659271240e-01,-4.427943985058391263e-02,1.833930611610412598e-02,-2.334781289100646973e-01,-1.259087632490718534e-02,4.675269126892089844e-03,-3.256803750991821289e-01,-3.036796721710288693e-02,-6.700664758682250977e-03,-3.813418745994567871e-01,-4.648684571577632596e-02,-1.773667335510253906e-02,-4.293884038925170898e-01,-5.762154097749316861e-02,-1.702648401260375977e-02,-2.291420400142669678e-01,-1.395861013872945477e-02,-3.139752149581909180e-02,-3.306290805339813232e-01,-2.912482294334495236e-02,-4.204171895980834961e-02,-3.948570489883422852e-01,-4.493645439936244657e-02,-5.052566528320312500e-02,-4.471598863601684570e-01,-5.625949288798892667e-02,-4.775232076644897461e-02,-2.107070088386535645e-01,-1.891609328879440000e-02,-6.089508533477783203e-02,-3.078033626079559326e-01,-3.367328132583224942e-02,-6.952756643295288086e-02,-3.698702454566955566e-01,-4.577797885133350064e-02,-7.631799578666687012e-02,-4.195954799652099609e-01,-5.365217710925662686e-02,-7.610499858856201172e-02,-1.790203452110290527e-01,-2.642659704281413724e-02,-8.604890108108520508e-02,-2.554608583450317383e-01,-4.003207991911494901e-02,-9.112730622291564941e-02,-3.050265312194824219e-01,-4.630167643620097806e-02,-9.580266475677490234e-02,-3.481739759445190430e-01,-4.972486804319942166e-02
0.000000000000000000e+00,0.000000000000000000e+00,0.000000000000000000e+00,5.347982048988342285e-02,-6.293159723281860352e-02,-2.200406302122814850e-02,8.002081513404846191e-02,-1.423446536064147949e-01,-2.874847200124008850e-02,7.651594281196594238e-02,-2.089937925338745117e-01,-3.457109142451031403e-02,5.290189385414123535e-02,-2.546257972717285156e-01,-4.030052457360966400e-02,1.762306690216064453e-02,-2.338314056396484375e-01,-1.163167298196299271e-02,3.902792930603027344e-03,-3.263955712318420410e-01,-2.880083095638497070e-02,-7.256150245666503906e-03,-3.823397159576416016e-01,-4.439724121598942475e-02,-1.809754967689514160e-02,-4.303342401981353760e-01,-5.519594509510739044e-02,-1.769477128982543945e-02,-2.297062575817108154e-01,-1.331339754520399765e-02,-3.225883841514587402e-02,-3.313189744949340820e-01,-2.794062789885742859e-02,-4.289603233337402344e-02,-3.956731259822845459e-01,-4.332091544179661469e-02,-5.135804414749145508e-02,-4.477142095565795898e-01,-5.430780981092198090e-02,-4.846531152725219727e-02,-2.115052938461303711e-01,-1.842008043436749176e-02,-6.194522976875305176e-02,-3.089107275009155273e-01,-3.264840949682934479e-02,-7.075485587120056152e-02,-3.710736036300659180e-01,-4.449666548876507477e-02,-7.763257622718811035e-02,-4.207617044448852539e-01,-5.221585441736920075e-02,-7.697257399559020996e-02,-1.801685094833374023e-01,-2.595508542268021301e-02,-8.723667263984680176e-02,-2.571456432342529297e-01,-3.921591747908337311e-02,-9.239259362220764160e-02,-3.068428039550781250e-01,-4.531405378489239411e-02,-9.692466259002685547e-02,-3.499391078948974609e-01,-4.859206337837917999e-02
0.000000000000000000e+00,0.000000000000000000e+00,0.000000000000000000e+00,5.297905206680297852e-02,-6.380957365036010742e-02,-2.204758641531157082e-02,7.841253280639648438e-02,-1.436985731124877930e-01,-2.883032676984953468e-02,7.422012090682983398e-02,-2.099887430667877197e-01,-3.475958635320353096e-02,5.206733942031860352e-02,-2.573752105236053467e-01,-4.052499463071512764e-02,1.656892895698547363e-02,-2.360172867774963379e-01,-1.093780775775599068e-02,2.234041690826416016e-03,-3.280444741249084473e-01,-2.815485713293242043e-02,-9.215205907821655273e-03,-3.838336467742919922e-01,-4.392487709631609505e-02,-2.036580443382263184e-02,-4.319418966770172119e-01,-5.486431126703905647e-02,-1.905673742294311523e-02,-2.317780554294586182e-01,-1.272089747001814430e-02,-3.385853767395019531e-02,-3.327628970146179199e-01,-2.749191005935358589e-02,-4.433009028434753418e-02,-3.971899449825286865e-01,-4.303083722700762337e-02,-5.264163017272949219e-02,-4.496862292289733887e-01,-5.406024088372873848e-02,-4.996547102928161621e-02,-2.132743000984191895e-01,-1.802771506120848244e-02,-6.360280513763427734e-02,-3.103975355625152588e-01,-3.245434691419291084e-02,-7.241830229759216309e-02,-3.725333213806152344e-01,-4.431717996706652229e-02,-7.937234640121459961e-02,-4.225602149963378906e-01,-5.193220977892565315e-02,-7.835522294044494629e-02,-1.814223527908325195e-01,-2.578534153511213844e-02,-8.865380287170410156e-02,-2.586921453475952148e-01,-3.917592545261072701e-02,-9.383744001388549805e-02,-3.085286319255828857e-01,-4.526401092519449776e-02,-9.829884767532348633e-02,-3.518814146518707275e-01,-4.843540643562960213e-02
0.000000000000000000e+00,0.000000000000000000e+00,0.000000000000000000e+00,5.261179804801940918e-02,-6.432861089706420898e-02,-2.216016954795918537e-02,7.869192957878112793e-02,-1.435396075248718262e-01,-2.946030429617962909e-02,7.530352473258972168e-02,-2.101091146469116211e-01,-3.588301955775818897e-02,5.230250954627990723e-02,-2.566674947738647461e-01,-4.225514723972878528e-02,1.678681373596191406e-02,-2.352461814880371094e-01,-1.267296250031790805e-02,3.002911806106567383e-03,-3.281207084655761719e-01,-3.053941472487053943e-02,-8.264333009719848633e-03,-3.841879367828369141e-01,-4.655379324273667407e-02,-1.935288310050964355e-02,-4.325988292694091797e-01,-5.763322382287583423e-02,-1.885309815406799316e-02,-2.308447957038879395e-01,-1.473525899515948367e-02,-3.337317705154418945e-02,-3.331693410873413086e-01,-3.011986508087716174e-02,-4.410448670387268066e-02,-3.980621397495269775e-01,-4.587932570890984607e-02,-5.275884270668029785e-02,-4.508776068687438965e-01,-5.706074356154999805e-02,-4.983377456665039062e-02,-2.120908498764038086e-01,-2.022417157010636402e-02,-6.350910663604736328e-02,-3.104630410671234131e-01,-3.505758090929589343e-02,-7.231953740119934082e-02,-3.732067048549652100e-01,-4.699733375625214649e-02,-7.900571823120117188e-02,-4.236299991607666016e-01,-5.471448495106301380e-02,-7.817476987838745117e-02,-1.801906824111938477e-01,-2.815968624369702411e-02,-8.866935968399047852e-02,-2.574884295463562012e-01,-4.183463274554810596e-02,-9.340471029281616211e-02,-3.078241944313049316e-01,-4.799055575446686817e-02,-9.704911708831787109e-02,-3.517924249172210693e-01,-5.126479162888131214e-02
0.000000000000000000e+00,0.000000000000000000e+00,0.000000000000000000e+00,5.120235681533813477e-02,-6.354176998138427734e-02,-2.285209929516440752e-02,7.700669765472412109e-02,-1.428176760673522949e-01,-3.060223421027785662e-02,7.485920190811157227e-02,-2.106059491634368896e-01,-3.727558700313693407e-02,5.246347188949584961e-02,-2.583131790161132812e-01,-4.379449484815722826e-02,1.602682471275329590e-02,-2.376275658607482910e-01,-1.300127411207085970e-02,2.477198839187622070e-03,-3.298585414886474609e-01,-3.093613756766444567e-02,-9.161919355392456055e-03,-3.856177926063537598e-01,-4.720023719539767626e-02,-2.083915472030639648e-02,-4.340453147888183594e-01,-5.857525093426829699e-02,-1.943361759185791016e-02,-2.331787943840026855e-01,-1.483077162822610262e-02,-3.377634286880493164e-02,-3.348755836486816406e-01,-3.028574099710112932e-02,-4.451093077659606934e-02,-3.994790911674499512e-01,-4.600154308548098925e-02,-5.351042747497558594e-02,-4.523076415061950684e-01,-5.719055307974940661e-02,-5.019554495811462402e-02,-2.136833071708679199e-01,-2.016124760677939776e-02,-6.407326459884643555e-02,-3.116444051265716553e-01,-3.522731436362391833e-02,-7.294765114784240723e-02,-3.742705285549163818e-01,-4.700571371188289049e-02,-8.004003763198852539e-02,-4.252559244632720947e-01,-5.463469473590976122e-02,-7.828438282012939453e-02,-1.806016564369201660e-01,-2.800323141684657458e-02,-8.881247043609619141e-02,-2.572908401489257812e-01,-4.205972401371127489e-02,-9.366190433502197266e-02,-3.076978921890258789e-01,-4.830467028489238146e-02,-9.753644466400146484e-02,-3.524028062820434570e-01,-5.162122918238765124e-02
0.000000000000000000e+00,0.000000000000000000e+00,0.000000000000000000e+00,5.300280451774597168e-02,-6.275141239166259766e-02,-2.283839577248159003e-02,7.965907454490661621e-02,-1.427707672119140625e-01,-3.036077575197282385e-02,7.611122727394104004e-02,-2.103988528251647949e-01,-3.681890921106401038e-02,5.276176333427429199e-02,-2.571752667427062988e-01,-4.313145460000100684e-02,1.723727583885192871e-02,-2.363289296627044678e-01,-1.298402876963677954e-02,3.722637891769409180e-03,-3.290861248970031738e-01,-3.074549951961103034e-02,-7.872343063354492188e-03,-3.847440481185913086e-01,-4.678350196590486121e-02,-1.932787895202636719e-02,-4.329656064510345459e-01,-5.797785775175157141e-02,-1.845180988311767578e-02,-2.320487797260284424e-01,-1.459701148232284140e-02,-3.299012780189514160e-02,-3.342808485031127930e-01,-2.981968478670182776e-02,-4.402557015419006348e-02,-3.987140059471130371e-01,-4.553032176008287024e-02,-5.308291316032409668e-02,-4.516101479530334473e-01,-5.680603416075769019e-02,-4.927536845207214355e-02,-2.133504748344421387e-01,-1.967714236488404822e-02,-6.277972459793090820e-02,-3.113624453544616699e-01,-3.450389833560052466e-02,-7.168081402778625488e-02,-3.736279606819152832e-01,-4.645019279232087683e-02,-7.887783646583557129e-02,-4.240451753139495850e-01,-5.429008857717576575e-02,-7.720583677291870117e-02,-1.812724471092224121e-01,-2.725040608456197333e-02,-8.737602829933166504e-02,-2.578575015068054199e-01,-4.092247666230264258e-02,-9.240669012069702148e-02,-3.075264096260070801e-01,-4.711282135357919287e-02,-9.688672423362731934e-02,-3.511275053024291992e-01,-5.052022890558305335e-02
0.000000000000000000e+00,0.000000000000000000e+00,0.000000000000000000e+00,5.234795808792114258e-02,-6.269437074661254883e-02,-2.279697748159037474e-02,7.850033044815063477e-02,-1.422088146209716797e-01,-3.019216673706637266e-02,7.517814636230468750e-02,-2.100267112255096436e-01,-3.654314780865774992e-02,5.241388082504272461e-02,-2.576825618743896484e-01,-4.267594049011336210e-02,1.676097512245178223e-02,-2.363860607147216797e-01,-1.246373931203947905e-02,2.662539482116699219e-03,-3.290127813816070557e-01,-3.007790463303194883e-02,-9.146064519882202148e-03,-3.848441839218139648e-01,-4.604449698959456327e-02,-2.085515856742858887e-02,-4.330883026123046875e-01,-5.715900862847433928e-02,-1.853746175765991211e-02,-2.326885163784027100e-01,-1.412750331942902449e-02,-3.351032733917236328e-02,-3.351655900478363037e-01,-2.920990826820002439e-02,-4.447162151336669922e-02,-4.000498056411743164e-01,-4.474761540328131559e-02,-5.348175764083862305e-02,-4.530592560768127441e-01,-5.585493723188506010e-02,-4.926598072052001953e-02,-2.143133282661437988e-01,-1.931802572940455320e-02,-6.348681449890136719e-02,-3.122646510601043701e-01,-3.408375958238707426e-02,-7.259431481361389160e-02,-3.746605515480041504e-01,-4.595293680463896635e-02,-8.004310727119445801e-02,-4.250405430793762207e-01,-5.368263105188475492e-02,-7.752445340156555176e-02,-1.822485327720642090e-01,-2.701678516601191404e-02,-8.797371387481689453e-02,-2.589653432369232178e-01,-4.078421572481261137e-02,-9.343683719635009766e-02,-3.087930679321289062e-01,-4.698867181573973539e-02,-9.845125675201416016e-02,-3.524546921253204346e-01,-5.033472383652792814e-02
0.000000000000000000e+00,0.000000000000000000e+00,0.000000000000000000e+00,5.199843645095825195e-02,-6.496787071228027344e-02,-2.227191758126423338e-02,7.785636186599731445e-02,-1.453679800033569336e-01,-2.967535276681587675e-02,7.369053363800048828e-02,-2.118839025497436523e-01,-3.613427971274063566e-02,5.008232593536376953e-02,-2.590544819831848145e-01,-4.254527707368538358e-02,1.550626754760742188e-02,-2.367159128189086914e-01,-1.308674030721590498e-02,1.427054405212402344e-03,-3.295730650424957275e-01,-3.119386304885551908e-02,-1.029500365257263184e-02,-3.856503367424011230e-01,-4.734741096169159391e-02,-2.173972129821777344e-02,-4.342470765113830566e-01,-5.848907996684715727e-02,-1.954090595245361328e-02,-2.320261001586914062e-01,-1.519372631580040434e-02,-3.452104330062866211e-02,-3.347654938697814941e-01,-3.064531032711670377e-02,-4.551225900650024414e-02,-4.001722335815429688e-01,-4.632522110611603239e-02,-5.453339219093322754e-02,-4.539189338684082031e-01,-5.752235968381569364e-02,-5.007621645927429199e-02,-2.130689918994903564e-01,-2.072725203603908994e-02,-6.392776966094970703e-02,-3.114044666290283203e-01,-3.571763952047035673e-02,-7.318344712257385254e-02,-3.744430840015411377e-01,-4.752111379772827604e-02,-8.071267604827880859e-02,-4.256743192672729492e-01,-5.517833997279808500e-02,-7.833659648895263672e-02,-1.805909276008605957e-01,-2.869891878933117368e-02,-8.910956978797912598e-02,-2.575714588165283203e-01,-4.258308877021477201e-02,-9.436091780662536621e-02,-3.081191182136535645e-01,-4.868028630286858061e-02,-9.894528985023498535e-02,-3.524350523948669434e-01,-5.191125665575668791e-02
0.000000000000000000e+00,0.000000000000000000e+00,0.000000000000000000e+00,5.263516306877136230e-02,-6.431615352630615234e-02,-2.288843498931214526e-02,7.906094193458557129e-02,-1.433585882186889648e-01,-3.080407151387021258e-02,7.566741108894348145e-02,-2.107563316822052002e-01,-3.771908202574536517e-02,5.176857113838195801e-02,-2.576279044151306152e-01,-4.454160475538060382e-02,1.652249693870544434e-02,-2.358764111995697021e-01,-1.317351212159678653e-02,2.922564744949340820e-03,-3.289780020713806152e-01,-3.129140281484410480e-02,-8.321672677993774414e-03,-3.849110007286071777e-01,-4.754585021541402057e-02,-1.935946941375732422e-02,-4.333232045173645020e-01,-5.878518515632435992e-02,-1.905578374862670898e-02,-2.313228547573089600e-01,-1.497134467021510318e-02,-3.390216827392578125e-02,-3.341349065303802490e-01,-3.045136475370213702e-02,-4.494696855545043945e-02,-3.988577127456665039e-01,-4.622582340047642901e-02,-5.391940474510192871e-02,-4.515302479267120361e-01,-5.750611790821835712e-02,-5.003011226654052734e-02,-2.123323380947113037e-01,-2.026985952065274432e-02,-6.368103623390197754e-02,-3.110232651233673096e-01,-3.528422483609006122e-02,-7.278159260749816895e-02,-3.740747869014739990e-01,-4.720154398486897662e-02,-7.984295487403869629e-02,-4.248255491256713867e-01,-5.497119197056576922e-02,-7.845777273178100586e-02,-1.800084710121154785e-01,-2.805663452849671557e-02,-8.880421519279479980e-02,-2.568709552288055420e-01,-4.192459577129170611e-02,-9.384956955909729004e-02,-3.072101473808288574e-01,-4.805888974473759845e-02,-9.815791249275207520e-02,-3.511149883270263672e-01,-5.135409900353238299e-02
0.000000000000000000e+00,0.000000000000000000e+00,0.000000000000000000e+00,5.351334810256958008e-02,-6.312978267669677734e-02,-2.218604964622272746e-02,7.959175109863281250e-02,-1.435893177986145020e-01,-2.914071959861530559e-02,7.517814636230468750e-02,-2.102965414524078369e-01,-3.510911335655464427e-02,5.227160453796386719e-02,-2.568789422512054443e-01,-4.091120456763519542e-02,1.679188013076782227e-02,-2.371037304401397705e-01,-1.164902412750734584e-02,2.449333667755126953e-03,-3.295610547065734863e-01,-2.883084995158924357e-02,-9.166151285171508789e-03,-3.851257860660552979e-01,-4.441215415903343455e-02,-2.037832140922546387e-02,-4.327360093593597412e-01,-5.519863536068214671e-02,-1.866966485977172852e-02,-2.323494851589202881e-01,-1.336300225415243403e-02,-3.394529223442077637e-02,-3.345021307468414307e-01,-2.803025153883709208e-02,-4.471591114997863770e-02,-3.989101648330688477e-01,-4.322371577330841319e-02,-5.344203114509582520e-02,-4.511984586715698242e-01,-5.406880696722282664e-02,-4.936414957046508789e-02,-2.134243547916412354e-01,-1.857530643650306956e-02,-6.327879428863525391e-02,-3.111532628536224365e-01,-3.292301242657913463e-02,-7.227170467376708984e-02,-3.734379410743713379e-01,-4.455817063757194774e-02,-7.951456308364868164e-02,-4.236742258071899414e-01,-5.213620086618675487e-02,-7.760477066040039062e-02,-1.811211109161376953e-01,-2.622919661411060588e-02,-8.809193968772888184e-02,-2.576352655887603760e-01,-3.960692455478920238e-02,-9.317433834075927734e-02,-3.075484335422515869e-01,-4.562660997220291392e-02,-9.753045439720153809e-02,-3.513456583023071289e-01,-4.885518496342911021e-02
0.000000000000000000e+00,0.000000000000000000e+00,0.000000000000000000e+00,5.297642946243286133e-02,-6.428486108779907227e-02,-2.286706368781210585e-02,7.997769117355346680e-02,-1.451753973960876465e-01,-2.978507492102266951e-02,7.626998424530029297e-02,-2.134627997875213623e-01,-3.569004561163069411e-02,5.250394344329833984e-02,-2.602984011173248291e-01,-4.157024125910879775e-02,1.853397488594055176e-02,-2.352871000766754150e-01,-1.170724134303213759e-02,4.950165748596191406e-03,-3.268428742885589600e-01,-2.934166851795794173e-02,-6.603777408599853516e-03,-3.819473385810852051e-01,-4.540832962251784011e-02,-1.773571968078613281e-02,-4.295350909233093262e-01,-5.661125730134131118e-02,-1.700448989868164062e-02,-2.315471470355987549e-01,-1.338696356273771926e-02,-3.186714649200439453e-02,-3.332812488079071045e-01,-2.881378370679499312e-02,-4.267078638076782227e-02,-3.979579806327819824e-01,-4.483436297036291762e-02,-5.130347609519958496e-02,-4.514450430870056152e-01,-5.627893905497671767e-02,-4.786220192909240723e-02,-2.132825255393981934e-01,-1.866318161941649123e-02,-6.132537126541137695e-02,-3.111206293106079102e-01,-3.399478520609022780e-02,-7.038974761962890625e-02,-3.740418553352355957e-01,-4.639810200191618605e-02,-7.768213748931884766e-02,-4.253574609756469727e-01,-5.443969617940069838e-02,-7.634085416793823242e-02,-1.812478899955749512e-01,-2.641796383417727156e-02,-8.671256899833679199e-02,-2.582153081893920898e-01,-4.056484128690840407e-02,-9.179663658142089844e-02,-3.086619377136230469e-01,-4.702653612352492019e-02,-9.630674123764038086e-02,-3.530998826026916504e-01,-5.059763665653349562e-02
0.000000000000000000e+00,0.000000000000000000e+00,0.000000000000000000e+00,5.203163623809814453e-02,-6.490594148635864258e-02,-2.262122054415272032e-02,7.822209596633911133e-02,-1.443051099777221680e-01,-3.018993009644077574e-02,7.384431362152099609e-02,-2.114679813385009766e-01,-3.679232914763019835e-02,4.954898357391357422e-02,-2.581354677677154541e-01,-4.318715129809902464e-02,1.428082585334777832e-02,-2.370212674140930176e-01,-1.122587789612339293e-02,-4.646778106689453125e-04,-3.290435373783111572e-01,-2.872115057724045073e-02,-1.204708218574523926e-02,-3.846918046474456787e-01,-4.469513018446491515e-02,-2.272760868072509766e-02,-4.328465461730957031e-01,-5.568832401948498045e-02,-2.122071385383605957e-02,-2.326128184795379639e-01,-1.296494026499317442e-02,-3.687763214111328125e-02,-3.337965607643127441e-01,-2.763178814964817320e-02,-4.759579896926879883e-02,-3.986040353775024414e-01,-4.291404654102848326e-02,-5.571380257606506348e-02,-4.514624476432800293e-01,-5.381440614181087767e-02,-5.183494091033935547e-02,-2.134415507316589355e-01,-1.830339674668834959e-02,-6.593555212020874023e-02,-3.108712434768676758e-01,-3.262981642799900328e-02,-7.480576634407043457e-02,-3.735646605491638184e-01,-4.400323946791218077e-02,-8.135730028152465820e-02,-4.244148731231689453e-01,-5.134793241339252745e-02,-7.994166016578674316e-02,-1.804351210594177246e-01,-2.617544737475441252e-02,-9.108886122703552246e-02,-2.571370601654052734e-01,-3.943094481545017516e-02,-9.635204076766967773e-02,-3.074399828910827637e-01,-4.504822810011432921e-02,-1.006855368614196777e-01,-3.514811992645263672e-01,-4.790261630731151854e-02
0.000000000000000000e+00,0.000000000000000000e+00,0.000000000000000000e+00,5.283552408218383789e-02,-6.542021036148071289e-02,-2.206682303250318000e-02,7.838004827499389648e-02,-1.454340219497680664e-01,-2.927062177360539863e-02,7.395923137664794922e-02,-2.117992043495178223e-01,-3.569438011646752784e-02,5.165243148803710938e-02,-2.595385909080505371e-01,-4.200315178633218238e-02,1.759767532348632812e-02,-2.365115284919738770e-01,-1.200596784502749870e-02,1.381248235702514648e-03,-3.291215896606445312e-01,-2.992901840508466194e-02,-1.079553365707397461e-02,-3.850532472133636475e-01,-4.580453486443047950e-02,-2.195599675178527832e-02,-4.332910776138305664e-01,-5.675278307199960182e-02,-1.821061968803405762e-02,-2.316470146179199219e-01,-1.414232683629279563e-02,-3.489258885383605957e-02,-3.338104486465454102e-01,-2.967184298933034370e-02,-4.593944549560546875e-02,-3.986356854438781738e-01,-4.530989081860070655e-02,-5.397450923919677734e-02,-4.517081081867218018e-01,-5.635753722191338966e-02,-4.924762248992919922e-02,-2.125757932662963867e-01,-1.979741343558316657e-02,-6.402456760406494141e-02,-3.114894926548004150e-01,-3.506219835281854103e-02,-7.364481687545776367e-02,-3.746680021286010742e-01,-4.699758515954499671e-02,-8.058255910873413086e-02,-4.259182214736938477e-01,-5.462919251323228309e-02,-7.774081826210021973e-02,-1.799690723419189453e-01,-2.787529380321984718e-02,-8.915659785270690918e-02,-2.572460770606994629e-01,-4.203496204019074867e-02,-9.483712911605834961e-02,-3.075853288173675537e-01,-4.832501785159593055e-02,-9.960341453552246094e-02,-3.518596589565277100e-01,-5.161945970058923194e-02
0.000000000000000000e+00,0.000000000000000000e+00,0.000000000000000000e+00,5.279642343521118164e-02,-6.425750255584716797e-02,-2.260510313519148440e-02,7.925838232040405273e-02,-1.433308124542236328e-01,-3.033115963646082491e-02,7.526040077209472656e-02,-2.113586664199829102e-01,-3.709298807390837283e-02,5.125957727432250977e-02,-2.579738795757293701e-01,-4.379060554512648196e-02,1.579749584197998047e-02,-2.367672920227050781e-01,-1.237516633429436297e-02,7.432103157043457031e-04,-3.298020362854003906e-01,-2.994320045419840426e-02,-1.122161746025085449e-02,-3.854963183403015137e-01,-4.583462762840895266e-02,-2.245384454727172852e-02,-4.335227608680725098e-01,-5.684773686536459536e-02,-1.944932341575622559e-02,-2.320488393306732178e-01,-1.412973894932179064e-02,-3.551876544952392578e-02,-3.343538939952850342e-01,-2.909484754511026949e-02,-4.658818244934082031e-02,-3.989802598953247070e-01,-4.457886579641012759e-02,-5.515792965888977051e-02,-4.516190886497497559e-01,-5.564259427794127078e-02,-4.988235235214233398e-02,-2.126173377037048340e-01,-1.936327169843821139e-02,-6.446573138236999512e-02,-3.107782006263732910e-01,-3.394257712372450442e-02,-7.372182607650756836e-02,-3.735492229461669922e-01,-4.571341413267759890e-02,-8.079361915588378906e-02,-4.244197607040405273e-01,-5.339231777199415774e-02,-7.776430249214172363e-02,-1.794305443763732910e-01,-2.706322136529593081e-02,-8.914944529533386230e-02,-2.566970586776733398e-01,-4.068378421672491640e-02,-9.457999467849731445e-02,-3.071219027042388916e-01,-4.678193169840483279e-02,-9.913387894630432129e-02,-3.514078855514526367e-01,-5.002042713769583315e-02
0.000000000000000000e+00,0.000000000000000000e+00,0.000000000000000000e+00,5.278497934341430664e-02,-6.398433446884155273e-02,-2.304216246139390023e-02,7.982373237609863281e-02,-1.436572670936584473e-01,-3.078693295847756417e-02,7.558727264404296875e-02,-2.116665840148925781e-01,-3.743139426242692025e-02,5.195432901382446289e-02,-2.594143748283386230e-01,-4.385611186754090340e-02,1.707822084426879883e-02,-2.389405667781829834e-01,-1.248047738354784997e-02,1.442402601242065430e-03,-3.325295746326446533e-01,-3.011575299333912881e-02,-1.078477501869201660e-02,-3.881698846817016602e-01,-4.599866787921769173e-02,-2.231517434120178223e-02,-4.361680150032043457e-01,-5.689723189007622750e-02,-1.813772320747375488e-02,-2.336218357086181641e-01,-1.397829833459240945e-02,-3.426459431648254395e-02,-3.359698653221130371e-01,-2.891639764439446481e-02,-4.550296068191528320e-02,-4.004323780536651611e-01,-4.443792025577408822e-02,-5.430513620376586914e-02,-4.529229700565338135e-01,-5.549513320457322152e-02,-4.854547977447509766e-02,-2.140011787414550781e-01,-1.903188000451905282e-02,-6.340259313583374023e-02,-3.118899762630462646e-01,-3.354562218319756539e-02,-7.300731539726257324e-02,-3.743826746940612793e-01,-4.526699478756768258e-02,-8.031749725341796875e-02,-4.246589541435241699e-01,-5.284333000909668954e-02,-7.652133703231811523e-02,-1.808285117149353027e-01,-2.662389683555943520e-02,-8.797156810760498047e-02,-2.581666409969329834e-01,-4.009726415407044442e-02,-9.359982609748840332e-02,-3.085651099681854248e-01,-4.611139888893944772e-02,-9.838384389877319336e-02,-3.525911867618560791e-01,-4.923771838676316293e-02
