0.000000000000000000e+00,0.000000000000000000e+00,0.000000000000000000e+00,-5.613386631011962891e-02,-1.063772439956665039e-01,1.042321677937252389e-02,-4.636126756668090820e-02,-2.182428836822509766e-01,4.300882850429843529e-03,4.343628883361816406e-03,-2.670070528984069824e-01,1.639086330897043808e-03,4.319161176681518555e-02,-2.814563512802124023e-01,-3.602904224180747406e-03,-6.390088796615600586e-02,-2.550438046455383301e-01,-5.110183004603641166e-02,-8.433514833450317383e-02,-3.876586258411407471e-01,-6.028397772774951591e-02,-1.026571393013000488e-01,-4.684658646583557129e-01,-5.928856153354900016e-02,-1.156522631645202637e-01,-5.362343192100524902e-01,-5.956046302185313834e-02,-6.765186786651611328e-03,-2.553685903549194336e-01,-6.451899949774997367e-02,-1.074302196502685547e-02,-4.117617607116699219e-01,-8.750285599694507255e-02,-1.679354906082153320e-02,-5.096695423126220703e-01,-1.010104605959440960e-01,-1.770240068435668945e-02,-5.846535265445709229e-01,-1.094228217409636272e-01,4.475063085556030273e-02,-2.374407649040222168e-01,-7.028139774070041312e-02,7.333350181579589844e-02,-3.770636320114135742e-01,-9.955723230109470023e-02,8.711361885070800781e-02,-4.656239449977874756e-01,-1.211642289565588726e-01,1.045650243759155273e-01,-5.310446023941040039e-01,-1.331585386799361004e-01,8.191227912902832031e-02,-2.113710641860961914e-01,-6.984573994145648612e-02,5.333113670349121094e-02,-2.699949741363525391e-01,-8.513909224734561576e-02,1.845312118530273438e-02,-2.361639738082885742e-01,-8.201425168977038993e-02,7.761180400848388672e-03,-1.989876031875610352e-01,-7.944228891597049369e-02
0.000000000000000000e+00,0.000000000000000000e+00,0.000000000000000000e+00,-5.332171916961669922e-02,-1.132631301879882812e-01,1.511825398699784273e-02,-4.098314046859741211e-02,-2.295610904693603516e-01,1.312978063867831224e-02,8.646249771118164062e-03,-2.764506042003631592e-01,1.268275791005635256e-02,4.882931709289550781e-02,-2.957828938961029053e-01,9.385239902599096240e-03,-6.178033351898193359e-02,-2.640609443187713623e-01,-3.938496335251784330e-02,-8.217167854309082031e-02,-4.042249917984008789e-01,-4.401758163078284269e-02,-9.979248046875000000e-02,-4.857686758041381836e-01,-3.884088842971777922e-02,-1.130690574645996094e-01,-5.543936789035797119e-01,-3.624992667539572722e-02,-4.510879516601562500e-03,-2.668117582798004150e-01,-5.430775358183836943e-02,-8.280038833618164062e-03,-4.269793331623077393e-01,-7.068912162287688261e-02,-1.332092285156250000e-02,-5.244471132755279541e-01,-7.974736614926314360e-02,-1.445090770721435547e-02,-6.007041037082672119e-01,-8.516579343779540068e-02,4.766380786895751953e-02,-2.516235709190368652e-01,-6.209153904421782499e-02,7.607287168502807617e-02,-3.934085965156555176e-01,-8.512111230595564848e-02,9.088760614395141602e-02,-4.807409942150115967e-01,-1.038949437330529690e-01,1.071811914443969727e-01,-5.442544817924499512e-01,-1.149530880044267178e-01,8.619564771652221680e-02,-2.265715599060058594e-01,-6.404972298844313627e-02,5.824053287506103516e-02,-2.862589061260223389e-01,-7.503289951785063749e-02,2.567189931869506836e-02,-2.515283226966857910e-01,-7.002170606358504301e-02,1.766663789749145508e-02,-2.083908319473266602e-01,-6.638534589512801176e-02
0.000000000000000000e+00,0.000000000000000000e+00,0.000000000000000000e+00,-5.146163702011108398e-02,-1.179230213165283203e-01,2.286502564933812209e-02,-3.726196289062500000e-02,-2.306849360466003418e-01,2.425985256817853042e-02,9.997785091400146484e-03,-2.753029763698577881e-01,2.535192328181778976e-02,4.983139038085937500e-02,-2.949571907520294189e-01,2.372023122993027755e-02,-5.910712480545043945e-02,-2.692106366157531738e-01,-2.911688168856585435e-02,-8.108794689178466797e-02,-4.100525975227355957e-01,-3.277314794573271683e-02,-9.902566671371459961e-02,-4.919077157974243164e-01,-2.649463680896246842e-02,-1.117590665817260742e-01,-5.601819157600402832e-01,-2.267901939663374833e-02,-3.008723258972167969e-03,-2.742138504981994629e-01,-4.694839534673178605e-02,-7.217764854431152344e-03,-4.355935454368591309e-01,-6.073636156830275468e-02,-1.102030277252197266e-02,-5.328229069709777832e-01,-6.593514946612799577e-02,-1.114624738693237305e-02,-6.078676879405975342e-01,-6.791920927676642350e-02,4.846423864364624023e-02,-2.593017220497131348e-01,-5.782230538639510087e-02,7.543796300888061523e-02,-3.988839387893676758e-01,-7.670298186454260758e-02,9.023422002792358398e-02,-4.866451621055603027e-01,-9.248236534509146622e-02,1.055354475975036621e-01,-5.506105720996856689e-01,-1.016563695422121327e-01,8.767867088317871094e-02,-2.305535078048706055e-01,-6.274585393580878190e-02,6.051421165466308594e-02,-2.817860245704650879e-01,-6.913667139920676163e-02,2.699756622314453125e-02,-2.472164630889892578e-01,-6.219287929448569230e-02,1.777857542037963867e-02,-2.042376399040222168e-01,-5.724716899308646134e-02
0.000000000000000000e+00,0.000000000000000000e+00,0.000000000000000000e+00,-5.388861894607543945e-02,-1.195095777511596680e-01,2.131250051874644669e-02,-4.037940502166748047e-02,-2.343192100524902344e-01,2.230785338301188858e-02,7.514715194702148438e-03,-2.820902466773986816e-01,2.324101811367995651e-02,4.794025421142578125e-02,-3.058927357196807861e-01,2.140520250517852219e-02,-6.047141551971435547e-02,-2.689740061759948730e-01,-3.056735621672146408e-02,-8.216267824172973633e-02,-4.100739061832427979e-01,-3.397883737366669266e-02,-1.005395650863647461e-01,-4.929595589637756348e-01,-2.742277907114498703e-02,-1.134821772575378418e-01,-5.616936981678009033e-01,-2.348907368164532272e-02,-4.444003105163574219e-03,-2.728009819984436035e-01,-4.760160932224266617e-02,-8.469581604003906250e-03,-4.357533454895019531e-01,-6.158389413636200516e-02,-1.253712177276611328e-02,-5.355831086635589600e-01,-6.744684914033882706e-02,-1.255112886428833008e-02,-6.126289665699005127e-01,-7.009484508913033096e-02,4.701364040374755859e-02,-2.580664753913879395e-01,-5.766375252883904068e-02,7.355839014053344727e-02,-4.016647338867187500e-01,-7.722669729869835464e-02,8.719879388809204102e-02,-4.910409450531005859e-01,-9.425608703773491470e-02,1.014803647994995117e-01,-5.554609298706054688e-01,-1.044007156221198329e-01,8.604699373245239258e-02,-2.301490306854248047e-01,-6.184281671326630203e-02,5.966234207153320312e-02,-2.843874692916870117e-01,-6.960960367601387588e-02,2.632135152816772461e-02,-2.509515881538391113e-01,-6.418128201644890396e-02,1.764720678329467773e-02,-2.078320980072021484e-01,-6.030817592423431961e-02
0.000000000000000000e+00,0.000000000000000000e+00,0.000000000000000000e+00,-5.318206548690795898e-02,-1.184053421020507812e-01,1.925367154476020914e-02,-3.998899459838867188e-02,-2.331959009170532227e-01,1.964947060045574290e-02,7.343053817749023438e-03,-2.815890908241271973e-01,2.002529092428062540e-02,4.753601551055908203e-02,-3.031605184078216553e-01,1.794565692839000803e-02,-6.065464019775390625e-02,-2.701997160911560059e-01,-2.901970371308948415e-02,-8.365517854690551758e-02,-4.109863638877868652e-01,-3.221864401999141592e-02,-1.013464927673339844e-01,-4.929833114147186279e-01,-2.589589319828178304e-02,-1.136702299118041992e-01,-5.614060759544372559e-01,-2.232080660465385336e-02,-4.073023796081542969e-03,-2.752283513545989990e-01,-4.559191092553760427e-02,-9.780883789062500000e-03,-4.374215006828308105e-01,-5.963979437652255911e-02,-1.362949609756469727e-02,-5.359227657318115234e-01,-6.576998680534984487e-02,-1.372808218002319336e-02,-6.122714281082153320e-01,-6.859789192381526846e-02,4.768776893615722656e-02,-2.599749565124511719e-01,-5.568206458988811391e-02,7.394415140151977539e-02,-4.011255502700805664e-01,-7.529255151453639883e-02,8.868247270584106445e-02,-4.896185994148254395e-01,-9.228240847292568105e-02,1.033358573913574219e-01,-5.532829761505126953e-01,-1.023821249574723424e-01,8.665144443511962891e-02,-2.309420704841613770e-01,-6.026145964565898794e-02,6.055170297622680664e-02,-2.834272980690002441e-01,-6.850949078503276723e-02,2.782100439071655273e-02,-2.494146823883056641e-01,-6.327215730848934072e-02,1.851922273635864258e-02,-2.054429054260253906e-01,-5.948086604180957693e-02
0.000000000000000000e+00,0.000000000000000000e+00,0.000000000000000000e+00,-5.215239524841308594e-02,-1.203101873397827148e-01,2.258192017865212620e-02,-3.704518079757690430e-02,-2.360392212867736816e-01,2.432815186870129764e-02,1.125264167785644531e-02,-2.837552130222320557e-01,2.544958718311818302e-02,5.168837308883666992e-02,-3.052262663841247559e-01,2.414425850105317295e-02,-6.056910753250122070e-02,-2.725608944892883301e-01,-2.523192561972109615e-02,-8.285492658615112305e-02,-4.131486713886260986e-01,-2.746802367079226315e-02,-1.003504395484924316e-01,-4.950693249702453613e-01,-2.023492365884749233e-02,-1.128084063529968262e-01,-5.633556246757507324e-01,-1.611213184702364742e-02,-4.757344722747802734e-03,-2.778496742248535156e-01,-4.337684050011603176e-02,-9.589552879333496094e-03,-4.392644464969635010e-01,-5.669141918230025112e-02,-1.277953386306762695e-02,-5.373834073543548584e-01,-6.183135866928068936e-02,-1.264536380767822266e-02,-6.132560968399047852e-01,-6.385798737215964138e-02,4.709631204605102539e-02,-2.624493241310119629e-01,-5.496380835580794155e-02,7.435017824172973633e-02,-4.029021859169006348e-01,-7.406660899329153835e-02,8.970242738723754883e-02,-4.916704893112182617e-01,-9.055075034308401882e-02,1.043255925178527832e-01,-5.562776625156402588e-01,-1.002672238628861123e-01,8.747661113739013672e-02,-2.323192954063415527e-01,-6.073924138951269924e-02,6.214797496795654297e-02,-2.840991318225860596e-01,-6.792446210789648831e-02,2.941256761550903320e-02,-2.490224838256835938e-01,-6.186578407692877590e-02,1.978105306625366211e-02,-2.042225599288940430e-01,-5.760935678887335598e-02
0.000000000000000000e+00,0.000000000000000000e+00,0.000000000000000000e+00,-5.247819423675537109e-02,-1.205857992172241211e-01,1.984193493950670018e-02,-3.763759136199951172e-02,-2.355721592903137207e-01,1.951031704771821751e-02,1.148784160614013672e-02,-2.847306430339813232e-01,1.921708640981023564e-02,5.400729179382324219e-02,-3.096776306629180908e-01,1.649529991078679814e-02,-5.995279550552368164e-02,-2.694388031959533691e-01,-3.119838106107408748e-02,-8.250427246093750000e-02,-4.106902778148651123e-01,-3.469300324690038906e-02,-1.004341244697570801e-01,-4.927536547183990479e-01,-2.847990634512598263e-02,-1.132813096046447754e-01,-5.610015988349914551e-01,-2.498998547565633999e-02,-3.452897071838378906e-03,-2.731684446334838867e-01,-4.808203185569936977e-02,-7.768809795379638672e-03,-4.367830157279968262e-01,-6.123989502560789333e-02,-1.187783479690551758e-02,-5.351927280426025391e-01,-6.687710861336881862e-02,-1.270920038223266602e-02,-6.107822358608245850e-01,-7.000691125762159572e-02,4.883265495300292969e-02,-2.584228515625000000e-01,-5.827398280274564968e-02,7.621347904205322266e-02,-4.019573330879211426e-01,-7.684383223426038967e-02,8.966237306594848633e-02,-4.899070262908935547e-01,-9.320395121943647609e-02,1.030611395835876465e-01,-5.522609353065490723e-01,-1.035574940837591384e-01,8.887016773223876953e-02,-2.310856580734252930e-01,-6.289910207163984524e-02,6.221246719360351562e-02,-2.851478159427642822e-01,-7.024652192961866604e-02,2.871322631835937500e-02,-2.518675923347473145e-01,-6.478456834923917995e-02,1.912635564804077148e-02,-2.087741494178771973e-01,-6.131695265543157802e-02
0.000000000000000000e+00,0.000000000000000000e+00,0.000000000000000000e+00,-5.177980661392211914e-02,-1.200615763664245605e-01,2.162387763405604346e-02,-3.690594434738159180e-02,-2.352287769317626953e-01,2.219775860453410132e-02,1.203501224517822266e-02,-2.827370762825012207e-01,2.279479597950739844e-02,5.251127481460571289e-02,-3.040512502193450928e-01,2.087350917304320319e-02,-6.049239635467529297e-02,-2.692602276802062988e-01,-3.042830730532841699e-02,-8.291244506835937500e-02,-4.122897088527679443e-01,-3.273709508334832208e-02,-1.005460023880004883e-01,-4.944323897361755371e-01,-2.503793704067902581e-02,-1.127002835273742676e-01,-5.628293454647064209e-01,-2.060203830455975549e-02,-3.952741622924804688e-03,-2.734751999378204346e-01,-4.782996716653542535e-02,-8.957862854003906250e-03,-4.362064599990844727e-01,-6.085833924566941278e-02,-1.298731565475463867e-02,-5.353405177593231201e-01,-6.637892144476609246e-02,-1.268011331558227539e-02,-6.117076575756072998e-01,-6.928586977278428094e-02,4.740959405899047852e-02,-2.583049535751342773e-01,-5.830236541783051507e-02,7.432216405868530273e-02,-4.002099633216857910e-01,-7.806347327982621209e-02,8.917558193206787109e-02,-4.904009401798248291e-01,-9.639178978954987542e-02,1.040368080139160156e-01,-5.553254485130310059e-01,-1.078286843255682470e-01,8.705061674118041992e-02,-2.307946681976318359e-01,-6.268788891588883416e-02,5.896699428558349609e-02,-2.811508178710937500e-01,-7.122823613440232293e-02,2.457493543624877930e-02,-2.470706105232238770e-01,-6.719253974711136834e-02,1.419162750244140625e-02,-2.041181921958923340e-01,-6.471070664679245965e-02
0.000000000000000000e+00,0.000000000000000000e+00,0.000000000000000000e+00,-5.211448669433593750e-02,-1.191602349281311035e-01,2.111198954156634500e-02,-3.743052482604980469e-02,-2.318765521049499512e-01,2.099441192916629007e-02,1.143509149551391602e-02,-2.764410376548767090e-01,2.087370134762522866e-02,5.233329534530639648e-02,-2.953515052795410156e-01,1.808702587953803231e-02,-6.111115217208862305e-02,-2.705253958702087402e-01,-3.105603329964878867e-02,-8.270496129989624023e-02,-4.122899174690246582e-01,-3.413163297005894492e-02,-1.002904176712036133e-01,-4.940100312232971191e-01,-2.703622900077107261e-02,-1.125709414482116699e-01,-5.619775950908660889e-01,-2.300634592899086783e-02,-3.871083259582519531e-03,-2.753405869007110596e-01,-4.849761150904896567e-02,-8.649468421936035156e-03,-4.368955194950103760e-01,-6.261764265724423240e-02,-1.270133256912231445e-02,-5.347945392131805420e-01,-6.831394679971936057e-02,-1.262569427490234375e-02,-6.104246973991394043e-01,-7.104292310901882956e-02,4.820454120635986328e-02,-2.597581744194030762e-01,-5.903319440909626792e-02,7.491046190261840820e-02,-3.998626470565795898e-01,-7.907607950397732566e-02,9.004217386245727539e-02,-4.897508621215820312e-01,-9.657326139637234519e-02,1.055621504783630371e-01,-5.550183057785034180e-01,-1.073029170198083193e-01,8.798372745513916016e-02,-2.308291792869567871e-01,-6.361753292509320090e-02,6.007927656173706055e-02,-2.792873680591583252e-01,-7.189264692493679831e-02,2.635949850082397461e-02,-2.441969513893127441e-01,-6.682967193552258323e-02,1.668465137481689453e-02,-2.005140781402587891e-01,-6.349479951092007468e-02
0.000000000000000000e+00,0.000000000000000000e+00,0.000000000000000000e+00,-5.161827802658081055e-02,-1.204213500022888184e-01,2.236544876851098707e-02,-3.639680147171020508e-02,-2.349333167076110840e-01,2.324149921096818616e-02,1.355320215225219727e-02,-2.813196778297424316e-01,2.376119955934541395e-02,5.507075786590576172e-02,-3.031121492385864258e-01,2.164552710510747602e-02,-5.936795473098754883e-02,-2.713009119033813477e-01,-2.865594834528906176e-02,-8.118957281112670898e-02,-4.133062362670898438e-01,-3.171306871317369769e-02,-9.929174184799194336e-02,-4.947875142097473145e-01,-2.456802711330396960e-02,-1.120400428771972656e-01,-5.624596774578094482e-01,-2.042886637590868304e-02,-2.763032913208007812e-03,-2.752450406551361084e-01,-4.704730980537874530e-02,-6.741642951965332031e-03,-4.377812445163726807e-01,-6.110023729942781756e-02,-1.072937250137329102e-02,-5.359394550323486328e-01,-6.714968778632623980e-02,-1.044881343841552734e-02,-6.118874549865722656e-01,-7.002841331504328082e-02,4.884099960327148438e-02,-2.595461606979370117e-01,-5.865968786619646380e-02,7.604879140853881836e-02,-4.012638926506042480e-01,-7.959843077205164263e-02,9.079211950302124023e-02,-4.916444718837738037e-01,-9.844097145341379473e-02,1.058526635169982910e-01,-5.580360591411590576e-01,-1.098800788118694527e-01,8.851939439773559570e-02,-2.307866215705871582e-01,-6.409655906699640582e-02,6.101846694946289062e-02,-2.807808518409729004e-01,-7.348550506375772784e-02,2.636641263961791992e-02,-2.468704581260681152e-01,-6.956442840836984942e-02,1.579415798187255859e-02,-2.045738697052001953e-01,-6.692416616223795245e-02
0.000000000000000000e+00,0.000000000000000000e+00,0.000000000000000000e+00,-5.183202028274536133e-02,-1.189739108085632324e-01,2.362033326554069390e-02,-3.708928823471069336e-02,-2.337316274642944336e-01,2.549728911745319238e-02,9.747505187988281250e-03,-2.802658975124359131e-01,2.675034638869533410e-02,4.985266923904418945e-02,-3.007138371467590332e-01,2.529271293806800713e-02,-6.045758724212646484e-02,-2.702574133872985840e-01,-2.648987087977161536e-02,-8.178728818893432617e-02,-4.133192598819732666e-01,-2.930653120947113166e-02,-9.898805618286132812e-02,-4.956429004669189453e-01,-2.189309548211326728e-02,-1.111477017402648926e-01,-5.634958148002624512e-01,-1.737455118072261939e-02,-4.240751266479492188e-03,-2.761725187301635742e-01,-4.484947237742176185e-02,-7.190346717834472656e-03,-4.395645856857299805e-01,-5.821268472445240150e-02,-1.074838638305664062e-02,-5.383670926094055176e-01,-6.314499888193836341e-02,-1.141643524169921875e-02,-6.145457923412322998e-01,-6.499517175925006995e-02,4.729521274566650391e-02,-2.623860239982604980e-01,-5.646965492141475806e-02,7.519513368606567383e-02,-4.036875367164611816e-01,-7.541069600355854163e-02,9.005653858184814453e-02,-4.929834008216857910e-01,-9.216510716450443397e-02,1.041508913040161133e-01,-5.584411621093750000e-01,-1.022583490945123685e-01,8.704036474227905273e-02,-2.345637083053588867e-01,-6.210767317188015113e-02,6.058073043823242188e-02,-2.831238508224487305e-01,-6.924866351855030189e-02,2.694112062454223633e-02,-2.472530603408813477e-01,-6.367143455517521033e-02,1.661628484725952148e-02,-2.028084993362426758e-01,-5.984975609553089271e-02
0.000000000000000000e+00,0.000000000000000000e+00,0.000000000000000000e+00,-5.295962095260620117e-02,-1.211582422256469727e-01,1.958016965858178082e-02,-3.718411922454833984e-02,-2.380056381225585938e-01,1.877766389719681683e-02,1.485002040863037109e-02,-2.870536446571350098e-01,1.843377676181034985e-02,5.736464262008666992e-02,-3.117085695266723633e-01,1.552748222223954144e-02,-6.078976392745971680e-02,-2.697603702545166016e-01,-3.377593952842516956e-02,-8.291482925415039062e-02,-4.123163819313049316e-01,-3.689897704549593982e-02,-1.006217002868652344e-01,-4.943376183509826660e-01,-3.018248911627097186e-02,-1.128835082054138184e-01,-5.635170638561248779e-01,-2.666430260666174945e-02,-4.714608192443847656e-03,-2.718677520751953125e-01,-5.086175996490283069e-02,-8.426427841186523438e-03,-4.356377422809600830e-01,-6.485776129790110645e-02,-1.237499713897705078e-02,-5.349059700965881348e-01,-7.175990465708537158e-02,-1.240688562393188477e-02,-6.125033199787139893e-01,-7.611563328333659229e-02,4.696857929229736328e-02,-2.567124366760253906e-01,-6.098823893495364246e-02,7.573050260543823242e-02,-4.012165665626525879e-01,-8.202354136534495410e-02,9.016716480255126953e-02,-4.910817742347717285e-01,-1.010930937869147783e-01,1.047406792640686035e-01,-5.562346577644348145e-01,-1.133068082077102190e-01,8.658266067504882812e-02,-2.312266826629638672e-01,-6.514728340931696948e-02,5.873781442642211914e-02,-2.862891554832458496e-01,-7.502908531256480273e-02,2.378004789352416992e-02,-2.522034645080566406e-01,-7.144142213888926563e-02,1.339709758758544922e-02,-2.095718979835510254e-01,-6.948217276163859424e-02
0.000000000000000000e+00,0.000000000000000000e+00,0.000000000000000000e+00,-5.486172437667846680e-02,-1.188522577285766602e-01,2.126674368059866538e-02,-4.205882549285888672e-02,-2.326696515083312988e-01,2.217653780257933249e-02,4.669249057769775391e-03,-2.826749384403228760e-01,2.332203662967913260e-02,4.515820741653442383e-02,-3.083138465881347656e-01,2.223909660256140342e-02,-6.050664186477661133e-02,-2.708151936531066895e-01,-3.078065612339742074e-02,-8.385288715362548828e-02,-4.137707948684692383e-01,-3.483461760902173410e-02,-1.013400554656982422e-01,-4.963743984699249268e-01,-2.861727387630708108e-02,-1.137040853500366211e-01,-5.654439628124237061e-01,-2.466486939215428720e-02,-4.159271717071533203e-03,-2.737231552600860596e-01,-4.769754209542043100e-02,-9.287178516387939453e-03,-4.386293292045593262e-01,-6.332354047322041879e-02,-1.256895065307617188e-02,-5.376297533512115479e-01,-6.876060166382558236e-02,-1.312255859375000000e-02,-6.135506033897399902e-01,-7.072384455227620492e-02,4.756349325180053711e-02,-2.581804394721984863e-01,-5.778638818287618051e-02,7.499080896377563477e-02,-4.012539982795715332e-01,-7.889482178711659799e-02,8.931511640548706055e-02,-4.900669753551483154e-01,-9.463718333267934213e-02,1.035302281379699707e-01,-5.536625981330871582e-01,-1.031286770942188014e-01,8.627849817276000977e-02,-2.297814488410949707e-01,-6.191244521164662729e-02,5.985867977142333984e-02,-2.900740206241607666e-01,-6.945068933987386117e-02,2.483189105987548828e-02,-2.579659819602966309e-01,-6.216237866306073556e-02,1.343709230422973633e-02,-2.150461673736572266e-01,-5.671382122659451852e-02
0.000000000000000000e+00,0.000000000000000000e+00,0.000000000000000000e+00,-5.312681198120117188e-02,-1.210666894912719727e-01,2.020750640966184619e-02,-3.860384225845336914e-02,-2.360301613807678223e-01,2.001733033992536548e-02,1.115292310714721680e-02,-2.826281785964965820e-01,1.979038565494306567e-02,5.291295051574707031e-02,-3.045218288898468018e-01,1.687176971771009448e-02,-6.088489294052124023e-02,-2.707697153091430664e-01,-3.106108420453779217e-02,-8.372092247009277344e-02,-4.121124148368835449e-01,-3.493838869891874310e-02,-1.012855172157287598e-01,-4.944887161254882812e-01,-2.878979706130735394e-02,-1.131958961486816406e-01,-5.639548301696777344e-01,-2.540674173198453900e-02,-4.523575305938720703e-03,-2.752979099750518799e-01,-4.845169671736471173e-02,-8.618474006652832031e-03,-4.381425082683563232e-01,-6.326770522557012555e-02,-1.193594932556152344e-02,-5.376048684120178223e-01,-6.990521886311285016e-02,-1.169586181640625000e-02,-6.150864660739898682e-01,-7.336456068716756818e-02,4.722356796264648438e-02,-2.604635953903198242e-01,-5.908693113289587018e-02,7.584583759307861328e-02,-4.026682972908020020e-01,-7.994093486033193585e-02,9.101837873458862305e-02,-4.923053979873657227e-01,-9.760789313278905865e-02,1.060932874679565430e-01,-5.573307275772094727e-01,-1.082359824415277672e-01,8.625227212905883789e-02,-2.327709794044494629e-01,-6.391399093828908917e-02,5.957973003387451172e-02,-2.870832681655883789e-01,-7.286433615647069928e-02,2.630484104156494141e-02,-2.529664635658264160e-01,-6.761127450428716656e-02,1.711493730545043945e-02,-2.093195915222167969e-01,-6.397333481274358746e-02
0.000000000000000000e+00,0.000000000000000000e+00,0.000000000000000000e+00,-5.303490161895751953e-02,-1.218134760856628418e-01,2.248668706639023185e-02,-3.854322433471679688e-02,-2.370992302894592285e-01,2.337510733528347373e-02,9.123623371124267578e-03,-2.869049012660980225e-01,2.397412470205040336e-02,4.997295141220092773e-02,-3.116478025913238525e-01,2.206472343428345084e-02,-5.971986055374145508e-02,-2.718539237976074219e-01,-2.902469002978591561e-02,-8.264344930648803711e-02,-4.142911136150360107e-01,-3.337155991570739388e-02,-1.001405119895935059e-01,-4.970104098320007324e-01,-2.785040029661445260e-02,-1.125715970993041992e-01,-5.664517283439636230e-01,-2.459687517361430764e-02,-4.312336444854736328e-03,-2.753129005432128906e-01,-4.687692188994674325e-02,-8.871018886566162109e-03,-4.402910470962524414e-01,-6.215204635040549874e-02,-1.184034347534179688e-02,-5.396534502506256104e-01,-6.813842767255096078e-02,-1.251465082168579102e-02,-6.160880029201507568e-01,-7.076018267648009896e-02,4.735755920410156250e-02,-2.606271505355834961e-01,-5.785706603305129647e-02,7.554137706756591797e-02,-4.051408767700195312e-01,-7.774653249757079720e-02,9.055227041244506836e-02,-4.934346079826354980e-01,-9.350686484353332162e-02,1.050028204917907715e-01,-5.570693016052246094e-01,-1.026244234420516932e-01,8.632636070251464844e-02,-2.328008413314819336e-01,-6.297963821666030526e-02,6.125330924987792969e-02,-2.910772562026977539e-01,-7.022116297261504769e-02,2.713376283645629883e-02,-2.573229074478149414e-01,-6.338036769406585336e-02,1.682913303375244141e-02,-2.138054370880126953e-01,-5.849020147101668954e-02
0.000000000000000000e+00,0.000000000000000000e+00,0.000000000000000000e+00,-5.219638347625732422e-02,-1.236003637313842773e-01,2.157298009385044679e-02,-3.766578435897827148e-02,-2.389650344848632812e-01,2.152201998521263704e-02,1.199060678482055664e-02,-2.867471277713775635e-01,2.114955801059181795e-02,5.392676591873168945e-02,-3.114123940467834473e-01,1.813092734207089052e-02,-5.957973003387451172e-02,-2.729467153549194336e-01,-3.097516205619399443e-02,-8.081811666488647461e-02,-4.152310192584991455e-01,-3.523038048754756346e-02,-9.827983379364013672e-02,-4.976941347122192383e-01,-2.955150511573378935e-02,-1.108092069625854492e-01,-5.667030811309814453e-01,-2.651020978103701964e-02,-3.400743007659912109e-03,-2.751118540763854980e-01,-4.974928964387004271e-02,-6.117224693298339844e-03,-4.401208460330963135e-01,-6.471069623242442503e-02,-9.722650051116943359e-03,-5.400351881980895996e-01,-7.189391274462764159e-02,-1.018333435058593750e-02,-6.175918281078338623e-01,-7.597746421109263792e-02,4.837852716445922852e-02,-2.593895196914672852e-01,-6.168294791589801207e-02,7.819956541061401367e-02,-4.051527380943298340e-01,-8.292526472817485228e-02,9.305047988891601562e-02,-4.941279888153076172e-01,-1.013709651352030505e-01,1.074533462524414062e-01,-5.587855577468872070e-01,-1.128446655393702258e-01,8.804941177368164062e-02,-2.314138412475585938e-01,-6.761973817359034911e-02,6.222569942474365234e-02,-2.879152297973632812e-01,-7.762983162413661375e-02,2.769029140472412109e-02,-2.544764280319213867e-01,-7.342657167922084227e-02,1.634502410888671875e-02,-2.122293710708618164e-01,-7.061605621586863890e-02
0.000000000000000000e+00,0.000000000000000000e+00,0.000000000000000000e+00,-5.419087409973144531e-02,-1.215364336967468262e-01,2.422862617243026762e-02,-4.092526435852050781e-02,-2.346051931381225586e-01,2.630099212694858579e-02,8.138656616210937500e-03,-2.827074527740478516e-01,2.771603247094844846e-02,5.115324258804321289e-02,-3.081573843955993652e-01,2.667528135646080045e-02,-6.201368570327758789e-02,-2.720863819122314453e-01,-2.593862334322238894e-02,-8.287417888641357422e-02,-4.156652688980102539e-01,-2.796121569406295748e-02,-1.001362204551696777e-01,-4.974682033061981201e-01,-2.046879263650680514e-02,-1.121399998664855957e-01,-5.651668310165405273e-01,-1.591855729054714175e-02,-5.567073822021484375e-03,-2.748967111110687256e-01,-4.476537624429965945e-02,-8.388221263885498047e-03,-4.406489133834838867e-01,-5.716418543886447878e-02,-1.192349195480346680e-02,-5.400844216346740723e-01,-6.226100096534992190e-02,-1.192367076873779297e-02,-6.159309148788452148e-01,-6.470722029041553469e-02,4.670608043670654297e-02,-2.596969604492187500e-01,-5.680631170105243655e-02,7.568538188934326172e-02,-4.040140211582183838e-01,-7.545363226961399050e-02,8.991020917892456055e-02,-4.926617741584777832e-01,-9.286574343275333376e-02,1.037205457687377930e-01,-5.562196075916290283e-01,-1.036591164214542005e-01,8.689332008361816406e-02,-2.316655516624450684e-01,-6.272085825037265749e-02,6.020683050155639648e-02,-2.863473892211914062e-01,-6.998806515764499636e-02,2.566528320312500000e-02,-2.535294294357299805e-01,-6.491042742561603518e-02,1.436549425125122070e-02,-2.114319801330566406e-01,-6.158703262042308779e-02
0.000000000000000000e+00,0.000000000000000000e+00,0.000000000000000000e+00,-5.336421728134155273e-02,-1.223886609077453613e-01,2.442641959063962531e-02,-3.883582353591918945e-02,-2.391384243965148926e-01,2.617340192668393684e-02,1.059114933013916016e-02,-2.904428839683532715e-01,2.765681252353147102e-02,5.309772491455078125e-02,-3.194045722484588623e-01,2.668248333506539893e-02,-6.099051237106323242e-02,-2.735666632652282715e-01,-2.976393669374033379e-02,-8.188599348068237305e-02,-4.182630181312561035e-01,-3.186301111705347466e-02,-9.968215227127075195e-02,-5.009264945983886719e-01,-2.422689429945990014e-02,-1.121032238006591797e-01,-5.698535740375518799e-01,-1.986787251658483910e-02,-4.075646400451660156e-03,-2.760787606239318848e-01,-4.812312095887705254e-02,-7.098138332366943359e-03,-4.428395330905914307e-01,-6.146291240580126214e-02,-1.142168045043945312e-02,-5.429153144359588623e-01,-6.758395179636522698e-02,-1.177650690078735352e-02,-6.196664869785308838e-01,-7.108694657213732171e-02,4.850959777832031250e-02,-2.609997391700744629e-01,-5.906531184442087579e-02,7.757860422134399414e-02,-4.087647199630737305e-01,-7.803733989126726556e-02,9.145140647888183594e-02,-4.976119399070739746e-01,-9.586313709147020745e-02,1.055621504783630371e-01,-5.612266361713409424e-01,-1.072312627685789721e-01,8.905386924743652344e-02,-2.345165014266967773e-01,-6.364009126551195550e-02,6.189954280853271484e-02,-2.898444831371307373e-01,-7.101221724875017571e-02,2.592355012893676758e-02,-2.577133178710937500e-01,-6.671221151478334832e-02,1.471596956253051758e-02,-2.171989679336547852e-01,-6.420219286806627679e-02
0.000000000000000000e+00,0.000000000000000000e+00,0.000000000000000000e+00,-5.189979076385498047e-02,-1.209024190902709961e-01,2.339504467613551242e-02,-3.730219602584838867e-02,-2.343517541885375977e-01,2.436053561336848361e-02,1.137006282806396484e-02,-2.786849737167358398e-01,2.485584834880683047e-02,5.187040567398071289e-02,-2.996037304401397705e-01,2.274403715796324832e-02,-6.224006414413452148e-02,-2.728844881057739258e-01,-2.922927220993187802e-02,-8.214873075485229492e-02,-4.158629179000854492e-01,-3.121846360795643704e-02,-9.974873065948486328e-02,-4.980034828186035156e-01,-2.289425959520485776e-02,-1.121444702148437500e-01,-5.656289160251617432e-01,-1.801654142968800443e-02,-5.150437355041503906e-03,-2.763581573963165283e-01,-4.792857920460846799e-02,-8.679509162902832031e-03,-4.395809173583984375e-01,-6.110803043179657834e-02,-1.309221982955932617e-02,-5.384304821491241455e-01,-6.665475299291756528e-02,-1.257711648941040039e-02,-6.143920719623565674e-01,-6.945743789606240171e-02,4.730755090713500977e-02,-2.609850764274597168e-01,-5.955188726716187375e-02,7.518213987350463867e-02,-4.018527865409851074e-01,-7.901882013015892881e-02,8.964622020721435547e-02,-4.925072789192199707e-01,-9.754070272379067319e-02,1.046261191368103027e-01,-5.580920279026031494e-01,-1.092997827165618219e-01,8.850240707397460938e-02,-2.330875992774963379e-01,-6.500026216440346616e-02,6.142371892929077148e-02,-2.776617109775543213e-01,-7.252239813738015073e-02,2.795040607452392578e-02,-2.430821657180786133e-01,-6.832953175239708798e-02,1.824903488159179688e-02,-1.999402642250061035e-01,-6.593301525049355405e-02
0.000000000000000000e+00,0.000000000000000000e+00,0.000000000000000000e+00,-5.329924821853637695e-02,-1.216252446174621582e-01,2.167270141171684372e-02,-3.979212045669555664e-02,-2.363592982292175293e-01,2.220404515492191422e-02,9.594321250915527344e-03,-2.849189639091491699e-01,2.288500214444866288e-02,5.181539058685302734e-02,-3.107866644859313965e-01,2.092674555706253159e-02,-6.113195419311523438e-02,-2.723928093910217285e-01,-3.198444662166366470e-02,-8.264315128326416016e-02,-4.153971076011657715e-01,-3.412211132717857254e-02,-1.009631156921386719e-01,-4.973877072334289551e-01,-2.662981492949256790e-02,-1.139776110649108887e-01,-5.661345124244689941e-01,-2.249863748920688522e-02,-4.034459590911865234e-03,-2.749510109424591064e-01,-4.940964100433120620e-02,-8.574247360229492188e-03,-4.392589926719665527e-01,-6.307574552965888870e-02,-1.367008686065673828e-02,-5.383727252483367920e-01,-6.950351787281761062e-02,-1.426243782043457031e-02,-6.148359179496765137e-01,-7.327089650107154739e-02,4.828041791915893555e-02,-2.592548727989196777e-01,-5.959042353106269729e-02,7.583111524581909180e-02,-4.047482609748840332e-01,-7.962545198870429886e-02,8.900231122970581055e-02,-4.942324459552764893e-01,-9.847001922798881424e-02,1.031082868576049805e-01,-5.579516291618347168e-01,-1.104770247407032002e-01,8.800691366195678711e-02,-2.318460345268249512e-01,-6.359293503237495315e-02,6.080132722854614258e-02,-2.849717438220977783e-01,-7.222821754885444534e-02,2.575355768203735352e-02,-2.516383528709411621e-01,-6.848408473206291092e-02,1.569825410842895508e-02,-2.093684077262878418e-01,-6.634587240887412918e-02
0.000000000000000000e+00,0.000000000000000000e+00,0.000000000000000000e+00,-5.227285623550415039e-02,-1.201165914535522461e-01,2.155411471636625720e-02,-3.818923234939575195e-02,-2.348741888999938965e-01,2.234426182718607379e-02,9.406030178070068359e-03,-2.834918200969696045e-01,2.302957368107172442e-02,4.974585771560668945e-02,-3.072595596313476562e-01,2.131092590303751422e-02,-5.984431505203247070e-02,-2.721017599105834961e-01,-2.966406154422429609e-02,-8.222711086273193359e-02,-4.157457351684570312e-01,-3.200622419802812146e-02,-9.985631704330444336e-02,-4.978043437004089355e-01,-2.416113908378747510e-02,-1.124862432479858398e-01,-5.659699440002441406e-01,-1.937271053878930616e-02,-2.749860286712646484e-03,-2.760930359363555908e-01,-4.713377128331330823e-02,-8.603811264038085938e-03,-4.411585330963134766e-01,-6.073950375406411695e-02,-1.278477907180786133e-02,-5.401306152343750000e-01,-6.570290918438104200e-02,-1.309347152709960938e-02,-6.156771183013916016e-01,-6.770070786564019727e-02,4.931229352951049805e-02,-2.607191801071166992e-01,-5.778749803988603162e-02,7.549214363098144531e-02,-4.041097462177276611e-01,-7.778426404087213086e-02,8.934605121612548828e-02,-4.933760166168212891e-01,-9.468422229377893018e-02,1.035469174385070801e-01,-5.568808317184448242e-01,-1.045679389962401729e-01,8.902209997177124023e-02,-2.326551675796508789e-01,-6.245351727096704053e-02,6.147271394729614258e-02,-2.880756556987762451e-01,-7.020154739706185865e-02,2.740031480789184570e-02,-2.553332448005676270e-01,-6.453228141157296704e-02,1.728224754333496094e-02,-2.118690013885498047e-01,-6.054533417312768506e-02
0.000000000000000000e+00,0.000000000000000000e+00,0.000000000000000000e+00,-5.203092098236083984e-02,-1.216642856597900391e-01,1.977805525027065414e-02,-3.713083267211914062e-02,-2.367253303527832031e-01,1.879196159504203933e-02,1.330292224884033203e-02,-2.825660705566406250e-01,1.826963677964954513e-02,5.512124300003051758e-02,-3.051403760910034180e-01,1.508080597929506439e-02,-6.043976545333862305e-02,-2.709007263183593750e-01,-3.572614014186115128e-02,-8.201152086257934570e-02,-4.140021204948425293e-01,-3.884826868809909683e-02,-9.933984279632568359e-02,-4.966183900833129883e-01,-3.147281229533405167e-02,-1.116030216217041016e-01,-5.660021901130676270e-01,-2.720384940542430741e-02,-3.220558166503906250e-03,-2.734706699848175049e-01,-5.244707956947536331e-02,-9.052455425262451172e-03,-4.386953413486480713e-01,-6.628609344400615555e-02,-1.318860054016113281e-02,-5.390834212303161621e-01,-7.223927125372142655e-02,-1.275652647018432617e-02,-6.162067949771881104e-01,-7.564589276947231156e-02,4.893928766250610352e-02,-2.583251595497131348e-01,-6.200938567556590897e-02,7.459944486618041992e-02,-4.019159674644470215e-01,-8.312052384056300980e-02,8.815944194793701172e-02,-4.924938082695007324e-01,-1.019596149031087862e-01,1.026046276092529297e-01,-5.564670860767364502e-01,-1.136229921881124483e-01,8.889114856719970703e-02,-2.328700423240661621e-01,-6.545609876550884110e-02,5.872988700866699219e-02,-2.872965633869171143e-01,-7.461658015884609085e-02,2.343344688415527344e-02,-2.540049552917480469e-01,-7.052175596393794876e-02,1.328432559967041016e-02,-2.105643153190612793e-01,-6.803853705562801224e-02
0.000000000000000000e+00,0.000000000000000000e+00,0.000000000000000000e+00,-5.225557088851928711e-02,-1.210494041442871094e-01,2.015050646380700528e-02,-3.774601221084594727e-02,-2.362713813781738281e-01,1.945131045297898709e-02,1.175808906555175781e-02,-2.841888368129730225e-01,1.933506835715093075e-02,5.269175767898559570e-02,-3.077749609947204590e-01,1.661398035005845486e-02,-5.996680259704589844e-02,-2.684100270271301270e-01,-3.631220612211905063e-02,-8.167189359664916992e-02,-4.123095273971557617e-01,-3.982413041873655857e-02,-9.926003217697143555e-02,-4.953386783599853516e-01,-3.277321014090261997e-02,-1.115891337394714355e-01,-5.648405253887176514e-01,-2.865844819231710972e-02,-3.459572792053222656e-03,-2.704958617687225342e-01,-5.302597064061842502e-02,-8.635044097900390625e-03,-4.363948106765747070e-01,-6.687037128492079319e-02,-1.266795396804809570e-02,-5.366815328598022461e-01,-7.270431000276289524e-02,-1.273417472839355469e-02,-6.133842170238494873e-01,-7.616284716411314548e-02,4.832524061203002930e-02,-2.560592889785766602e-01,-6.255385506435118259e-02,7.527774572372436523e-02,-4.013175964355468750e-01,-8.342451083942137302e-02,8.908075094223022461e-02,-4.909865260124206543e-01,-1.022187941102572495e-01,1.033239960670471191e-01,-5.541462004184722900e-01,-1.140496306447573716e-01,8.780580759048461914e-02,-2.315665483474731445e-01,-6.593674648090086521e-02,5.815005302429199219e-02,-2.866247296333312988e-01,-7.525356340690336765e-02,2.202123403549194336e-02,-2.528154253959655762e-01,-7.162279862447462619e-02,1.094210147857666016e-02,-2.097098827362060547e-01,-6.955577659888945163e-02
0.000000000000000000e+00,0.000000000000000000e+00,0.000000000000000000e+00,-5.254739522933959961e-02,-1.214378476142883301e-01,2.043945565267790698e-02,-3.855246305465698242e-02,-2.363634705543518066e-01,1.986953280314196491e-02,1.141512393951416016e-02,-2.809994220733642578e-01,1.980539820536364459e-02,5.320477485656738281e-02,-3.011432886123657227e-01,1.667311638041724109e-02,-6.047296524047851562e-02,-2.703996896743774414e-01,-3.604237884835015393e-02,-8.096438646316528320e-02,-4.135525226593017578e-01,-3.934609294489632703e-02,-9.901207685470581055e-02,-4.961528778076171875e-01,-3.196893781975518323e-02,-1.116673350334167480e-01,-5.657972991466522217e-01,-2.784943543926488019e-02,-3.037393093109130859e-03,-2.744597196578979492e-01,-5.314656496599923230e-02,-7.886171340942382812e-03,-4.374012351036071777e-01,-6.712771729186783887e-02,-1.225751638412475586e-02,-5.373946726322174072e-01,-7.375170067504654980e-02,-1.175588369369506836e-02,-6.151328980922698975e-01,-7.779340223029862500e-02,4.861235618591308594e-02,-2.599105834960937500e-01,-6.299554333642731763e-02,7.587581872940063477e-02,-4.006803631782531738e-01,-8.487969413951645947e-02,9.070712327957153320e-02,-4.916412830352783203e-01,-1.057973481769920454e-01,1.059001684188842773e-01,-5.575012266635894775e-01,-1.191172353978515730e-01,8.793842792510986328e-02,-2.347105741500854492e-01,-6.644651815847169019e-02,5.710858106613159180e-02,-2.828821539878845215e-01,-7.710982636169205762e-02,2.091407775878906250e-02,-2.475619316101074219e-01,-7.493819073394547559e-02,9.378969669342041016e-03,-2.044954895973205566e-01,-7.397113517478715039e-02
0.000000000000000000e+00,0.000000000000000000e+00,0.000000000000000000e+00,-5.279833078384399414e-02,-1.211155652999877930e-01,2.305656258090493793e-02,-3.871649503707885742e-02,-2.357510924339294434e-01,2.431450184508321399e-02,1.097732782363891602e-02,-2.828976511955261230e-01,2.541964460237977619e-02,5.140900611877441406e-02,-3.031622171401977539e-01,2.390580210908410663e-02,-6.163454055786132812e-02,-2.721254229545593262e-01,-2.868469659165384655e-02,-8.229482173919677734e-02,-4.147656559944152832e-01,-3.049704287127497082e-02,-9.956419467926025391e-02,-4.963776767253875732e-01,-2.290233824328424816e-02,-1.115236282348632812e-01,-5.649893879890441895e-01,-1.863905083314421063e-02,-5.119264125823974609e-03,-2.752514183521270752e-01,-4.673479538337232952e-02,-8.870720863342285156e-03,-4.384003877639770508e-01,-5.948593508378507977e-02,-1.256483793258666992e-02,-5.383984744548797607e-01,-6.559962075129988079e-02,-1.179170608520507812e-02,-6.155933439731597900e-01,-6.919512193576338177e-02,4.642391204833984375e-02,-2.601575255393981934e-01,-5.777138512507917767e-02,7.535582780838012695e-02,-4.023268222808837891e-01,-7.786820869819166546e-02,9.017032384872436523e-02,-4.921432733535766602e-01,-9.716659825221540814e-02,1.049959063529968262e-01,-5.568923950195312500e-01,-1.093094278492117155e-01,8.656781911849975586e-02,-2.342105507850646973e-01,-6.249085854665281659e-02,5.929005146026611328e-02,-2.872601747512817383e-01,-7.092183869258406048e-02,2.394306659698486328e-02,-2.534005641937255859e-01,-6.705117266551496868e-02,1.247465610504150391e-02,-2.112324237823486328e-01,-6.487812142745497113e-02
0.000000000000000000e+00,0.000000000000000000e+00,0.000000000000000000e+00,-5.311864614486694336e-02,-1.191254854202270508e-01,2.216554364096623431e-02,-3.975749015808105469e-02,-2.346135973930358887e-01,2.373746899795037280e-02,8.189976215362548828e-03,-2.829034328460693359e-01,2.531677788030606280e-02,4.790890216827392578e-02,-3.045546710491180420e-01,2.441117470991116534e-02,-6.208324432373046875e-02,-2.714388370513916016e-01,-2.865145424473780622e-02,-8.288580179214477539e-02,-4.154571890830993652e-01,-3.076404588389891614e-02,-1.002128124237060547e-01,-4.978171288967132568e-01,-2.334470184612769117e-02,-1.128322482109069824e-01,-5.665314197540283203e-01,-1.900876568723219862e-02,-6.194174289703369141e-03,-2.753907144069671631e-01,-4.607519762683409681e-02,-1.029992103576660156e-02,-4.396344423294067383e-01,-5.862962337303656568e-02,-1.370751857757568359e-02,-5.386531949043273926e-01,-6.398689629602927198e-02,-1.385515928268432617e-02,-6.151864826679229736e-01,-6.670240940619009962e-02,4.543447494506835938e-02,-2.613457441329956055e-01,-5.665955202746886243e-02,7.413411140441894531e-02,-4.032076001167297363e-01,-7.578834774065512647e-02,9.011507034301757812e-02,-4.928036630153656006e-01,-9.366439910698431959e-02,1.052789688110351562e-01,-5.577306449413299561e-01,-1.047280717091609858e-01,8.535146713256835938e-02,-2.352364063262939453e-01,-6.122407572436827650e-02,6.002157926559448242e-02,-2.887851297855377197e-01,-6.877291085291403760e-02,2.714532613754272461e-02,-2.539230585098266602e-01,-6.362536432314414014e-02,1.689076423645019531e-02,-2.104578614234924316e-01,-6.031016143131751051e-02
0.000000000000000000e+00,0.000000000000000000e+00,0.000000000000000000e+00,-5.119055509567260742e-02,-1.228273510932922363e-01,2.525089341236252949e-02,-3.686523437500000000e-02,-2.352436184883117676e-01,2.612985703183312580e-02,1.263260841369628906e-02,-2.802974283695220947e-01,2.624009023440976307e-02,5.317288637161254883e-02,-3.018254041671752930e-01,2.339149112833638355e-02,-6.087452173233032227e-02,-2.723211646080017090e-01,-2.990965698825220898e-02,-8.109617233276367188e-02,-4.174249768257141113e-01,-3.323013489114146068e-02,-9.934091567993164062e-02,-5.001817941665649414e-01,-2.609279719160895183e-02,-1.122137904167175293e-01,-5.688124001026153564e-01,-2.192088556455473736e-02,-5.011260509490966797e-03,-2.745616436004638672e-01,-4.956227322088579967e-02,-8.320868015289306641e-03,-4.398471713066101074e-01,-6.403342788087229565e-02,-1.197361946105957031e-02,-5.394644439220428467e-01,-7.026482527123789623e-02,-1.109987497329711914e-02,-6.161897778511047363e-01,-7.331147943602900341e-02,4.709070920944213867e-02,-2.588503956794738770e-01,-6.191729907857279613e-02,7.545745372772216797e-02,-4.041705131530761719e-01,-8.367333714829783275e-02,9.124660491943359375e-02,-4.964448213577270508e-01,-1.036332861052642329e-01,1.073240637779235840e-01,-5.637611746788024902e-01,-1.159348354207168086e-01,8.839774131774902344e-02,-2.314042448997497559e-01,-6.758939628468851879e-02,6.123489141464233398e-02,-2.808748781681060791e-01,-7.771655325757365063e-02,2.621489763259887695e-02,-2.451763749122619629e-01,-7.442133282290797069e-02,1.493418216705322266e-02,-2.016740441322326660e-01,-7.227436606751780346e-02
0.000000000000000000e+00,0.000000000000000000e+00,0.000000000000000000e+00,-5.409055948257446289e-02,-1.198371648788452148e-01,2.091196595233668631e-02,-4.066103696823120117e-02,-2.351508736610412598e-01,2.147644801539172477e-02,8.066415786743164062e-03,-2.826144397258758545e-01,2.220998188954581565e-02,4.822623729705810547e-02,-3.042802214622497559e-01,2.037506966394175834e-02,-6.243366003036499023e-02,-2.736364305019378662e-01,-3.048607663708935434e-02,-8.401829004287719727e-02,-4.162014722824096680e-01,-3.300875754553089791e-02,-1.018011569976806641e-01,-4.985534548759460449e-01,-2.592975230413685495e-02,-1.142993569374084473e-01,-5.675820708274841309e-01,-2.188885541158924752e-02,-5.425989627838134766e-03,-2.769418358802795410e-01,-4.738724560934315377e-02,-9.830772876739501953e-03,-4.397633671760559082e-01,-6.086476476389179879e-02,-1.381063461303710938e-02,-5.389064252376556396e-01,-6.672752605277310067e-02,-1.365786790847778320e-02,-6.158554255962371826e-01,-6.970364557105312997e-02,4.695993661880493164e-02,-2.613477706909179688e-01,-5.736008243161450082e-02,7.485455274581909180e-02,-4.038636088371276855e-01,-7.721284733611355477e-02,8.994442224502563477e-02,-4.946174323558807373e-01,-9.519959942895184213e-02,1.050530076026916504e-01,-5.603028237819671631e-01,-1.062769438465238636e-01,8.696579933166503906e-02,-2.333396077156066895e-01,-6.136977256733189279e-02,6.115245819091796875e-02,-2.842645049095153809e-01,-6.958991245824108773e-02,2.802109718322753906e-02,-2.488463521003723145e-01,-6.459668235379467660e-02,1.845061779022216797e-02,-2.043587565422058105e-01,-6.129632846909771615e-02
0.000000000000000000e+00,0.000000000000000000e+00,0.000000000000000000e+00,-5.367773771286010742e-02,-1.196864843368530273e-01,2.129459034338765377e-02,-3.999215364456176758e-02,-2.345232367515563965e-01,2.182147491410546536e-02,8.976399898529052734e-03,-2.819906473159790039e-01,2.234435479775243039e-02,4.975873231887817383e-02,-3.033231496810913086e-01,2.025009717479520077e-02,-6.187683343887329102e-02,-2.740054726600646973e-01,-3.069380458757109409e-02,-8.335107564926147461e-02,-4.172424674034118652e-01,-3.349199120268053775e-02,-1.011819243431091309e-01,-4.999220371246337891e-01,-2.673162680432028537e-02,-1.136231422424316406e-01,-5.689549446105957031e-01,-2.290283676549620395e-02,-4.721403121948242188e-03,-2.767501771450042725e-01,-4.795299817189402347e-02,-8.839786052703857422e-03,-4.403404593467712402e-01,-6.109941725000567203e-02,-1.312220096588134766e-02,-5.399478375911712646e-01,-6.700673301085657840e-02,-1.308882236480712891e-02,-6.166456937789916992e-01,-7.028185177907175785e-02,4.789984226226806641e-02,-2.610737681388854980e-01,-5.828971017464823490e-02,7.560652494430541992e-02,-4.050748646259307861e-01,-7.763378668889231449e-02,9.017652273178100586e-02,-4.953820705413818359e-01,-9.548084039553828006e-02,1.055179238319396973e-01,-5.601420104503631592e-01,-1.066924219237250782e-01,8.825153112411499023e-02,-2.334607243537902832e-01,-6.270419407948679691e-02,6.154549121856689453e-02,-2.865148782730102539e-01,-7.042692203387446170e-02,2.813470363616943359e-02,-2.522619962692260742e-01,-6.548155445918268924e-02,1.888000965118408203e-02,-2.088691592216491699e-01,-6.240860719546503788e-02
0.000000000000000000e+00,0.000000000000000000e+00,0.000000000000000000e+00,-5.409276485443115234e-02,-1.187285780906677246e-01,1.712574115214238191e-02,-3.995132446289062500e-02,-2.353341579437255859e-01,1.588571680900940919e-02,9.194016456604003906e-03,-2.864494323730468750e-01,1.573539389488587403e-02,4.982143640518188477e-02,-3.110699057579040527e-01,1.333459144649395967e-02,-6.218492984771728516e-02,-2.693787217140197754e-01,-3.614877300145735717e-02,-8.480083942413330078e-02,-4.136114120483398438e-01,-3.942601891043295836e-02,-1.022412776947021484e-01,-4.965500235557556152e-01,-3.233776749851813292e-02,-1.143690943717956543e-01,-5.654129981994628906e-01,-2.827116051497569060e-02,-4.708766937255859375e-03,-2.720732390880584717e-01,-5.177557604196181273e-02,-9.484350681304931641e-03,-4.373867213726043701e-01,-6.489732252242674804e-02,-1.334351301193237305e-02,-5.363503992557525635e-01,-7.050503181102385497e-02,-1.341354846954345703e-02,-6.123678684234619141e-01,-7.382258908631911254e-02,4.809868335723876953e-02,-2.572557926177978516e-01,-6.069872291567435241e-02,7.472509145736694336e-02,-4.011314511299133301e-01,-8.028669046046843505e-02,8.903121948242187500e-02,-4.904493391513824463e-01,-9.822067754151930785e-02,1.039212346076965332e-01,-5.538950562477111816e-01,-1.097988723385583398e-01,8.801549673080444336e-02,-2.311725020408630371e-01,-6.404059516074767089e-02,5.972421169281005859e-02,-2.840573489665985107e-01,-7.276821272256484008e-02,2.532106637954711914e-02,-2.506729960441589355e-01,-6.876721368911375976e-02,1.509630680084228516e-02,-2.077569961547851562e-01,-6.648673998000731444e-02
0.000000000000000000e+00,0.000000000000000000e+00,0.000000000000000000e+00,-5.308556556701660156e-02,-1.201565265655517578e-01,1.948334772015414273e-02,-3.976446390151977539e-02,-2.360988259315490723e-01,1.893624227369627988e-02,9.544193744659423828e-03,-2.847107946872711182e-01,1.885213453198275602e-02,5.181276798248291016e-02,-3.086819648742675781e-01,1.609408605719409024e-02,-5.988204479217529297e-02,-2.702162265777587891e-01,-3.478042844807305300e-02,-8.179920911788940430e-02,-4.136393964290618896e-01,-3.839843411122956240e-02,-9.972238540649414062e-02,-4.967553615570068359e-01,-3.193304751192727053e-02,-1.123740077018737793e-01,-5.661061406135559082e-01,-2.834510680412449801e-02,-3.361046314239501953e-03,-2.725036740303039551e-01,-5.170649726068177188e-02,-7.274031639099121094e-03,-4.377399682998657227e-01,-6.611402396237053836e-02,-1.132571697235107422e-02,-5.379006564617156982e-01,-7.279090646778740847e-02,-1.145970821380615234e-02,-6.150115728378295898e-01,-7.656200293575921023e-02,4.830163717269897461e-02,-2.578242421150207520e-01,-6.161443952595391238e-02,7.654887437820434570e-02,-4.038993716239929199e-01,-8.285950932776131594e-02,9.135383367538452148e-02,-4.938284456729888916e-01,-1.014255291608492371e-01,1.064261794090270996e-01,-5.583990514278411865e-01,-1.128851554182688233e-01,8.766424655914306641e-02,-2.321200966835021973e-01,-6.554843548809685672e-02,6.014060974121093750e-02,-2.880196571350097656e-01,-7.562009308611550296e-02,2.622187137603759766e-02,-2.530864477157592773e-01,-7.152516458307900393e-02,1.660954952239990234e-02,-2.090101838111877441e-01,-6.878438655411400759e-02
0.000000000000000000e+00,0.000000000000000000e+00,0.000000000000000000e+00,-5.389660596847534180e-02,-1.197289824485778809e-01,1.998831249636623397e-02,-3.992450237274169922e-02,-2.341583371162414551e-01,2.008894003790828720e-02,8.622169494628906250e-03,-2.820312082767486572e-01,2.048283174497100845e-02,5.098432302474975586e-02,-3.059344291687011719e-01,1.847943767768356338e-02,-6.125032901763916016e-02,-2.704782485961914062e-01,-3.183935850995567307e-02,-8.306962251663208008e-02,-4.128296971321105957e-01,-3.514362767475631699e-02,-1.007924675941467285e-01,-4.957405030727386475e-01,-2.852187015253093705e-02,-1.132783293724060059e-01,-5.650638937950134277e-01,-2.472864918547656998e-02,-4.746913909912109375e-03,-2.748843431472778320e-01,-4.848909273880508408e-02,-9.252905845642089844e-03,-4.392730891704559326e-01,-6.206540659206893906e-02,-1.298964023590087891e-02,-5.386518239974975586e-01,-6.773701205986526475e-02,-1.337248086929321289e-02,-6.150109767913818359e-01,-7.058957114952590928e-02,4.703140258789062500e-02,-2.606795430183410645e-01,-5.836632371085670457e-02,7.368552684783935547e-02,-4.018287360668182373e-01,-7.751726254957702622e-02,8.787256479263305664e-02,-4.914479553699493408e-01,-9.498191520708587632e-02,1.016183495521545410e-01,-5.554280877113342285e-01,-1.058689792467930602e-01,8.580917119979858398e-02,-2.341871857643127441e-01,-6.252741709488418564e-02,5.697655677795410156e-02,-2.839750945568084717e-01,-7.019506290691879258e-02,2.186179161071777344e-02,-2.503840923309326172e-01,-6.553912058609512314e-02,1.082658767700195312e-02,-2.077392339706420898e-01,-6.258277490871932969e-02
0.000000000000000000e+00,0.000000000000000000e+00,0.000000000000000000e+00,-5.229675769805908203e-02,-1.199375987052917480e-01,2.103515798904709300e-02,-3.772085905075073242e-02,-2.358018755912780762e-01,2.189658852972797831e-02,1.108908653259277344e-02,-2.838539779186248779e-01,2.291958863594345530e-02,5.351775884628295898e-02,-3.092923164367675781e-01,2.143386835911087474e-02,-6.050145626068115234e-02,-2.696245312690734863e-01,-3.090369803152270833e-02,-8.189237117767333984e-02,-4.129046797752380371e-01,-3.327128579161353628e-02,-9.951162338256835938e-02,-4.957385659217834473e-01,-2.547525716266818563e-02,-1.120870709419250488e-01,-5.650331676006317139e-01,-2.093027075073905507e-02,-4.251956939697265625e-03,-2.750630974769592285e-01,-4.798118685624785940e-02,-8.662521839141845703e-03,-4.396418333053588867e-01,-6.072553907773681203e-02,-1.249819993972778320e-02,-5.388368964195251465e-01,-6.561914001844115774e-02,-1.245880126953125000e-02,-6.153980791568756104e-01,-6.797077422282882253e-02,4.746985435485839844e-02,-2.613611221313476562e-01,-5.820365165612884084e-02,7.499039173126220703e-02,-4.032614529132843018e-01,-7.676917230031676809e-02,8.957427740097045898e-02,-4.927121698856353760e-01,-9.388752942226119558e-02,1.040104031562805176e-01,-5.573861002922058105e-01,-1.046919590725678972e-01,8.665370941162109375e-02,-2.349566221237182617e-01,-6.262737428090758840e-02,5.834543704986572266e-02,-2.823917269706726074e-01,-7.014124756000228444e-02,2.405160665512084961e-02,-2.473676204681396484e-01,-6.556161408565230886e-02,1.425939798355102539e-02,-2.041397690773010254e-01,-6.274980967185683767e-02
0.000000000000000000e+00,0.000000000000000000e+00,0.000000000000000000e+00,-5.318266153335571289e-02,-1.209827661514282227e-01,2.109620471620132776e-02,-3.868067264556884766e-02,-2.372270226478576660e-01,2.200424981438686700e-02,1.057428121566772461e-02,-2.868600785732269287e-01,2.310803097807934137e-02,5.182999372482299805e-02,-3.135190010070800781e-01,2.174400848471691461e-02,-6.160807609558105469e-02,-2.717782258987426758e-01,-3.060573960519263892e-02,-8.358496427536010742e-02,-4.148306846618652344e-01,-3.341987046277949958e-02,-1.015235185623168945e-01,-4.975085258483886719e-01,-2.626720878160426764e-02,-1.139309406280517578e-01,-5.671898722648620605e-01,-2.221603008783290534e-02,-5.615532398223876953e-03,-2.751690745353698730e-01,-4.824625390446612982e-02,-9.472370147705078125e-03,-4.405524134635925293e-01,-6.194502550042102484e-02,-1.301091909408569336e-02,-5.407121777534484863e-01,-6.797497409260699897e-02,-1.301509141921997070e-02,-6.181626915931701660e-01,-7.125492828762958197e-02,4.618906974792480469e-02,-2.606907486915588379e-01,-5.916303458488414435e-02,7.512730360031127930e-02,-4.056696593761444092e-01,-8.043812650120685248e-02,8.992588520050048828e-02,-4.949937760829925537e-01,-9.953382301009128241e-02,1.042943000793457031e-01,-5.593764781951904297e-01,-1.111781938639921918e-01,8.560597896575927734e-02,-2.342909574508666992e-01,-6.397635179436633734e-02,5.702137947082519531e-02,-2.913445532321929932e-01,-7.438687669909427314e-02,2.080923318862915039e-02,-2.572678327560424805e-01,-7.105866509354541449e-02,8.947014808654785156e-03,-2.140686511993408203e-01,-6.880881327069232611e-02
0.000000000000000000e+00,0.000000000000000000e+00,0.000000000000000000e+00,-5.303567647933959961e-02,-1.209588646888732910e-01,2.416425083700346477e-02,-4.043775796890258789e-02,-2.338450551033020020e-01,2.632684704784082896e-02,5.742430686950683594e-03,-2.830094695091247559e-01,2.785958607617544658e-02,4.562610387802124023e-02,-3.071565628051757812e-01,2.697208036605047710e-02,-6.175345182418823242e-02,-2.712228298187255859e-01,-2.603981758531404012e-02,-8.343935012817382812e-02,-4.143745303153991699e-01,-2.789525802310777181e-02,-1.010575294494628906e-01,-4.965141415596008301e-01,-1.990663561102223866e-02,-1.137225627899169922e-01,-5.652134716510772705e-01,-1.507437902566266530e-02,-6.038427352905273438e-03,-2.758575081825256348e-01,-4.429395052667928212e-02,-1.043289899826049805e-02,-4.389876723289489746e-01,-5.749206173297238820e-02,-1.397305727005004883e-02,-5.377599298954010010e-01,-6.199378076073003285e-02,-1.402837038040161133e-02,-6.139461696147918701e-01,-6.366900282975507253e-02,4.553407430648803711e-02,-2.611072659492492676e-01,-5.570116940018010609e-02,7.344859838485717773e-02,-4.025418162345886230e-01,-7.485336738702130788e-02,8.865094184875488281e-02,-4.919520020484924316e-01,-9.141163456317258351e-02,1.033897995948791504e-01,-5.567433238029479980e-01,-1.012555353629238653e-01,8.528405427932739258e-02,-2.326286435127258301e-01,-6.100044327851605885e-02,5.933976173400878906e-02,-2.852828800678253174e-01,-6.782639700051618092e-02,2.508896589279174805e-02,-2.515615820884704590e-01,-6.189398395892453664e-02,1.410615444183349609e-02,-2.083717584609985352e-01,-5.790701436873746388e-02
0.000000000000000000e+00,0.000000000000000000e+00,0.000000000000000000e+00,-5.240356922149658203e-02,-1.214463710784912109e-01,2.346632175255081165e-02,-4.005914926528930664e-02,-2.340667843818664551e-01,2.463772066045066822e-02,6.579160690307617188e-03,-2.798161804676055908e-01,2.543367177355548847e-02,4.702192544937133789e-02,-3.010016381740570068e-01,2.350970834601184833e-02,-6.072580814361572266e-02,-2.721468806266784668e-01,-2.973589382958152783e-02,-8.238095045089721680e-02,-4.146526753902435303e-01,-3.249988973033168804e-02,-1.004143357276916504e-01,-4.968026280403137207e-01,-2.496795065593460095e-02,-1.132160425186157227e-01,-5.661038756370544434e-01,-2.052441693734863293e-02,-4.558324813842773438e-03,-2.771021127700805664e-01,-4.779172584306934368e-02,-9.759545326232910156e-03,-4.404933452606201172e-01,-6.274232536446788799e-02,-1.357555389404296875e-02,-5.400765240192413330e-01,-6.841652363431194317e-02,-1.327282190322875977e-02,-6.173724532127380371e-01,-7.077164471041896832e-02,4.696053266525268555e-02,-2.623966336250305176e-01,-5.862381204855182659e-02,7.439517974853515625e-02,-4.042870998382568359e-01,-7.963847637068965923e-02,8.969664573669433594e-02,-4.948770701885223389e-01,-9.733317315470912945e-02,1.053540110588073730e-01,-5.606941580772399902e-01,-1.076142740238879014e-01,8.584839105606079102e-02,-2.347614169120788574e-01,-6.315336644541957867e-02,5.761128664016723633e-02,-2.864048480987548828e-01,-7.166741311442592632e-02,2.279108762741088867e-02,-2.509564161300659180e-01,-6.636625051390865337e-02,1.282399892807006836e-02,-2.066152691841125488e-01,-6.255192577731349957e-02
0.000000000000000000e+00,0.000000000000000000e+00,0.000000000000000000e+00,-5.222839117050170898e-02,-1.224566102027893066e-01,2.623033721562251230e-02,-3.863948583602905273e-02,-2.348163127899169922e-01,2.860923681970461985e-02,8.091330528259277344e-03,-2.805269956588745117e-01,2.984550420757159372e-02,4.794663190841674805e-02,-3.013329505920410156e-01,2.827849250849112650e-02,-6.238365173339843750e-02,-2.736788690090179443e-01,-2.432938094619885305e-02,-8.273208141326904297e-02,-4.143627285957336426e-01,-2.564296673421040396e-02,-1.006147861480712891e-01,-4.953944385051727295e-01,-1.743072073344364981e-02,-1.132333278656005859e-01,-5.642260909080505371e-01,-1.277493301216736654e-02,-6.599485874176025391e-03,-2.787122130393981934e-01,-4.369317355934754232e-02,-1.092535257339477539e-02,-4.399618506431579590e-01,-5.729964363757744650e-02,-1.448035240173339844e-02,-5.387331247329711914e-01,-6.256379175368920187e-02,-1.399123668670654297e-02,-6.157881021499633789e-01,-6.484392273608818869e-02,4.511517286300659180e-02,-2.637361884117126465e-01,-5.589492234770432333e-02,7.335835695266723633e-02,-4.036179780960083008e-01,-7.556499529067650656e-02,8.879047632217407227e-02,-4.934815168380737305e-01,-9.307645249549523214e-02,1.036446690559387207e-01,-5.595546066761016846e-01,-1.036380379218257985e-01,8.519685268402099609e-02,-2.356235384941101074e-01,-6.169701355878487448e-02,5.814975500106811523e-02,-2.848417460918426514e-01,-6.885060656253472189e-02,2.363264560699462891e-02,-2.491905093193054199e-01,-6.346438068334236959e-02,1.314824819564819336e-02,-2.050520777702331543e-01,-5.998853582326546530e-02
0.000000000000000000e+00,0.000000000000000000e+00,0.000000000000000000e+00,-5.305433273315429688e-02,-1.201750040054321289e-01,2.609677693351386552e-02,-3.998869657516479492e-02,-2.335874438285827637e-01,2.903498417242644791e-02,6.045997142791748047e-03,-2.825078070163726807e-01,3.096820494636176591e-02,4.567754268646240234e-02,-3.054068684577941895e-01,3.047075948222754960e-02,-6.333053112030029297e-02,-2.741250395774841309e-01,-2.380158299104095931e-02,-8.397209644317626953e-02,-4.168904423713684082e-01,-2.536274412170769210e-02,-1.015845537185668945e-01,-4.984714686870574951e-01,-1.761937433377624984e-02,-1.138302683830261230e-01,-5.664020180702209473e-01,-1.306769264385820861e-02,-7.220685482025146484e-03,-2.784893810749053955e-01,-4.266349890724541183e-02,-1.053535938262939453e-02,-4.414303302764892578e-01,-5.499679142133118148e-02,-1.443481445312500000e-02,-5.402652323246002197e-01,-5.994614133135200973e-02,-1.474374532699584961e-02,-6.159763634204864502e-01,-6.222687581077934738e-02,4.508262872695922852e-02,-2.636249065399169922e-01,-5.452157476440788741e-02,7.310867309570312500e-02,-4.051021933555603027e-01,-7.203219750419975753e-02,8.815807104110717773e-02,-4.939620494842529297e-01,-8.886974224344612594e-02,1.028516292572021484e-01,-5.580186843872070312e-01,-9.939981171385170455e-02,8.574044704437255859e-02,-2.359328269958496094e-01,-6.020544388786674972e-02,5.907934904098510742e-02,-2.849413752555847168e-01,-6.590565213457466598e-02,2.459603548049926758e-02,-2.515065670013427734e-01,-6.076662534371735092e-02,1.383763551712036133e-02,-2.097272872924804688e-01,-5.759453692928673263e-02
0.000000000000000000e+00,0.000000000000000000e+00,0.000000000000000000e+00,-5.157005786895751953e-02,-1.221023201942443848e-01,2.316015245020253133e-02,-3.782403469085693359e-02,-2.372394204139709473e-01,2.476682917773587178e-02,1.083964109420776367e-02,-2.843454778194427490e-01,2.556018376350266408e-02,5.187082290649414062e-02,-3.069846332073211670e-01,2.381614068150383901e-02,-6.287318468093872070e-02,-2.745990753173828125e-01,-2.535225047171252299e-02,-8.315527439117431641e-02,-4.165310561656951904e-01,-2.686748808622496654e-02,-1.006997227668762207e-01,-4.977068305015563965e-01,-1.901201499998705913e-02,-1.130796670913696289e-01,-5.660675168037414551e-01,-1.480600206554072429e-02,-6.146371364593505859e-03,-2.794968783855438232e-01,-4.410740701854365398e-02,-9.739875793457031250e-03,-4.403127431869506836e-01,-5.702798409760134746e-02,-1.367080211639404297e-02,-5.383660495281219482e-01,-6.342481045425074626e-02,-1.350259780883789062e-02,-6.153684258460998535e-01,-6.700558184087412883e-02,4.601323604583740234e-02,-2.641398310661315918e-01,-5.616250975430148173e-02,7.374006509780883789e-02,-4.055643975734710693e-01,-7.602684913575785686e-02,8.891052007675170898e-02,-4.951929152011871338e-01,-9.559710292518275310e-02,1.035406589508056641e-01,-5.609682500362396240e-01,-1.079979237765087419e-01,8.636254072189331055e-02,-2.361764311790466309e-01,-6.211180208623545695e-02,5.809801816940307617e-02,-2.846837341785430908e-01,-7.141459701955454875e-02,2.279222011566162109e-02,-2.518537044525146484e-01,-6.895156918466227580e-02,1.112359762191772461e-02,-2.109249234199523926e-01,-6.760580806434290935e-02
0.000000000000000000e+00,0.000000000000000000e+00,0.000000000000000000e+00,-5.288141965866088867e-02,-1.196079254150390625e-01,2.146134744788241733e-02,-3.960472345352172852e-02,-2.358406782150268555e-01,2.283122982288432468e-02,8.944213390350341797e-03,-2.830368578433990479e-01,2.374453689361644138e-02,4.846668243408203125e-02,-3.045290410518646240e-01,2.200542982126307834e-02,-6.264865398406982422e-02,-2.732661962509155273e-01,-2.678148601745533597e-02,-8.430540561676025391e-02,-4.151343107223510742e-01,-2.882035974954533231e-02,-1.020674705505371094e-01,-4.968616068363189697e-01,-2.119122785126137387e-02,-1.145600676536560059e-01,-5.652755200862884521e-01,-1.683270153199600827e-02,-6.060600280761718750e-03,-2.784982919692993164e-01,-4.483196665142941129e-02,-1.055777072906494141e-02,-4.400352239608764648e-01,-5.774380419944691312e-02,-1.493263244628906250e-02,-5.391852557659149170e-01,-6.393378008698391568e-02,-1.505476236343383789e-02,-6.170163452625274658e-01,-6.705639292096066129e-02,4.555624723434448242e-02,-2.637817859649658203e-01,-5.639096502756046903e-02,7.217848300933837891e-02,-4.049827456474304199e-01,-7.710891742800640714e-02,8.631426095962524414e-02,-4.963058829307556152e-01,-9.743501026724743497e-02,1.001687049865722656e-01,-5.634463429450988770e-01,-1.099642120728390182e-01,8.541083335876464844e-02,-2.362829446792602539e-01,-6.190413389896320950e-02,5.830949544906616211e-02,-2.859237492084503174e-01,-7.169616748188900601e-02,2.431648969650268555e-02,-2.518880367279052734e-01,-6.905565191601681363e-02,1.364684104919433594e-02,-2.094397544860839844e-01,-6.737071801518368375e-02
0.000000000000000000e+00,0.000000000000000000e+00,0.000000000000000000e+00,-5.248481035232543945e-02,-1.203988194465637207e-01,2.192163132932023473e-02,-3.835457563400268555e-02,-2.362408041954040527e-01,2.255535163786248631e-02,1.089304685592651367e-02,-2.844336628913879395e-01,2.299036123659448094e-02,4.904419183731079102e-02,-3.059659600257873535e-01,2.079585418906049199e-02,-6.390821933746337891e-02,-2.719062566757202148e-01,-2.940810061190290980e-02,-8.486557006835937500e-02,-4.143991768360137939e-01,-3.157262652311487727e-02,-1.025087237358093262e-01,-4.963642358779907227e-01,-2.388998641762896114e-02,-1.151687502861022949e-01,-5.652047991752624512e-01,-1.957598849330111079e-02,-7.173061370849609375e-03,-2.760372757911682129e-01,-4.740463345441980891e-02,-1.114594936370849609e-02,-4.385030269622802734e-01,-6.153168677482767635e-02,-1.511996984481811523e-02,-5.379912555217742920e-01,-6.792932897005243831e-02,-1.499778032302856445e-02,-6.163060367107391357e-01,-7.110966890249414973e-02,4.497998952865600586e-02,-2.609907984733581543e-01,-5.843715145383043819e-02,7.178235054016113281e-02,-4.039733409881591797e-01,-7.988271265421076350e-02,8.628159761428833008e-02,-4.953575134277343750e-01,-9.915119557771845393e-02,1.008250117301940918e-01,-5.630151629447937012e-01,-1.107673659840600067e-01,8.574253320693969727e-02,-2.340775728225708008e-01,-6.324019431266947322e-02,5.863094329833984375e-02,-2.867230474948883057e-01,-7.256197332534952693e-02,2.433300018310546875e-02,-2.526115775108337402e-01,-6.855516283903284602e-02,1.397836208343505859e-02,-2.101586461067199707e-01,-6.593592613134546809e-02
0.000000000000000000e+00,0.000000000000000000e+00,0.000000000000000000e+00,-5.237662792205810547e-02,-1.202136874198913574e-01,2.083787919212909401e-02,-3.869658708572387695e-02,-2.372291088104248047e-01,2.204857432474227608e-02,9.445130825042724609e-03,-2.885619997978210449e-01,2.311183736850352943e-02,4.794371128082275391e-02,-3.126582503318786621e-01,2.195574195314975441e-02,-6.236249208450317383e-02,-2.737622857093811035e-01,-2.694301455090908348e-02,-8.510339260101318359e-02,-4.162754416465759277e-01,-2.939388490091232597e-02,-1.029490232467651367e-01,-4.986520409584045410e-01,-2.246938607464699089e-02,-1.159831881523132324e-01,-5.678637325763702393e-01,-1.869631334017185509e-02,-6.068110466003417969e-03,-2.780958712100982666e-01,-4.474822579692272484e-02,-1.016002893447875977e-02,-4.396421313285827637e-01,-5.855788810919193565e-02,-1.364773511886596680e-02,-5.386923253536224365e-01,-6.509450970958141625e-02,-1.428759098052978516e-02,-6.161639690399169922e-01,-6.848040371011165917e-02,4.562819004058837891e-02,-2.627378702163696289e-01,-5.615352987121013939e-02,7.260364294052124023e-02,-4.038524329662322998e-01,-7.704816161464123070e-02,8.794039487838745117e-02,-4.941480755805969238e-01,-9.646904616425899803e-02,1.021103858947753906e-01,-5.603693425655364990e-01,-1.083072066194858962e-01,8.543920516967773438e-02,-2.344911098480224609e-01,-6.163658349584011376e-02,5.883717536926269531e-02,-2.879666388034820557e-01,-7.140056936810879051e-02,2.388674020767211914e-02,-2.556846141815185547e-01,-6.817931084702877342e-02,1.147055625915527344e-02,-2.142345309257507324e-01,-6.604411600898174584e-02
0.000000000000000000e+00,0.000000000000000000e+00,0.000000000000000000e+00,-5.152916908264160156e-02,-1.224794387817382812e-01,2.100118278684703910e-02,-3.506022691726684570e-02,-2.405408024787902832e-01,2.123333542766658866e-02,1.595330238342285156e-02,-2.925053834915161133e-01,2.171060285689918601e-02,5.489569902420043945e-02,-3.194987177848815918e-01,1.980687148096649253e-02,-6.076210737228393555e-02,-2.723048925399780273e-01,-3.125773341236026681e-02,-8.252781629562377930e-02,-4.155125021934509277e-01,-3.421099454936893380e-02,-1.005325913429260254e-01,-4.979830384254455566e-01,-2.754279197034747995e-02,-1.132192015647888184e-01,-5.678379535675048828e-01,-2.415673591968925393e-02,-4.648745059967041016e-03,-2.752323150634765625e-01,-4.908787802634151376e-02,-7.981419563293457031e-03,-4.386502206325531006e-01,-6.260939658460529245e-02,-1.158004999160766602e-02,-5.381783545017242432e-01,-6.968042225418003000e-02,-1.155662536621093750e-02,-6.161943376064300537e-01,-7.424057991084964669e-02,4.694837331771850586e-02,-2.600747942924499512e-01,-6.006078020510585702e-02,7.490926980972290039e-02,-4.054156541824340820e-01,-8.124838740405948556e-02,8.998626470565795898e-02,-4.958516061305999756e-01,-1.013992053347578803e-01,1.047986149787902832e-01,-5.619925260543823242e-01,-1.143735793310156623e-01,8.680462837219238281e-02,-2.338782548904418945e-01,-6.486131221828372873e-02,5.901509523391723633e-02,-2.897985875606536865e-01,-7.553214550790698922e-02,2.296912670135498047e-02,-2.571459412574768066e-01,-7.320688635883243478e-02,1.095175743103027344e-02,-2.166173458099365234e-01,-7.209961832342060006e-02
