0.000000000000000000e+00,0.000000000000000000e+00,0.000000000000000000e+00,2.769753336906433105e-02,-5.654788017272949219e-02,-2.086097919971052761e-02,3.400316834449768066e-02,-1.356787681579589844e-01,-3.203885430127684231e-02,2.704843878746032715e-02,-1.957643628120422363e-01,-4.145005145699087734e-02,2.296587824821472168e-02,-2.509695887565612793e-01,-4.884416037828032131e-02,-2.792730927467346191e-02,-1.760634779930114746e-01,-3.575658598572317715e-02,1.514074206352233887e-02,-2.085599005222320557e-01,-6.597330966621939297e-02,1.923370361328125000e-02,-2.080763578414916992e-01,-8.176441291004721279e-02,1.289680600166320801e-02,-2.122596502304077148e-01,-8.996560969978872890e-02,-5.098012089729309082e-02,-1.564807891845703125e-01,-3.833521330386702175e-02,9.806632995605468750e-03,-1.833268105983734131e-01,-7.008733400732580776e-02,4.678636789321899414e-03,-1.525721549987792969e-01,-7.545299628407065029e-02,-1.192852854728698730e-02,-1.333177983760833740e-01,-7.471621581942144985e-02,-6.156381964683532715e-02,-1.214928925037384033e-01,-4.358095476061407680e-02,1.670718193054199219e-03,-1.408896744251251221e-01,-7.486564466387335415e-02,-6.469786167144775391e-04,-1.076618432998657227e-01,-7.037552246481482143e-02,-1.313099265098571777e-02,-8.954024314880371094e-02,-6.171011352569166775e-02,-6.453984975814819336e-02,-7.681936025619506836e-02,-5.061384090811316128e-02,-8.119612932205200195e-03,-9.326338768005371094e-02,-7.365853139788214321e-02,-2.929389476776123047e-03,-6.948882341384887695e-02,-7.177486071020666714e-02,-9.437888860702514648e-03,-5.312907695770263672e-02,-6.619483032852713222e-02
0.000000000000000000e+00,0.000000000000000000e+00,0.000000000000000000e+00,2.300065755844116211e-02,-6.598722934722900391e-02,-1.214930834497351952e-02,1.810675859451293945e-02,-1.428798139095306396e-01,-2.047191513950963326e-02,1.001554727554321289e-02,-2.012736797332763672e-01,-2.845195634539265939e-02,7.576972246170043945e-03,-2.467932105064392090e-01,-3.294880828137536355e-02,-6.198957562446594238e-02,-1.808271408081054688e-01,-1.946863485748906442e-02,-2.548694610595703125e-03,-2.098093330860137939e-01,-4.674442624921937295e-02,1.758864521980285645e-02,-1.603093147277832031e-01,-5.898306658740182229e-02,1.007783412933349609e-02,-1.350889503955841064e-01,-6.473267590875764199e-02,-8.229944109916687012e-02,-1.512226164340972900e-01,-2.463846607382436105e-02,-7.287234067916870117e-03,-1.725307703018188477e-01,-5.033030873413224526e-02,1.207169890403747559e-02,-1.206233203411102295e-01,-5.133489659304757424e-02,2.140790224075317383e-03,-1.005278825759887695e-01,-4.903006321067948647e-02,-8.811816573143005371e-02,-1.100087463855743408e-01,-3.283380484457154580e-02,-1.277497410774230957e-02,-1.271905004978179932e-01,-5.925530335183282205e-02,5.538791418075561523e-03,-8.368742465972900391e-02,-5.204506358380456277e-02,-3.509849309921264648e-03,-6.775265932083129883e-02,-4.307449376459260293e-02,-8.428201079368591309e-02,-6.510335206985473633e-02,-4.204448824997086831e-02,-2.384912967681884766e-02,-8.089917898178100586e-02,-5.834175413723130532e-02,-6.985276937484741211e-03,-5.269718170166015625e-02,-5.349340057249207803e-02,-1.312357187271118164e-02,-3.863877058029174805e-02,-4.676739638919968911e-02
0.000000000000000000e+00,0.000000000000000000e+00,0.000000000000000000e+00,2.366021275520324707e-02,-7.307064533233642578e-02,-1.231353833412640597e-02,1.864930987358093262e-02,-1.485267877578735352e-01,-2.103413279240839984e-02,9.175062179565429688e-03,-2.057322561740875244e-01,-3.009087043886893298e-02,4.315018653869628906e-03,-2.542348504066467285e-01,-3.583610440676920916e-02,-6.164029240608215332e-02,-1.878191232681274414e-01,-1.370804674064629580e-02,-3.961235284805297852e-03,-2.163041830062866211e-01,-4.130917425339930560e-02,1.845610141754150391e-02,-1.699594259262084961e-01,-5.694087605064623858e-02,1.471728086471557617e-02,-1.448273956775665283e-01,-6.605377058571093585e-02,-8.246293663978576660e-02,-1.567919850349426270e-01,-1.929289112871401812e-02,-7.075846195220947266e-03,-1.763213872909545898e-01,-4.597767080252879168e-02,1.274076104164123535e-02,-1.280872523784637451e-01,-5.224445100014918353e-02,3.575623035430908203e-03,-1.072795689105987549e-01,-5.393705154841654803e-02,-8.853787183761596680e-02,-1.162021160125732422e-01,-2.805710594242327716e-02,-1.295906305313110352e-02,-1.316581070423126221e-01,-5.407075966780894305e-02,6.186902523040771484e-03,-9.152168035507202148e-02,-5.112961317485087420e-02,-2.267956733703613281e-03,-7.573497295379638672e-02,-4.557478810733073260e-02,-8.460167050361633301e-02,-7.157713174819946289e-02,-3.832255686705821063e-02,-2.285727858543395996e-02,-8.263027667999267578e-02,-5.501582111304514910e-02,-4.003256559371948242e-03,-6.093972921371459961e-02,-5.376657481377833392e-02,-9.013503789901733398e-03,-5.140918493270874023e-02,-4.968271414821856524e-02
0.000000000000000000e+00,0.000000000000000000e+00,0.000000000000000000e+00,2.746197581291198730e-02,-7.402348518371582031e-02,-1.196195315077375199e-02,2.428320050239562988e-02,-1.548278927803039551e-01,-2.001085169121097351e-02,1.566666364669799805e-02,-2.144845724105834961e-01,-2.847160808249782349e-02,1.146721839904785156e-02,-2.635926604270935059e-01,-3.330814130112003113e-02,-5.342930555343627930e-02,-1.934278905391693115e-01,-1.240636351957391526e-02,2.060979604721069336e-03,-2.253731787204742432e-01,-3.895152396961520935e-02,2.219626307487487793e-02,-1.784516274929046631e-01,-5.359298400088619019e-02,1.705625653266906738e-02,-1.552564799785614014e-01,-6.250308863326381470e-02,-7.454296946525573730e-02,-1.639285981655120850e-01,-1.825291141375373627e-02,-1.496672630310058594e-03,-1.852112412452697754e-01,-4.343840144082378174e-02,1.618024706840515137e-02,-1.389631927013397217e-01,-4.867668859168361450e-02,6.328374147415161133e-03,-1.222332715988159180e-01,-5.018892548486064697e-02,-8.147123456001281738e-02,-1.247145831584930420e-01,-2.743954061969589020e-02,-6.131947040557861328e-03,-1.391693949699401855e-01,-5.140796340509723450e-02,9.438127279281616211e-03,-9.957712888717651367e-02,-4.760367460056613709e-02,-2.164393663406372070e-03,-8.640241622924804688e-02,-4.247436709209750916e-02,-7.857933640480041504e-02,-8.217263221740722656e-02,-3.836447409793208863e-02,-1.539167761802673340e-02,-9.121221303939819336e-02,-5.365603453918765808e-02,-1.178413629531860352e-03,-6.620311737060546875e-02,-5.246521196767162110e-02,-1.108515262603759766e-02,-5.572789907455444336e-02,-4.921286217376064087e-02
0.000000000000000000e+00,0.000000000000000000e+00,0.000000000000000000e+00,2.656444907188415527e-02,-7.178866863250732422e-02,-1.179659227943830047e-02,2.231606841087341309e-02,-1.526990532875061035e-01,-1.965193591183833632e-02,1.376196742057800293e-02,-2.120455205440521240e-01,-2.796587488717250380e-02,1.036092638969421387e-02,-2.602139115333557129e-01,-3.263669042951278243e-02,-5.555576086044311523e-02,-1.935057342052459717e-01,-1.249381854302100692e-02,1.969933509826660156e-03,-2.240797877311706543e-01,-4.016552074915580306e-02,2.287653088569641113e-02,-1.745448112487792969e-01,-5.501962407595328841e-02,1.975458860397338867e-02,-1.492976844310760498e-01,-6.340450747973136458e-02,-7.734608650207519531e-02,-1.643780767917633057e-01,-1.830294123953990493e-02,-2.910673618316650391e-03,-1.832255125045776367e-01,-4.470391153461150680e-02,1.549479365348815918e-02,-1.331277191638946533e-01,-4.921902670628242049e-02,6.856471300125122070e-03,-1.149747669696807861e-01,-4.963938846356086287e-02,-8.405655622482299805e-02,-1.246488690376281738e-01,-2.764091408914737258e-02,-8.307129144668579102e-03,-1.381078362464904785e-01,-5.309597729808501754e-02,7.780224084854125977e-03,-9.579241275787353516e-02,-4.866403295761756453e-02,-2.561897039413452148e-03,-8.167868852615356445e-02,-4.238596885568313155e-02,-8.073869347572326660e-02,-8.172816038131713867e-02,-3.854649840957335982e-02,-1.789423823356628418e-02,-9.021538496017456055e-02,-5.432883232003860030e-02,-3.272861242294311523e-03,-6.395119428634643555e-02,-5.242600246435813460e-02,-1.230877637863159180e-02,-5.335497856140136719e-02,-4.832085921532325301e-02
0.000000000000000000e+00,0.000000000000000000e+00,0.000000000000000000e+00,2.625820040702819824e-02,-7.570457458496093750e-02,-1.065696389642312170e-02,2.178421616554260254e-02,-1.559827923774719238e-01,-1.806755350199296117e-02,1.380053162574768066e-02,-2.142820954322814941e-01,-2.613590830233647466e-02,1.124042272567749023e-02,-2.623374462127685547e-01,-3.064648607042386175e-02,-5.523255467414855957e-02,-1.946859359741210938e-01,-1.062268470641924978e-02,3.119140863418579102e-03,-2.226046621799468994e-01,-3.642483228114201665e-02,2.237454056739807129e-02,-1.750645637512207031e-01,-5.067666420009686590e-02,1.523730158805847168e-02,-1.547321379184722900e-01,-5.951126092341496587e-02,-7.646146416664123535e-02,-1.649197936058044434e-01,-1.703471676674439550e-02,-1.734524965286254883e-03,-1.833845973014831543e-01,-4.196892851260258794e-02,1.610523462295532227e-02,-1.360200643539428711e-01,-4.688332774904324651e-02,5.030661821365356445e-03,-1.208980977535247803e-01,-4.830126636889531255e-02,-8.301681280136108398e-02,-1.244601905345916748e-01,-2.662593671348645330e-02,-8.025467395782470703e-03,-1.387779116630554199e-01,-5.117358067300870061e-02,8.548080921173095703e-03,-9.879428148269653320e-02,-4.694912755158497930e-02,-3.274619579315185547e-03,-8.584523200988769531e-02,-4.132130169537617803e-02,-7.982870936393737793e-02,-8.049923181533813477e-02,-3.766302936938359380e-02,-1.829695701599121094e-02,-8.948671817779541016e-02,-5.325178602006985784e-02,-3.094792366027832031e-03,-6.536293029785156250e-02,-5.131062292721821905e-02,-1.321327686309814453e-02,-5.525892972946166992e-02,-4.737767377164914251e-02
0.000000000000000000e+00,0.000000000000000000e+00,0.000000000000000000e+00,2.543342113494873047e-02,-7.515984773635864258e-02,-1.163077664276102041e-02,2.057677507400512695e-02,-1.558972001075744629e-01,-1.961786982317903494e-02,1.264700293540954590e-02,-2.158231437206268311e-01,-2.805085231264570211e-02,9.242206811904907227e-03,-2.656502127647399902e-01,-3.293062497576215719e-02,-5.798426270484924316e-02,-1.937162280082702637e-01,-1.229029086132982229e-02,5.884468555450439453e-04,-2.219330370426177979e-01,-3.807870049675443624e-02,1.984742283821105957e-02,-1.748605668544769287e-01,-5.181740720470884298e-02,1.296234130859375000e-02,-1.540187895298004150e-01,-6.019647170504072164e-02,-7.897865772247314453e-02,-1.639086008071899414e-01,-1.825552557309606527e-02,-3.409445285797119141e-03,-1.827686429023742676e-01,-4.314149294694402670e-02,1.387575268745422363e-02,-1.357973814010620117e-01,-4.774099711974599813e-02,2.261519432067871094e-03,-1.199863255023956299e-01,-4.900361721118429159e-02,-8.527687191963195801e-02,-1.235977411270141602e-01,-2.747394268115499472e-02,-9.834378957748413086e-03,-1.380687355995178223e-01,-5.215422560175397848e-02,7.176935672760009766e-03,-9.834909439086914062e-02,-4.790743191441038107e-02,-4.255920648574829102e-03,-8.522695302963256836e-02,-4.230365653236844992e-02,-8.169800043106079102e-02,-7.989025115966796875e-02,-3.819722805818059896e-02,-1.954576373100280762e-02,-9.024679660797119141e-02,-5.412232626875379538e-02,-4.069387912750244141e-03,-6.526988744735717773e-02,-5.230806146462896322e-02,-1.387715339660644531e-02,-5.397129058837890625e-02,-4.843267549475172018e-02
0.000000000000000000e+00,0.000000000000000000e+00,0.000000000000000000e+00,2.474179863929748535e-02,-7.566326856613159180e-02,-1.069902160045899109e-02,2.064207196235656738e-02,-1.557730734348297119e-01,-1.842091415849722580e-02,1.265758275985717773e-02,-2.153952419757843018e-01,-2.689970468011892990e-02,8.725881576538085938e-03,-2.653363943099975586e-01,-3.222881813374556259e-02,-5.770248174667358398e-02,-1.945118010044097900e-01,-1.122149822143114761e-02,-2.319812774658203125e-04,-2.202121913433074951e-01,-3.679630343643225387e-02,1.973131299018859863e-02,-1.740334630012512207e-01,-5.098285709348715500e-02,1.484414935111999512e-02,-1.522364616394042969e-01,-5.958172862258948044e-02,-7.825395464897155762e-02,-1.635496318340301514e-01,-1.750198748734987930e-02,-3.731787204742431641e-03,-1.809036433696746826e-01,-4.143336598602331833e-02,1.366972923278808594e-02,-1.355838179588317871e-01,-4.618566294041670517e-02,3.923177719116210938e-03,-1.179976463317871094e-01,-4.767241512266195969e-02,-8.468687534332275391e-02,-1.225183308124542236e-01,-2.698881734934843735e-02,-9.761124849319458008e-03,-1.348949968814849854e-01,-5.073525939909018234e-02,6.627738475799560547e-03,-9.634584188461303711e-02,-4.712348614660299972e-02,-3.933489322662353516e-03,-8.229368925094604492e-02,-4.210989733067549423e-02,-8.122056722640991211e-02,-7.788592576980590820e-02,-3.794538785544432358e-02,-1.898592710494995117e-02,-8.657079935073852539e-02,-5.321723778573073105e-02,-3.505051136016845703e-03,-6.260335445404052734e-02,-5.175206993547476486e-02,-1.237875223159790039e-02,-5.141842365264892578e-02,-4.824805070487059311e-02
0.000000000000000000e+00,0.000000000000000000e+00,0.000000000000000000e+00,2.777755260467529297e-02,-7.949703931808471680e-02,-1.009469332075241255e-02,2.337542176246643066e-02,-1.623684167861938477e-01,-1.720635352558019804e-02,1.444351673126220703e-02,-2.235999405384063721e-01,-2.523739581829431700e-02,1.021936535835266113e-02,-2.746056914329528809e-01,-3.039505837386968778e-02,-5.524438619613647461e-02,-1.985104382038116455e-01,-1.164669396257522749e-02,2.731770277023315430e-03,-2.225396037101745605e-01,-3.779902068799856352e-02,2.240946888923645020e-02,-1.767416894435882568e-01,-5.208555368608358549e-02,1.803982257843017578e-02,-1.536914408206939697e-01,-6.055281815952184843e-02,-7.582172751426696777e-02,-1.675353050231933594e-01,-1.825110932713869261e-02,-1.521408557891845703e-04,-1.853621006011962891e-01,-4.385985938733938383e-02,1.777124404907226562e-02,-1.392618715763092041e-01,-4.939256368106725859e-02,9.317249059677124023e-03,-1.185411810874938965e-01,-5.085386467999342130e-02,-8.244249224662780762e-02,-1.268996298313140869e-01,-2.792866473919275450e-02,-4.616856575012207031e-03,-1.392407119274139404e-01,-5.320641903108480619e-02,1.164928078651428223e-02,-9.826642274856567383e-02,-5.023826418346288847e-02,1.068204641342163086e-03,-8.135032653808593750e-02,-4.512410743063810514e-02,-7.901111245155334473e-02,-8.209204673767089844e-02,-3.896380720561865019e-02,-1.384213566780090332e-02,-9.114462137222290039e-02,-5.574014915055158781e-02,1.616179943084716797e-03,-6.445991992950439453e-02,-5.515051392740133451e-02,-7.579326629638671875e-03,-5.133855342864990234e-02,-5.195177851146581816e-02
0.000000000000000000e+00,0.000000000000000000e+00,0.000000000000000000e+00,2.652996778488159180e-02,-7.790321111679077148e-02,-1.232507876278532422e-02,1.997089385986328125e-02,-1.615624129772186279e-01,-2.034584391088856137e-02,9.635239839553833008e-03,-2.226689159870147705e-01,-2.858661818476093686e-02,5.687743425369262695e-03,-2.740516662597656250e-01,-3.345544221969021237e-02,-5.924347043037414551e-02,-1.950455605983734131e-01,-1.564586493344677365e-02,1.365840435028076172e-03,-2.213836908340454102e-01,-4.361296403379810727e-02,2.166301012039184570e-02,-1.739756166934967041e-01,-5.863918694825542843e-02,1.603958010673522949e-02,-1.507292687892913818e-01,-6.770325037808788693e-02,-8.118936419486999512e-02,-1.636825799942016602e-01,-2.148522394867313778e-02,-3.265917301177978516e-03,-1.804295480251312256e-01,-4.838971751900089657e-02,1.403343677520751953e-02,-1.328257918357849121e-01,-5.325964796514881527e-02,3.601580858230590820e-03,-1.146758496761322021e-01,-5.454042884679211056e-02,-8.716133236885070801e-02,-1.218104958534240723e-01,-3.072949643404854214e-02,-7.606893777847290039e-03,-1.327845454216003418e-01,-5.620865109534634030e-02,7.018983364105224609e-03,-9.281194210052490234e-02,-5.234267520876301205e-02,-5.939781665802001953e-03,-7.981830835342407227e-02,-4.722025948734653866e-02,-8.270162343978881836e-02,-7.689470052719116211e-02,-4.162216144771946347e-02,-1.719576120376586914e-02,-8.253920078277587891e-02,-5.827324795694721615e-02,-5.341917276382446289e-03,-5.779427289962768555e-02,-5.807990166516674435e-02,-1.835259795188903809e-02,-4.912418127059936523e-02,-5.577273997636211789e-02
0.000000000000000000e+00,0.000000000000000000e+00,0.000000000000000000e+00,2.537161111831665039e-02,-7.880866527557373047e-02,-1.316168782338422716e-02,1.812484860420227051e-02,-1.631208062171936035e-01,-2.170117356851619661e-02,7.928907871246337891e-03,-2.250623703002929688e-01,-3.048810333982032716e-02,4.650473594665527344e-03,-2.774382829666137695e-01,-3.657862701490444124e-02,-5.898779630661010742e-02,-1.940207481384277344e-01,-1.864165411367935121e-02,-3.502964973449707031e-04,-2.165526747703552246e-01,-4.685048543885272920e-02,2.029508352279663086e-02,-1.711096763610839844e-01,-6.296155386641544283e-02,1.482361555099487305e-02,-1.503620743751525879e-01,-7.314207189753574312e-02,-8.121043443679809570e-02,-1.591342985630035400e-01,-2.406742022409957826e-02,-4.200279712677001953e-03,-1.712739765644073486e-01,-5.141832836940807283e-02,1.298052072525024414e-02,-1.272273063659667969e-01,-5.806315475180667818e-02,2.101659774780273438e-03,-1.097107231616973877e-01,-6.106319808438342989e-02,-8.788675069808959961e-02,-1.145766079425811768e-01,-3.266522818282169283e-02,-9.468615055084228516e-03,-1.215762197971343994e-01,-5.832695373371166170e-02,6.757795810699462891e-03,-8.718526363372802734e-02,-5.625639268234294832e-02,-5.104929208755493164e-03,-7.559174299240112305e-02,-5.257376068308872163e-02,-8.474436402320861816e-02,-6.722104549407958984e-02,-4.288237326815647066e-02,-2.004018425941467285e-02,-7.272237539291381836e-02,-5.992528208568614900e-02,-4.797160625457763672e-03,-5.445569753646850586e-02,-6.058727362230342806e-02,-1.458173990249633789e-02,-4.790121316909790039e-02,-5.886369728520435274e-02
0.000000000000000000e+00,0.000000000000000000e+00,0.000000000000000000e+00,2.403441071510314941e-02,-8.024179935455322266e-02,-1.306575958949451888e-02,1.707494258880615234e-02,-1.640862822532653809e-01,-2.228620698076611006e-02,5.593150854110717773e-03,-2.270557284355163574e-01,-3.161748734635239089e-02,1.379668712615966797e-03,-2.815272808074951172e-01,-3.852722284716492140e-02,-6.114912033081054688e-02,-1.921954751014709473e-01,-2.059559946280842269e-02,-3.123581409454345703e-03,-2.141949534416198730e-01,-4.969261450094109023e-02,2.048170566558837891e-02,-1.713295280933380127e-01,-6.612628934306030715e-02,1.767358183860778809e-02,-1.478561758995056152e-01,-7.578665999096756423e-02,-8.328887820243835449e-02,-1.553688049316406250e-01,-2.576548097056274855e-02,-6.593525409698486328e-03,-1.661413908004760742e-01,-5.300657314580803359e-02,1.333409547805786133e-02,-1.234515607357025146e-01,-5.952688169998054946e-02,4.594057798385620117e-03,-1.037132143974304199e-01,-6.230326977890854323e-02,-8.948719501495361328e-02,-1.096602678298950195e-01,-3.395771843713646376e-02,-1.111075282096862793e-02,-1.169675588607788086e-01,-5.967487258237724745e-02,5.816966295242309570e-03,-8.308738470077514648e-02,-5.787282673043137038e-02,-5.332142114639282227e-03,-7.003271579742431641e-02,-5.417163160961990798e-02,-8.537110686302185059e-02,-6.198740005493164062e-02,-4.361216587346916640e-02,-2.045390009880065918e-02,-6.841301918029785156e-02,-6.021283430379753554e-02,-5.271106958389282227e-03,-5.040705204010009766e-02,-6.055906278413658583e-02,-1.504543423652648926e-02,-4.278600215911865234e-02,-5.849772182625656569e-02
0.000000000000000000e+00,0.000000000000000000e+00,0.000000000000000000e+00,2.223208546638488770e-02,-7.992792129516601562e-02,-1.307925445951241272e-02,1.382935047149658203e-02,-1.632814705371856689e-01,-2.313505722202080506e-02,2.872943878173828125e-03,-2.273208796977996826e-01,-3.335535390294808167e-02,1.873970031738281250e-04,-2.830760776996612549e-01,-4.153168437994736450e-02,-6.298846006393432617e-02,-1.896763145923614502e-01,-2.401837011791485565e-02,-7.126510143280029297e-03,-2.021270096302032471e-01,-5.406714094795006531e-02,1.556086540222167969e-02,-1.628748774528503418e-01,-7.173248989499825257e-02,1.164883375167846680e-02,-1.436240077018737793e-01,-8.253906531251686829e-02,-8.567219972610473633e-02,-1.495636105537414551e-01,-2.974398298181313294e-02,-1.004445552825927734e-02,-1.531801223754882812e-01,-5.746799943960922974e-02,9.891569614410400391e-03,-1.157017648220062256e-01,-6.462243808425682801e-02,2.222567796707153320e-03,-9.904742240905761719e-02,-6.848118318237084168e-02,-9.287309646606445312e-02,-1.017282009124755859e-01,-3.830395875490921753e-02,-1.421666145324707031e-02,-1.030746102333068848e-01,-6.406114859498757141e-02,3.636270761489868164e-03,-7.323110103607177734e-02,-6.245351074255722779e-02,-6.201088428497314453e-03,-6.185996532440185547e-02,-5.947898564852494019e-02,-8.948647975921630859e-02,-5.237299203872680664e-02,-4.845855621613281983e-02,-2.354863286018371582e-02,-5.493640899658203125e-02,-6.544649465001839417e-02,-8.153736591339111328e-03,-3.986912965774536133e-02,-6.642105294383782166e-02,-1.737052202224731445e-02,-3.462851047515869141e-02,-6.512415273107308167e-02
0.000000000000000000e+00,0.000000000000000000e+00,0.000000000000000000e+00,2.226391434669494629e-02,-7.782226800918579102e-02,-1.548146118059889886e-02,1.357066631317138672e-02,-1.606878936290740967e-01,-2.679384347632662866e-02,2.848625183105468750e-03,-2.261310219764709473e-01,-3.814027306273715112e-02,6.945729255676269531e-04,-2.850966751575469971e-01,-4.753367078140513513e-02,-6.354489922523498535e-02,-1.854854524135589600e-01,-2.580028433933989618e-02,-8.630692958831787109e-03,-1.950873434543609619e-01,-5.866335925296084497e-02,1.668557524681091309e-02,-1.588911116123199463e-01,-7.776499014929072473e-02,1.696667075157165527e-02,-1.382586061954498291e-01,-8.853069168165461633e-02,-8.557468652725219727e-02,-1.442701816558837891e-01,-3.093021024599806879e-02,-9.697258472442626953e-03,-1.466808617115020752e-01,-6.206484359339015100e-02,1.284345984458923340e-02,-1.078744232654571533e-01,-7.015070539549128625e-02,8.702188730239868164e-03,-8.676481246948242188e-02,-7.329262268379466150e-02,-9.270811080932617188e-02,-9.509557485580444336e-02,-3.941387903526560876e-02,-1.369097828865051270e-02,-9.450644254684448242e-02,-6.856334429815547082e-02,4.718363285064697266e-03,-6.364256143569946289e-02,-6.820732575491206262e-02,-3.505527973175048828e-03,-5.048292875289916992e-02,-6.465377878978983972e-02,-8.949771523475646973e-02,-4.408329725265502930e-02,-4.959315654471652124e-02,-2.370956540107727051e-02,-4.427909851074218750e-02,-6.823711317613856409e-02,-8.938908576965332031e-03,-2.967572212219238281e-02,-7.025796395376460168e-02,-1.861357688903808594e-02,-2.438795566558837891e-02,-6.910504621103541467e-02
0.000000000000000000e+00,0.000000000000000000e+00,0.000000000000000000e+00,2.106189727783203125e-02,-7.965248823165893555e-02,-1.486179496762929375e-02,1.166784763336181641e-02,-1.623637974262237549e-01,-2.592123005209145958e-02,1.541584730148315430e-03,-2.263588607311248779e-01,-3.708795163450417931e-02,-3.485381603240966797e-04,-2.845744490623474121e-01,-4.663967046556649620e-02,-6.557938456535339355e-02,-1.819763779640197754e-01,-2.694267112431703026e-02,-9.520500898361206055e-03,-1.854925751686096191e-01,-5.865728560505090172e-02,1.595857739448547363e-02,-1.507900953292846680e-01,-7.829320508656678612e-02,1.414489746093750000e-02,-1.336937248706817627e-01,-9.010554182944474633e-02,-8.761951327323913574e-02,-1.379783749580383301e-01,-3.222904804763970787e-02,-1.208367943763732910e-02,-1.367630660533905029e-01,-6.116922277627168114e-02,1.020181179046630859e-02,-1.025333106517791748e-01,-6.983979124245820458e-02,4.488915205001831055e-03,-8.584243059158325195e-02,-7.470792609868226464e-02,-9.503149986267089844e-02,-8.711761236190795898e-02,-4.045036885557351525e-02,-1.889705657958984375e-02,-8.566731214523315430e-02,-6.750021207747636254e-02,9.477734565734863281e-04,-6.066358089447021484e-02,-6.759330708203492577e-02,-7.087320089340209961e-03,-5.114287137985229492e-02,-6.552591252741990502e-02,-9.251672029495239258e-02,-3.587555885314941406e-02,-5.032987225470719750e-02,-3.000596165657043457e-02,-3.650206327438354492e-02,-6.782552677807984765e-02,-1.499497890472412109e-02,-2.445775270462036133e-02,-6.951660740790543969e-02,-2.456337213516235352e-02,-1.979202032089233398e-02,-6.877768862662492211e-02
0.000000000000000000e+00,0.000000000000000000e+00,0.000000000000000000e+00,2.430826425552368164e-02,-8.479964733123779297e-02,-1.548487668168263554e-02,1.673051714897155762e-02,-1.718289256095886230e-01,-2.655138702374415516e-02,6.558567285537719727e-03,-2.375012040138244629e-01,-3.794247539025263904e-02,2.106517553329467773e-03,-2.964959144592285156e-01,-4.779302955847697376e-02,-6.300577521324157715e-02,-1.892359554767608643e-01,-2.651424587946848987e-02,-7.282912731170654297e-03,-1.873447895050048828e-01,-5.847618610840754627e-02,2.120125293731689453e-02,-1.548872590065002441e-01,-7.799412192088084339e-02,2.189883589744567871e-02,-1.395688056945800781e-01,-8.938515813332514881e-02,-8.440658450126647949e-02,-1.434218883514404297e-01,-3.171093643885569691e-02,-7.551103830337524414e-03,-1.388835906982421875e-01,-5.995525301676707386e-02,1.735523343086242676e-02,-1.059754490852355957e-01,-6.844503314476924061e-02,1.272654533386230469e-02,-8.991557359695434570e-02,-7.345921428185420154e-02,-9.059005975723266602e-02,-9.068959951400756836e-02,-3.998729468565898060e-02,-1.342165470123291016e-02,-8.758139610290527344e-02,-6.752591462117152332e-02,8.575379848480224609e-03,-6.243950128555297852e-02,-6.753501923066096424e-02,1.427263021469116211e-03,-5.203396081924438477e-02,-6.528328986149745106e-02,-8.665707707405090332e-02,-3.747355937957763672e-02,-4.994669811111407398e-02,-2.418455481529235840e-02,-3.940451145172119141e-02,-6.777528555375056385e-02,-7.393389940261840820e-03,-2.875304222106933594e-02,-6.904083372336344837e-02,-1.584094762802124023e-02,-2.382165193557739258e-02,-6.789115698319392322e-02
0.000000000000000000e+00,0.000000000000000000e+00,0.000000000000000000e+00,2.306115627288818359e-02,-8.504390716552734375e-02,-1.453186125621641622e-02,1.459679007530212402e-02,-1.716344356536865234e-01,-2.504668683872068868e-02,3.613948822021484375e-03,-2.369051277637481689e-01,-3.583889008626783834e-02,-4.801154136657714844e-05,-2.951388955116271973e-01,-4.540982023939932333e-02,-6.557250022888183594e-02,-1.848410665988922119e-01,-2.795462795660341726e-02,-7.891267538070678711e-03,-1.811451911926269531e-01,-5.907076896295393453e-02,1.918730139732360840e-02,-1.464703381061553955e-01,-7.855300531849707113e-02,1.923188567161560059e-02,-1.289788484573364258e-01,-9.013950751290167318e-02,-8.722996711730957031e-02,-1.372979879379272461e-01,-3.330325634345854269e-02,-1.048558950424194336e-02,-1.307944953441619873e-01,-6.038231329188192831e-02,1.354104280471801758e-02,-9.942698478698730469e-02,-6.901726798281515585e-02,1.020735502243041992e-02,-8.323127031326293945e-02,-7.468590811953390585e-02,-9.319937229156494141e-02,-8.363276720046997070e-02,-4.132314697966421591e-02,-1.620179414749145508e-02,-7.746875286102294922e-02,-6.695537940726126180e-02,4.816353321075439453e-03,-5.548411607742309570e-02,-6.771632210478628622e-02,-1.624166965484619141e-03,-4.644137620925903320e-02,-6.674002782568777548e-02,-8.891627192497253418e-02,-2.998083829879760742e-02,-5.090748817787016378e-02,-2.570819854736328125e-02,-2.903151512145996094e-02,-6.752701030239904867e-02,-9.810507297515869141e-03,-2.068817615509033203e-02,-6.920679585203970419e-02,-1.790243387222290039e-02,-1.739895343780517578e-02,-6.890020446047628866e-02
0.000000000000000000e+00,0.000000000000000000e+00,0.000000000000000000e+00,2.154201269149780273e-02,-8.515512943267822266e-02,-1.639863555774923043e-02,1.294675469398498535e-02,-1.709369122982025146e-01,-2.821794976935620980e-02,1.377820968627929688e-03,-2.358900308609008789e-01,-3.995711063490148263e-02,-2.604097127914428711e-03,-2.952325642108917236e-01,-5.068731387601133065e-02,-6.779986619949340820e-02,-1.768253445625305176e-01,-3.191756909237142281e-02,-4.983156919479370117e-03,-1.747912466526031494e-01,-6.285833646998639779e-02,2.055183053016662598e-02,-1.402870416641235352e-01,-8.273488362775083260e-02,1.706659793853759766e-02,-1.223109960556030273e-01,-9.493254949794049935e-02,-8.884689211845397949e-02,-1.266348659992218018e-01,-3.638241892204518990e-02,-8.190751075744628906e-03,-1.225190460681915283e-01,-6.277037491545911507e-02,1.410722732543945312e-02,-9.260755777359008789e-02,-7.177986284241910653e-02,8.375138044357299805e-03,-7.494843006134033203e-02,-7.834139545903440194e-02,-9.400159120559692383e-02,-7.181519269943237305e-02,-4.327443694219823556e-02,-1.626178622245788574e-02,-6.808054447174072266e-02,-6.852969606862302498e-02,4.687368869781494141e-03,-4.952931404113769531e-02,-7.000891943917508797e-02,-2.184361219406127930e-03,-4.024976491928100586e-02,-6.988436063275571541e-02,-8.959165215492248535e-02,-1.787716150283813477e-02,-5.176811744914289193e-02,-2.731871604919433594e-02,-2.046144008636474609e-02,-6.843202640757795052e-02,-1.018193364143371582e-02,-1.487523317337036133e-02,-7.020583083377118783e-02,-1.660078763961791992e-02,-1.059490442276000977e-02,-7.012775619969602303e-02
0.000000000000000000e+00,0.000000000000000000e+00,0.000000000000000000e+00,2.176442742347717285e-02,-8.636534214019775391e-02,-1.945301762458484518e-02,1.133003830909729004e-02,-1.727513074874877930e-01,-3.203997633096378195e-02,-2.272397279739379883e-03,-2.377499341964721680e-01,-4.414309060808818685e-02,-8.096635341644287109e-03,-2.982779741287231445e-01,-5.509834981199901449e-02,-6.766963005065917969e-02,-1.750130653381347656e-01,-3.630171215769451010e-02,-4.148304462432861328e-03,-1.701560914516448975e-01,-6.867375841972034323e-02,2.027606964111328125e-02,-1.373552083969116211e-01,-8.861197403308551657e-02,1.412582397460937500e-02,-1.227257847785949707e-01,-1.009530039751211916e-01,-8.859351277351379395e-02,-1.210664510726928711e-01,-3.997894248601596701e-02,-5.378633737564086914e-03,-1.142238080501556396e-01,-6.769440195199649679e-02,1.532661914825439453e-02,-8.739733695983886719e-02,-7.644004991885822164e-02,7.237672805786132812e-03,-7.279431819915771484e-02,-8.300507685777347433e-02,-9.276011586189270020e-02,-6.370854377746582031e-02,-4.628505802389781820e-02,-1.301920413970947266e-02,-5.921709537506103516e-02,-7.292868069049518454e-02,6.651610136032104492e-03,-4.294598102569580078e-02,-7.329442969199817526e-02,-1.828968524932861328e-03,-3.577399253845214844e-02,-7.241525373098056662e-02,-8.726528286933898926e-02,-8.056282997131347656e-03,-5.458449071880977499e-02,-2.438938617706298828e-02,-1.218712329864501953e-02,-7.334140560266177999e-02,-8.070379495620727539e-03,-8.487284183502197266e-03,-7.533254346486728537e-02,-1.526966691017150879e-02,-5.333781242370605469e-03,-7.512465736505191671e-02
0.000000000000000000e+00,0.000000000000000000e+00,0.000000000000000000e+00,2.146053314208984375e-02,-8.564466238021850586e-02,-2.016264701242675983e-02,9.153038263320922852e-03,-1.713394522666931152e-01,-3.280364850516548358e-02,-5.513191223144531250e-03,-2.332446873188018799e-01,-4.468236619587173664e-02,-1.200190186500549316e-02,-2.911120653152465820e-01,-5.531780922765960895e-02,-7.266685366630554199e-02,-1.673624217510223389e-01,-3.662074485774269306e-02,-1.336547732353210449e-02,-1.548772156238555908e-01,-6.994810456390609943e-02,1.308089494705200195e-02,-1.247515678405761719e-01,-9.084023291225662433e-02,9.607493877410888672e-03,-1.125236153602600098e-01,-1.032027205264114400e-01,-9.339240193367004395e-02,-1.108035147190093994e-01,-4.014887044186821186e-02,-1.516360044479370117e-02,-9.805470705032348633e-02,-6.689756864662399494e-02,9.814023971557617188e-03,-7.782077789306640625e-02,-7.538249099607696735e-02,5.419820547103881836e-03,-6.996905803680419922e-02,-8.183018619175186359e-02,-9.725910425186157227e-02,-5.168390274047851562e-02,-4.648026579971542560e-02,-2.202966809272766113e-02,-4.298657178878784180e-02,-7.241631800289383136e-02,1.666486263275146484e-03,-3.245985507965087891e-02,-7.204118126983871662e-02,-3.546088933944702148e-03,-3.017926216125488281e-02,-7.072684669847717487e-02,-9.116294980049133301e-02,4.147946834564208984e-03,-5.495706329102745258e-02,-3.287318348884582520e-02,4.367947578430175781e-03,-7.238413894529571735e-02,-1.376712322235107422e-02,6.366550922393798828e-03,-7.276689762230148517e-02,-1.814541220664978027e-02,7.128596305847167969e-03,-7.150733226890793048e-02
0.000000000000000000e+00,0.000000000000000000e+00,0.000000000000000000e+00,2.068474888801574707e-02,-8.334529399871826172e-02,-2.160498354712103719e-02,7.892638444900512695e-03,-1.691039502620697021e-01,-3.444444056728457326e-02,-6.566226482391357422e-03,-2.322543859481811523e-01,-4.603841196873759145e-02,-1.543095707893371582e-02,-2.899069190025329590e-01,-5.646953772881602163e-02,-7.384589314460754395e-02,-1.599544286727905273e-01,-3.953263204672907705e-02,-1.249307394027709961e-02,-1.530825495719909668e-01,-7.023778971412752981e-02,1.250243186950683594e-02,-1.207619607448577881e-01,-8.947951015213106984e-02,6.075918674468994141e-03,-1.047561168670654297e-01,-1.016386639712152373e-01,-9.518495202064514160e-02,-1.018427610397338867e-01,-4.220869805791949148e-02,-1.270177960395812988e-02,-9.177067875862121582e-02,-6.567360129335497732e-02,9.755432605743408203e-03,-6.997615098953247070e-02,-7.287772413471316213e-02,1.877665519714355469e-03,-6.063866615295410156e-02,-7.980852242687319631e-02,-9.822389483451843262e-02,-4.222172498703002930e-02,-4.737025912979220266e-02,-2.093648910522460938e-02,-3.540283441543579102e-02,-6.971615221479510183e-02,1.736581325531005859e-04,-2.554935216903686523e-02,-6.811079796531771535e-02,-8.403837680816650391e-03,-2.410870790481567383e-02,-6.758836325386141652e-02,-9.195140004158020020e-02,1.441568136215209961e-02,-5.494162853935335988e-02,-3.491362929344177246e-02,1.397508382797241211e-02,-7.037964876869295949e-02,-1.665461063385009766e-02,1.477152109146118164e-02,-6.967109855392550344e-02,-2.258917689323425293e-02,1.492220163345336914e-02,-6.859278347471331472e-02
0.000000000000000000e+00,0.000000000000000000e+00,0.000000000000000000e+00,1.760289072990417480e-02,-8.046084642410278320e-02,-2.354414491486522820e-02,4.028111696243286133e-03,-1.648178994655609131e-01,-3.768498180937740472e-02,-9.816735982894897461e-03,-2.267081737518310547e-01,-5.028282581400844720e-02,-1.853656768798828125e-02,-2.837463021278381348e-01,-6.143111093473407891e-02,-8.033454418182373047e-02,-1.485149562358856201e-01,-4.052449493241283562e-02,-2.180022001266479492e-02,-1.417851746082305908e-01,-7.223377852272960808e-02,8.102208375930786133e-03,-1.127447485923767090e-01,-9.237333862614605096e-02,5.688577890396118164e-03,-9.662556648254394531e-02,-1.046400639278886047e-01,-1.013550758361816406e-01,-8.869504928588867188e-02,-4.250314562153789666e-02,-2.104157209396362305e-02,-7.882124185562133789e-02,-6.668488411736461785e-02,6.241858005523681641e-03,-5.997949838638305664e-02,-7.453086702656719353e-02,1.356422901153564453e-03,-5.035758018493652344e-02,-8.135577021670314934e-02,-1.036525666713714600e-01,-2.855581045150756836e-02,-4.710566355419132378e-02,-2.759504318237304688e-02,-2.217668294906616211e-02,-6.971678613257381585e-02,-3.031551837921142578e-03,-1.524364948272705078e-02,-6.779976664614650872e-02,-9.688824415206909180e-03,-1.472103595733642578e-02,-6.656650184226009515e-02,-9.637844562530517578e-02,2.803343534469604492e-02,-5.434153704476329949e-02,-4.184007644653320312e-02,2.756559848785400391e-02,-6.931459634137127068e-02,-2.014768123626708984e-02,2.545130252838134766e-02,-6.742977826428386834e-02,-2.230563759803771973e-02,2.373808622360229492e-02,-6.516337125134441521e-02
0.000000000000000000e+00,0.000000000000000000e+00,0.000000000000000000e+00,1.800870895385742188e-02,-7.997691631317138672e-02,-2.453485868076654697e-02,4.605770111083984375e-03,-1.627767384052276611e-01,-3.922146550516458774e-02,-8.644521236419677734e-03,-2.241619825363159180e-01,-5.219592518309923435e-02,-1.808708906173706055e-02,-2.794576287269592285e-01,-6.390522784690233493e-02,-7.980820536613464355e-02,-1.437057852745056152e-01,-4.352792716721864963e-02,-2.158474922180175781e-02,-1.298255026340484619e-01,-7.444694257478090549e-02,8.241593837738037109e-03,-1.007767021656036377e-01,-9.422165519694658542e-02,5.969107151031494141e-03,-8.495816588401794434e-02,-1.063573024342474582e-01,-1.018341779708862305e-01,-8.192783594131469727e-02,-4.496514416436525607e-02,-1.973038911819458008e-02,-6.689327955245971680e-02,-6.559350705842348361e-02,5.998581647872924805e-03,-5.363690853118896484e-02,-7.105807579259248996e-02,5.674958229064941406e-04,-4.780906438827514648e-02,-7.718333221177431369e-02,-1.037227511405944824e-01,-2.113693952560424805e-02,-4.892073563436838413e-02,-2.526819705963134766e-02,-1.111298799514770508e-02,-6.734182304839464450e-02,-3.032863140106201172e-03,-9.675800800323486328e-03,-6.263461328248354221e-02,-1.026776432991027832e-02,-1.225715875625610352e-02,-6.052424750427576328e-02,-9.615945816040039062e-02,3.700405359268188477e-02,-5.613917849163385654e-02,-3.960710763931274414e-02,3.896105289459228516e-02,-6.876204527119966770e-02,-1.758569478988647461e-02,3.087699413299560547e-02,-6.533202893237444187e-02,-1.818379759788513184e-02,2.440601587295532227e-02,-6.219521156648966098e-02
0.000000000000000000e+00,0.000000000000000000e+00,0.000000000000000000e+00,1.695966720581054688e-02,-8.126127719879150391e-02,-2.542397086980940912e-02,6.816387176513671875e-04,-1.640211343765258789e-01,-4.011111599865557764e-02,-1.268500089645385742e-02,-2.264714241027832031e-01,-5.285849315586688135e-02,-2.292490005493164062e-02,-2.835404872894287109e-01,-6.386646894279124353e-02,-8.391731977462768555e-02,-1.404930949211120605e-01,-4.288365212741496180e-02,-2.267903089523315430e-02,-1.260085105895996094e-01,-7.326942948165537928e-02,6.207019090652465820e-03,-1.024940609931945801e-01,-9.239381817641856287e-02,-6.130039691925048828e-04,-9.285569190979003906e-02,-1.047462326056063375e-01,-1.048764884471893311e-01,-7.772123813629150391e-02,-4.433695492807032679e-02,-1.943063735961914062e-02,-6.203585863113403320e-02,-6.408292321029307459e-02,3.496676683425903320e-03,-5.540794134140014648e-02,-6.830993560615183924e-02,-7.347375154495239258e-03,-5.620414018630981445e-02,-7.431901512208582972e-02,-1.048073172569274902e-01,-1.551383733749389648e-02,-4.870554698172213648e-02,-2.343875169754028320e-02,-5.026042461395263672e-03,-6.638234374585749720e-02,-3.588795661926269531e-03,-7.310271263122558594e-03,-5.967210126581790064e-02,-1.574581861495971680e-02,-1.378548145294189453e-02,-5.702414629521967981e-02,-9.508064389228820801e-02,4.276621341705322266e-02,-5.673691523733737085e-02,-3.483155369758605957e-02,4.726797342300415039e-02,-7.008125898900630091e-02,-1.570367813110351562e-02,4.036086797714233398e-02,-6.664006677928568934e-02,-2.212914824485778809e-02,3.539520502090454102e-02,-6.384165105882289026e-02
0.000000000000000000e+00,0.000000000000000000e+00,0.000000000000000000e+00,1.448631286621093750e-02,-7.848477363586425781e-02,-2.920783819962480266e-02,-4.486173391342163086e-03,-1.596798598766326904e-01,-4.582138123322465617e-02,-1.952907443046569824e-02,-2.237995862960815430e-01,-5.962297829199769694e-02,-3.266593813896179199e-02,-2.817400097846984863e-01,-7.133740695525148112e-02,-8.962142467498779297e-02,-1.322790384292602539e-01,-4.860270532179811198e-02,-2.797418832778930664e-02,-1.148127615451812744e-01,-8.110096814442613322e-02,3.501623868942260742e-03,-9.643226861953735352e-02,-1.007993048648927470e-01,-3.613322973251342773e-03,-9.094887971878051758e-02,-1.132175377230737467e-01,-1.098692417144775391e-01,-6.805413961410522461e-02,-4.843297364521959025e-02,-2.495941519737243652e-02,-4.875630140304565430e-02,-7.034366341639497477e-02,1.972585916519165039e-03,-4.590708017349243164e-02,-7.386173816729524333e-02,-8.063256740570068359e-03,-4.944276809692382812e-02,-7.882921161461808879e-02,-1.089595556259155273e-01,-5.205571651458740234e-03,-5.147114532400109965e-02,-2.881240844726562500e-02,8.313715457916259766e-03,-7.075182857323625285e-02,-6.416887044906616211e-03,1.933515071868896484e-03,-6.268433245230653483e-02,-1.800972223281860352e-02,-8.075833320617675781e-03,-5.860094489861467082e-02,-9.799346327781677246e-02,5.241119861602783203e-02,-5.851474913168885905e-02,-3.836849331855773926e-02,5.950224399566650391e-02,-7.234722139645555217e-02,-1.786366105079650879e-02,4.865950345993041992e-02,-6.825665148306825358e-02,-2.300649881362915039e-02,4.027765989303588867e-02,-6.467765333462693889e-02
0.000000000000000000e+00,0.000000000000000000e+00,0.000000000000000000e+00,1.441016793251037598e-02,-8.099555969238281250e-02,-2.783912713226754931e-02,-5.140244960784912109e-03,-1.643088459968566895e-01,-4.370442698296983508e-02,-2.130746841430664062e-02,-2.294722199440002441e-01,-5.708378101286371020e-02,-3.366607427597045898e-02,-2.900258004665374756e-01,-6.923319319781739978e-02,-9.048378467559814453e-02,-1.362729668617248535e-01,-4.585956702527482776e-02,-2.272400259971618652e-02,-1.156515181064605713e-01,-7.518561104831178454e-02,4.237771034240722656e-03,-9.689086675643920898e-02,-9.406088213023622302e-02,-3.838598728179931641e-03,-8.985686302185058594e-02,-1.064054510980554369e-01,-1.081060171127319336e-01,-6.963574886322021484e-02,-4.557628104981858996e-02,-2.017825841903686523e-02,-5.114996433258056641e-02,-6.393500337895829944e-02,9.674429893493652344e-04,-5.096358060836791992e-02,-6.753837982711274890e-02,-9.755253791809082031e-03,-5.512291193008422852e-02,-7.362101892528016833e-02,-1.061376035213470459e-01,-6.202876567840576172e-03,-4.816728378233392505e-02,-2.606144547462463379e-02,6.360709667205810547e-03,-6.443256060180146960e-02,-6.090521812438964844e-03,-1.791119575500488281e-03,-5.765002513822992114e-02,-1.611739397048950195e-02,-1.105642318725585938e-02,-5.524360308942277697e-02,-9.546086192131042480e-02,5.297648906707763672e-02,-5.466850022372682361e-02,-3.624176979064941406e-02,5.641490221023559570e-02,-6.612802217301805285e-02,-1.750823855400085449e-02,4.394608736038208008e-02,-6.210261876282174853e-02,-2.259185910224914551e-02,3.510171175003051758e-02,-5.924295554456193713e-02
0.000000000000000000e+00,0.000000000000000000e+00,0.000000000000000000e+00,1.344138383865356445e-02,-8.096158504486083984e-02,-2.976272185426864780e-02,-9.200602769851684570e-03,-1.648039817810058594e-01,-4.614838329237613834e-02,-2.828609943389892578e-02,-2.291990518569946289e-01,-5.959324282687816776e-02,-4.367592930793762207e-02,-2.882574796676635742e-01,-7.132662949246082462e-02,-9.619820117950439453e-02,-1.307438611984252930e-01,-4.872264084499988712e-02,-2.678376436233520508e-02,-1.092008352279663086e-01,-8.097965386789951481e-02,2.611756324768066406e-03,-9.639972448348999023e-02,-1.008407708732477204e-01,-6.132245063781738281e-03,-9.421426057815551758e-02,-1.132885005800119416e-01,-1.113584041595458984e-01,-6.234067678451538086e-02,-4.820562270563755192e-02,-2.302026748657226562e-02,-4.562532901763916016e-02,-6.874050316494617618e-02,3.513991832733154297e-04,-5.072295665740966797e-02,-7.167311129254017033e-02,-1.206010580062866211e-02,-5.805993080139160156e-02,-7.700710860174808658e-02,-1.068966388702392578e-01,2.204775810241699219e-03,-5.107688647788677372e-02,-2.643758058547973633e-02,1.268523931503295898e-02,-6.975539145153675236e-02,-4.515171051025390625e-03,-5.864500999450683594e-04,-6.159246829432163395e-02,-1.560238003730773926e-02,-1.211112737655639648e-02,-5.774868396204624332e-02,-9.359511733055114746e-02,6.057888269424438477e-02,-5.801787343901310123e-02,-3.449788689613342285e-02,6.257396936416625977e-02,-7.090640184563312687e-02,-1.424193382263183594e-02,4.810631275177001953e-02,-6.620332715195331730e-02,-1.867252588272094727e-02,3.977823257446289062e-02,-6.261073169392261661e-02
0.000000000000000000e+00,0.000000000000000000e+00,0.000000000000000000e+00,1.242849230766296387e-02,-8.221179246902465820e-02,-3.338889759805852009e-02,-1.163354516029357910e-02,-1.645347774028778076e-01,-5.122974124577694965e-02,-3.204864263534545898e-02,-2.271047532558441162e-01,-6.532082688835316731e-02,-4.973182082176208496e-02,-2.853026390075683594e-01,-7.747891527441197468e-02,-1.000079512596130371e-01,-1.256830990314483643e-01,-5.271065217283421589e-02,-3.180703520774841309e-02,-9.733116626739501953e-02,-8.622781169441395832e-02,7.666945457458496094e-04,-9.042423963546752930e-02,-1.064810378554170711e-01,-5.451053380966186523e-03,-9.184789657592773438e-02,-1.183938531282251461e-01,-1.149081289768218994e-01,-5.736660957336425781e-02,-5.007778090265446735e-02,-3.103387355804443359e-02,-3.378355503082275391e-02,-7.115770858553105427e-02,-4.438132047653198242e-03,-4.299443960189819336e-02,-7.387001794603520466e-02,-1.234543323516845703e-02,-5.241441726684570312e-02,-7.846749556091481281e-02,-1.106859743595123291e-01,6.440043449401855469e-03,-5.099658277657681538e-02,-3.463399410247802734e-02,2.438652515411376953e-02,-6.980218720462971760e-02,-1.101979613304138184e-02,8.106768131256103516e-03,-6.167324987080746723e-02,-1.922705769538879395e-02,-5.916953086853027344e-03,-5.737581086185628010e-02,-9.763333201408386230e-02,6.377142667770385742e-02,-5.624580737975293232e-02,-4.332295060157775879e-02,7.182002067565917969e-02,-6.814154219654255940e-02,-2.182137966156005859e-02,5.619525909423828125e-02,-6.267257016924077107e-02,-2.333226799964904785e-02,4.609411954879760742e-02,-5.824602749970608784e-02
0.000000000000000000e+00,0.000000000000000000e+00,0.000000000000000000e+00,1.214781403541564941e-02,-8.465188741683959961e-02,-3.418915557946888839e-02,-1.202401518821716309e-02,-1.693009138107299805e-01,-5.282876852240292465e-02,-3.297746181488037109e-02,-2.317929267883300781e-01,-6.797569829311100875e-02,-4.994511604309082031e-02,-2.894769906997680664e-01,-8.111793387021748458e-02,-1.016765534877777100e-01,-1.249248385429382324e-01,-5.074742648091046249e-02,-4.515504837036132812e-02,-1.000216007232666016e-01,-8.443587112512318527e-02,-6.635963916778564453e-03,-9.383744001388549805e-02,-1.050042642959567729e-01,-4.075288772583007812e-03,-9.627342224121093750e-02,-1.164370982655498210e-01,-1.169181764125823975e-01,-5.883312225341796875e-02,-4.741821277227131759e-02,-4.009881615638732910e-02,-3.464722633361816406e-02,-6.862231183137623702e-02,-7.447183132171630859e-03,-4.404890537261962891e-02,-7.215721744384495651e-02,-9.552180767059326172e-03,-5.516898632049560547e-02,-7.670586395349232589e-02,-1.127482056617736816e-01,3.429472446441650391e-03,-4.777404505099980270e-02,-4.213339090347290039e-02,2.124571800231933594e-02,-6.600937086429325973e-02,-1.507943868637084961e-02,5.375325679779052734e-03,-5.901273179139820968e-02,-1.838505268096923828e-02,-8.700489997863769531e-03,-5.528355974044529830e-02,-1.003151535987854004e-01,6.066238880157470703e-02,-5.247261586870877181e-02,-4.975879192352294922e-02,6.935787200927734375e-02,-6.310695993985859786e-02,-2.574995160102844238e-02,5.309605598449707031e-02,-5.732047396983830367e-02,-2.347430586814880371e-02,4.218244552612304688e-02,-5.247968274440495406e-02
0.000000000000000000e+00,0.000000000000000000e+00,0.000000000000000000e+00,1.275664567947387695e-02,-8.615434169769287109e-02,-3.359603160134838618e-02,-1.061254739761352539e-02,-1.697203218936920166e-01,-5.212710076085613764e-02,-3.110390901565551758e-02,-2.320588827133178711e-01,-6.676216446868465937e-02,-4.792147874832153320e-02,-2.892821431159973145e-01,-7.914108806363628901e-02,-1.014129817485809326e-01,-1.240151226520538330e-01,-5.130970873943851984e-02,-3.863936662673950195e-02,-9.503513574600219727e-02,-8.246670686713741816e-02,-7.380545139312744141e-03,-9.265774488449096680e-02,-1.007242056082873205e-01,-1.234582066535949707e-02,-9.706836938858032227e-02,-1.111466737937121252e-01,-1.159060895442962646e-01,-5.692374706268310547e-02,-4.761101328841732538e-02,-3.489959239959716797e-02,-3.303343057632446289e-02,-6.687258207313107050e-02,-9.164929389953613281e-03,-4.256206750869750977e-02,-6.948820524922894037e-02,-1.827752590179443359e-02,-5.258399248123168945e-02,-7.396194362155483759e-02,-1.121261715888977051e-01,4.731118679046630859e-03,-4.723523208014057673e-02,-3.856042027473449707e-02,2.211374044418334961e-02,-6.340115540734814203e-02,-1.677131652832031250e-02,6.889164447784423828e-03,-5.640763440243290461e-02,-2.608728408813476562e-02,-4.826903343200683594e-03,-5.338884168378399409e-02,-1.002321243286132812e-01,6.019431352615356445e-02,-5.116367363444851435e-02,-4.729467630386352539e-02,6.675422191619873047e-02,-6.005166121832417048e-02,-2.693083882331848145e-02,5.450767278671264648e-02,-5.442753830067204035e-02,-2.930402755737304688e-02,4.925519227981567383e-02,-5.040130415073917902e-02
0.000000000000000000e+00,0.000000000000000000e+00,0.000000000000000000e+00,1.211962103843688965e-02,-8.496296405792236328e-02,-3.397075328618370804e-02,-1.173013448715209961e-02,-1.689771711826324463e-01,-5.226703229934059891e-02,-3.383338451385498047e-02,-2.309013903141021729e-01,-6.615982818991028580e-02,-5.250290036201477051e-02,-2.870759963989257812e-01,-7.725879419237458023e-02,-1.035964488983154297e-01,-1.191985011100769043e-01,-5.208740997701966080e-02,-3.972953557968139648e-02,-8.381289243698120117e-02,-8.285650480181061539e-02,-1.310789585113525391e-02,-8.826458454132080078e-02,-1.003750624099382094e-01,-2.191329002380371094e-02,-9.985476732254028320e-02,-1.105012433567651442e-01,-1.195203959941864014e-01,-5.324339866638183594e-02,-4.812107104450547013e-02,-3.724983334541320801e-02,-2.499228715896606445e-02,-6.701623517662369522e-02,-1.659420132637023926e-02,-4.008394479751586914e-02,-6.918144095331513199e-02,-2.912753820419311523e-02,-5.486828088760375977e-02,-7.332908231407486710e-02,-1.163695454597473145e-01,7.250964641571044922e-03,-4.743300992637955460e-02,-4.069876670837402344e-02,2.927476167678833008e-02,-6.340539324671112809e-02,-2.227401733398437500e-02,1.118355989456176758e-02,-5.570793021112763199e-02,-3.412622213363647461e-02,-4.828274250030517578e-03,-5.214942488461815628e-02,-1.048045158386230469e-01,6.200629472732543945e-02,-5.117573458343827042e-02,-4.869365692138671875e-02,7.370257377624511719e-02,-6.059193480402313980e-02,-3.070047497749328613e-02,5.920159816741943359e-02,-5.566854271680199417e-02,-3.513640165328979492e-02,4.892885684967041016e-02,-5.196288842350327286e-02
0.000000000000000000e+00,0.000000000000000000e+00,0.000000000000000000e+00,1.251286268234252930e-02,-8.706957101821899414e-02,-3.409529799381516568e-02,-1.326638460159301758e-02,-1.701581478118896484e-01,-5.253527262965462796e-02,-3.599697351455688477e-02,-2.291958928108215332e-01,-6.711250120559952848e-02,-5.532598495483398438e-02,-2.858475446701049805e-01,-7.896987670818589322e-02,-1.051629781723022461e-01,-1.198354363441467285e-01,-5.106181228319428556e-02,-4.011118412017822266e-02,-8.913868665695190430e-02,-8.358123475471757047e-02,-8.113712072372436523e-03,-8.559256792068481445e-02,-1.021863924876811325e-01,-1.234486699104309082e-02,-8.864551782608032227e-02,-1.124305757300021469e-01,-1.210537254810333252e-01,-5.499798059463500977e-02,-4.698779383460305326e-02,-3.651338815689086914e-02,-2.898049354553222656e-02,-6.777647459665558927e-02,-1.025706529617309570e-02,-3.856021165847778320e-02,-7.038943046489976041e-02,-1.848796010017395020e-02,-4.942125082015991211e-02,-7.384088957468293302e-02,-1.185574233531951904e-01,5.119800567626953125e-03,-4.634747976223252408e-02,-3.935223817825317383e-02,2.504098415374755859e-02,-6.406339579979203336e-02,-1.708063483238220215e-02,9.675323963165283203e-03,-5.628075772682450406e-02,-2.586796879768371582e-02,-2.961039543151855469e-03,-5.175520429173730008e-02,-1.077235043048858643e-01,6.064224243164062500e-02,-5.015017041722558133e-02,-4.812830686569213867e-02,7.075160741806030273e-02,-6.094740653196595304e-02,-2.666100859642028809e-02,5.789458751678466797e-02,-5.591923320451996915e-02,-2.900874614715576172e-02,5.009758472442626953e-02,-5.124101737300179593e-02
0.000000000000000000e+00,0.000000000000000000e+00,0.000000000000000000e+00,1.381653547286987305e-02,-8.720898628234863281e-02,-3.640597002157619499e-02,-1.248791813850402832e-02,-1.720586419105529785e-01,-5.539175929078510308e-02,-3.599506616592407227e-02,-2.312812209129333496e-01,-6.963805170306613945e-02,-5.724075436592102051e-02,-2.877404391765594482e-01,-8.056895495900562310e-02,-1.057333052158355713e-01,-1.207811832427978516e-01,-5.319633023390224480e-02,-3.967970609664916992e-02,-8.320701122283935547e-02,-8.649484129199436211e-02,-1.077318191528320312e-02,-8.667761087417602539e-02,-1.048997348690932085e-01,-1.840534806251525879e-02,-9.760117530822753906e-02,-1.149432218218748858e-01,-1.227297484874725342e-01,-5.552178621292114258e-02,-4.825099618682315850e-02,-3.695747256278991699e-02,-2.475976943969726562e-02,-6.987784863957813286e-02,-1.358544826507568359e-02,-3.974294662475585938e-02,-7.174539627084186577e-02,-2.508965134620666504e-02,-5.499792098999023438e-02,-7.433307231912067436e-02,-1.203559935092926025e-01,4.951238632202148438e-03,-4.714059145698001885e-02,-3.973153233528137207e-02,2.861124277114868164e-02,-6.529282839545658135e-02,-2.025800943374633789e-02,1.045465469360351562e-02,-5.607258589515140557e-02,-3.230705857276916504e-02,-4.883587360382080078e-03,-5.032568113455226921e-02,-1.092587709426879883e-01,6.010770797729492188e-02,-5.080582262525012993e-02,-4.867827892303466797e-02,7.331395149230957031e-02,-6.234316588887622856e-02,-2.922677993774414062e-02,5.757659673690795898e-02,-5.745426998981884026e-02,-3.409406542778015137e-02,4.565227031707763672e-02,-5.260391966947963738e-02
0.000000000000000000e+00,0.000000000000000000e+00,0.000000000000000000e+00,1.569181680679321289e-02,-9.092038869857788086e-02,-3.600013073946684017e-02,-9.995967149734497070e-03,-1.752109527587890625e-01,-5.411014151241033687e-02,-3.267109394073486328e-02,-2.326973676681518555e-01,-6.776321497227399959e-02,-5.423143506050109863e-02,-2.893211841583251953e-01,-7.825104710127561702e-02,-1.052536666393280029e-01,-1.240131855010986328e-01,-5.234072175289838924e-02,-3.401505947113037109e-02,-8.971267938613891602e-02,-8.637724634672849788e-02,-2.923607826232910156e-03,-8.755868673324584961e-02,-1.060692649748489202e-01,-8.636087179183959961e-03,-9.181177616119384766e-02,-1.167946663167640509e-01,-1.209085583686828613e-01,-5.772840976715087891e-02,-4.737854194308965816e-02,-2.711957693099975586e-02,-2.758997678756713867e-02,-6.759078618551939144e-02,-4.498064517974853516e-03,-4.011023044586181641e-02,-6.922194179560392513e-02,-1.603618264198303223e-02,-5.229055881500244141e-02,-7.213264521624296322e-02,-1.163039207458496094e-01,4.063308238983154297e-03,-4.637250494624822750e-02,-2.883222699165344238e-02,2.745270729064941406e-02,-6.356622096564024105e-02,-1.123496890068054199e-02,1.040941476821899414e-02,-5.360957052971571102e-02,-2.427053451538085938e-02,-2.447426319122314453e-03,-4.737571444775312557e-02,-1.025318205356597900e-01,6.031870841979980469e-02,-5.021186735893934383e-02,-3.871607780456542969e-02,7.387524843215942383e-02,-6.210714769031255855e-02,-2.107810974121093750e-02,5.922031402587890625e-02,-5.692757856513708248e-02,-2.693122625350952148e-02,5.010932683944702148e-02,-5.147389140392988338e-02
0.000000000000000000e+00,0.000000000000000000e+00,0.000000000000000000e+00,1.556938886642456055e-02,-8.807760477066040039e-02,-3.775416692957378473e-02,-1.507908105850219727e-02,-1.725013852119445801e-01,-5.545564746722675409e-02,-4.059168696403503418e-02,-2.292062640190124512e-01,-6.812633952364421930e-02,-6.204217672348022461e-02,-2.874777019023895264e-01,-7.726769527658916559e-02,-1.065800487995147705e-01,-1.197902560234069824e-01,-5.595906457170940485e-02,-3.884389996528625488e-02,-7.902330160140991211e-02,-9.039081266388393487e-02,-4.524648189544677734e-03,-7.882004976272583008e-02,-1.084689312265822991e-01,-9.802967309951782227e-03,-8.858048915863037109e-02,-1.179673113511512383e-01,-1.240832805633544922e-01,-5.406272411346435547e-02,-5.033551534876323785e-02,-3.288480639457702637e-02,-1.818960905075073242e-02,-7.317527016863323297e-02,-5.328208208084106445e-03,-3.223925828933715820e-02,-7.361908635363079156e-02,-1.440969109535217285e-02,-4.870140552520751953e-02,-7.460222026571727838e-02,-1.214254200458526611e-01,7.429838180541992188e-03,-4.872434219583965387e-02,-3.579854965209960938e-02,3.595608472824096680e-02,-6.836883357033229913e-02,-1.350322365760803223e-02,1.748740673065185547e-02,-5.689970782265163507e-02,-2.279859781265258789e-02,5.847215652465820312e-04,-4.869782930478550043e-02,-1.095039844512939453e-01,6.403243541717529297e-02,-5.205668514832950677e-02,-4.889363050460815430e-02,8.155685663223266602e-02,-6.613383820518947687e-02,-2.575528621673583984e-02,6.258308887481689453e-02,-6.044454133376575555e-02,-2.582034468650817871e-02,4.630511999130249023e-02,-5.375961965188480463e-02
0.000000000000000000e+00,0.000000000000000000e+00,0.000000000000000000e+00,1.377257704734802246e-02,-8.882457017898559570e-02,-3.742445714098607823e-02,-1.747092604637145996e-02,-1.714751720428466797e-01,-5.514899722558652684e-02,-4.325118660926818848e-02,-2.265216112136840820e-01,-6.839349202138578221e-02,-6.590604782104492188e-02,-2.830737233161926270e-01,-7.859411171895658299e-02,-1.122055649757385254e-01,-1.161779165267944336e-01,-4.979572898966466710e-02,-4.826876521110534668e-02,-8.060640096664428711e-02,-8.438568643552457615e-02,-1.245099306106567383e-02,-7.721287012100219727e-02,-1.045706354759374790e-01,-1.531201601028442383e-02,-8.197087049484252930e-02,-1.150012620471159153e-01,-1.284601390361785889e-01,-5.037713050842285156e-02,-4.415092698556577488e-02,-4.197895526885986328e-02,-1.692664623260498047e-02,-6.620743206960355565e-02,-1.194539666175842285e-02,-2.886825799942016602e-02,-6.847717694265043065e-02,-1.840162277221679688e-02,-4.246717691421508789e-02,-7.036259106618558690e-02,-1.243465840816497803e-01,1.159209012985229492e-02,-4.277751303536092564e-02,-4.398408532142639160e-02,3.792947530746459961e-02,-6.216840899807607457e-02,-1.946777105331420898e-02,2.033740282058715820e-02,-5.285364843231832310e-02,-2.696096897125244141e-02,4.282414913177490234e-03,-4.569771222097074315e-02,-1.114346683025360107e-01,6.714355945587158203e-02,-4.617674730044996068e-02,-5.297738313674926758e-02,8.326089382171630859e-02,-5.822014144879972264e-02,-2.859967947006225586e-02,6.397062540054321289e-02,-5.196287191731130406e-02,-2.810108661651611328e-02,4.780805110931396484e-02,-4.490501142365133092e-02
0.000000000000000000e+00,0.000000000000000000e+00,0.000000000000000000e+00,1.494640111923217773e-02,-9.023386240005493164e-02,-3.881305606589080526e-02,-1.453211903572082520e-02,-1.736097931861877441e-01,-5.758777038678886129e-02,-4.151266813278198242e-02,-2.286121845245361328e-01,-7.183360086307288839e-02,-6.528186798095703125e-02,-2.843475937843322754e-01,-8.308027462587119771e-02,-1.136847436428070068e-01,-1.210098862648010254e-01,-4.917070792541267110e-02,-4.751801490783691406e-02,-8.199715614318847656e-02,-8.397947774753333761e-02,-1.069644093513488770e-02,-7.611161470413208008e-02,-1.042963840208983584e-01,-1.318231225013732910e-02,-8.140957355499267578e-02,-1.149898298226332827e-01,-1.289354413747787476e-01,-5.607706308364868164e-02,-4.326297493204833700e-02,-4.467388987541198730e-02,-2.158409357070922852e-02,-6.629198567495109273e-02,-1.280784606933593750e-02,-3.172081708908081055e-02,-6.904977337941886617e-02,-1.780501008033752441e-02,-4.608583450317382812e-02,-7.124317960366965963e-02,-1.252572387456893921e-01,5.626499652862548828e-03,-4.188491927013160421e-02,-4.685205221176147461e-02,3.388488292694091797e-02,-6.312625633105994893e-02,-2.015617489814758301e-02,1.846998929977416992e-02,-5.477286653146506978e-02,-2.665674686431884766e-02,2.333164215087890625e-03,-4.816077054962875081e-02,-1.129477024078369141e-01,6.233549118041992188e-02,-4.525115863904716207e-02,-5.651605129241943359e-02,8.176356554031372070e-02,-5.821835400089980794e-02,-3.014749288558959961e-02,6.544512510299682617e-02,-5.229886771664382650e-02,-2.852249145507812500e-02,5.003279447555541992e-02,-4.565178380832435323e-02
0.000000000000000000e+00,0.000000000000000000e+00,0.000000000000000000e+00,1.470264792442321777e-02,-9.072238206863403320e-02,-3.946653126740784501e-02,-1.643204689025878906e-02,-1.735907793045043945e-01,-5.714849500918717240e-02,-4.388740658760070801e-02,-2.254582047462463379e-01,-6.992248936558098649e-02,-6.701299548149108887e-02,-2.806221246719360352e-01,-7.931270941162438248e-02,-1.129809319972991943e-01,-1.163601875305175781e-01,-5.151039107704491471e-02,-4.610937833786010742e-02,-7.497370243072509766e-02,-8.719286068344445084e-02,-7.487833499908447266e-03,-7.054263353347778320e-02,-1.069518898334536061e-01,-8.773922920227050781e-03,-7.701325416564941406e-02,-1.168903534021410451e-01,-1.291290521621704102e-01,-5.118978023529052734e-02,-4.492841034198136185e-02,-4.340517520904541016e-02,-1.500499248504638672e-02,-6.908765926027626847e-02,-1.096114516258239746e-02,-2.878975868225097656e-02,-7.048067941332192277e-02,-1.482737064361572266e-02,-4.674518108367919922e-02,-7.114989801311821793e-02,-1.256478279829025269e-01,1.085841655731201172e-02,-4.301349191928238724e-02,-4.463037848472595215e-02,4.115182161331176758e-02,-6.564965589905114030e-02,-1.687654852867126465e-02,2.227747440338134766e-02,-5.559374137783379410e-02,-2.141231298446655273e-02,2.237439155578613281e-03,-4.697710021400780533e-02,-1.133108735084533691e-01,6.775510311126708984e-02,-4.594953848982186173e-02,-5.573144555091857910e-02,8.993393182754516602e-02,-6.094239397907585953e-02,-2.759504318237304688e-02,6.926244497299194336e-02,-5.494370057249398087e-02,-2.279290556907653809e-02,4.906761646270751953e-02,-4.736536114478440140e-02
0.000000000000000000e+00,0.000000000000000000e+00,0.000000000000000000e+00,1.562374830245971680e-02,-9.198188781738281250e-02,-4.229730234840189951e-02,-1.350820064544677734e-02,-1.752322316169738770e-01,-6.179573254087245004e-02,-4.183617234230041504e-02,-2.281431257724761963e-01,-7.556183503368174570e-02,-6.660056114196777344e-02,-2.842606902122497559e-01,-8.574186132648264902e-02,-1.116223037242889404e-01,-1.168241500854492188e-01,-5.830975489118372934e-02,-4.748460650444030762e-02,-7.000327110290527344e-02,-9.400678293206965463e-02,-9.517043828964233398e-03,-6.956601142883300781e-02,-1.126934947202471449e-01,-9.998112916946411133e-03,-8.017432689666748047e-02,-1.222360865900782301e-01,-1.286954134702682495e-01,-5.161172151565551758e-02,-5.045284943082606333e-02,-4.402664303779602051e-02,-1.377207040786743164e-02,-7.533188031413828867e-02,-1.113867759704589844e-02,-3.134530782699584961e-02,-7.647558913924967783e-02,-1.344376802444458008e-02,-5.254548788070678711e-02,-7.723388688066279428e-02,-1.249856203794479370e-01,9.880483150482177734e-03,-4.697796197035586374e-02,-4.305833578109741211e-02,4.015630483627319336e-02,-6.970258669355189340e-02,-1.540595293045043945e-02,1.881766319274902344e-02,-5.940970273115908640e-02,-1.887694001197814941e-02,-3.669917583465576172e-03,-5.104016752341067331e-02,-1.115863919258117676e-01,6.618136167526245117e-02,-4.861334578492915171e-02,-5.270195007324218750e-02,8.694994449615478516e-02,-6.426827476718699472e-02,-2.493068575859069824e-02,6.348294019699096680e-02,-5.903715507486140268e-02,-1.978397369384765625e-02,4.059100151062011719e-02,-5.216040701964175241e-02
0.000000000000000000e+00,0.000000000000000000e+00,0.000000000000000000e+00,1.509347558021545410e-02,-9.323805570602416992e-02,-4.078808954125179298e-02,-1.370444893836975098e-02,-1.789808273315429688e-01,-5.954682609205974586e-02,-4.313778877258300781e-02,-2.323905825614929199e-01,-7.284633224969638832e-02,-6.917095184326171875e-02,-2.874230742454528809e-01,-8.269402539497150428e-02,-1.130808889865875244e-01,-1.208586096763610840e-01,-5.450935071473850257e-02,-5.004528164863586426e-02,-7.057744264602661133e-02,-8.883061414724124916e-02,-1.317253708839416504e-02,-7.137668132781982422e-02,-1.073694468117309953e-01,-1.487970352172851562e-02,-8.443665504455566406e-02,-1.171327323294235612e-01,-1.305981278419494629e-01,-5.681610107421875000e-02,-4.709597831731571205e-02,-4.757043719291687012e-02,-1.530224084854125977e-02,-7.060001945262683876e-02,-1.457378268241882324e-02,-3.215134143829345703e-02,-7.250186955695880897e-02,-1.780366897583007812e-02,-5.314135551452636719e-02,-7.416767781739963539e-02,-1.275187283754348755e-01,3.992438316345214844e-03,-4.398464566236270912e-02,-4.662722349166870117e-02,3.909146785736083984e-02,-6.528392588859333046e-02,-1.909992098808288574e-02,1.936882734298706055e-02,-5.641384577518238075e-02,-2.411788702011108398e-02,-2.165377140045166016e-03,-4.970982452994121559e-02,-1.145971417427062988e-01,5.994939804077148438e-02,-4.580863719945682533e-02,-5.413603782653808594e-02,8.456659317016601562e-02,-5.941519668465389259e-02,-2.649104595184326172e-02,6.432932615280151367e-02,-5.440022578602565773e-02,-2.311116456985473633e-02,4.467713832855224609e-02,-4.846711238985790260e-02
0.000000000000000000e+00,0.000000000000000000e+00,0.000000000000000000e+00,1.575264334678649902e-02,-9.025037288665771484e-02,-4.321183713585696751e-02,-1.388624310493469238e-02,-1.746842861175537109e-01,-6.263280736715159946e-02,-4.349792003631591797e-02,-2.274204790592193604e-01,-7.612474339515529209e-02,-7.081177830696105957e-02,-2.819297611713409424e-01,-8.593545930892787510e-02,-1.138764619827270508e-01,-1.172078251838684082e-01,-5.784157740384898716e-02,-4.990467429161071777e-02,-6.702631711959838867e-02,-9.451765643865428501e-02,-1.327478885650634766e-02,-6.596654653549194336e-02,-1.134241752556022220e-01,-1.538312435150146484e-02,-7.855397462844848633e-02,-1.228155352404769474e-01,-1.317591667175292969e-01,-5.141824483871459961e-02,-4.973076733261905247e-02,-4.703262448310852051e-02,-9.287834167480468750e-03,-7.593567746192775303e-02,-1.484075188636779785e-02,-2.543419599533081055e-02,-7.752306091100535923e-02,-1.827460527420043945e-02,-4.712414741516113281e-02,-7.823560463697276646e-02,-1.291792988777160645e-01,1.073479652404785156e-02,-4.634935113102756077e-02,-4.669988155364990234e-02,4.581820964813232422e-02,-7.037986891776881748e-02,-1.821562647819519043e-02,2.619618177413940430e-02,-6.078852789909205967e-02,-2.152979373931884766e-02,3.385663032531738281e-03,-5.263410212904773289e-02,-1.169901937246322632e-01,6.719970703125000000e-02,-4.813930469066463047e-02,-5.502843856811523438e-02,9.180784225463867188e-02,-6.425450073987803989e-02,-2.600067853927612305e-02,7.243752479553222656e-02,-5.974295812160335117e-02,-2.136307954788208008e-02,5.149960517883300781e-02,-5.332873465926013523e-02
0.000000000000000000e+00,0.000000000000000000e+00,0.000000000000000000e+00,1.709994673728942871e-02,-9.037715196609497070e-02,-4.505677344357650327e-02,-1.010692119598388672e-02,-1.782721877098083496e-01,-6.498922603284995603e-02,-4.039624333381652832e-02,-2.305447459220886230e-01,-7.829788522874991941e-02,-6.807669997215270996e-02,-2.843518853187561035e-01,-8.757267342960517453e-02,-1.081154644489288330e-01,-1.185191869735717773e-01,-6.169250430619399594e-02,-4.577371478080749512e-02,-6.465613842010498047e-02,-9.657960580742042112e-02,-9.380280971527099609e-03,-6.749695539474487305e-02,-1.124230940834252124e-01,-1.194810867309570312e-02,-8.487051725387573242e-02,-1.196584721103874926e-01,-1.277915239334106445e-01,-5.507797002792358398e-02,-5.195537032639663266e-02,-4.125082492828369141e-02,-1.088678836822509766e-02,-7.718328582203071164e-02,-9.054303169250488281e-03,-2.813225984573364258e-02,-7.693799035703818845e-02,-1.263555884361267090e-02,-5.110573768615722656e-02,-7.619409458791892575e-02,-1.273337304592132568e-01,4.692137241363525391e-03,-4.665225939905326413e-02,-4.277190566062927246e-02,4.297178983688354492e-02,-7.014785157596747922e-02,-1.438742876052856445e-02,2.395856380462646484e-02,-5.950986417090575742e-02,-1.763144135475158691e-02,6.528496742248535156e-04,-5.052809240376632260e-02,-1.169813573360443115e-01,6.025081872940063477e-02,-4.660516427910010862e-02,-5.523723363876342773e-02,8.998763561248779297e-02,-6.305549489414374875e-02,-2.447742223739624023e-02,7.336664199829101562e-02,-5.816439362322967099e-02,-1.722392439842224121e-02,5.309456586837768555e-02,-5.108391689216773557e-02
0.000000000000000000e+00,0.000000000000000000e+00,0.000000000000000000e+00,1.689100265502929688e-02,-8.959013223648071289e-02,-4.534450658638888854e-02,-1.019251346588134766e-02,-1.752259135246276855e-01,-6.608859562356883544e-02,-4.034197330474853516e-02,-2.284464538097381592e-01,-8.029398434837276000e-02,-6.982690095901489258e-02,-2.829374670982360840e-01,-9.041393660982066649e-02,-1.120539158582687378e-01,-1.171849370002746582e-01,-6.162843965967113036e-02,-4.694619774818420410e-02,-6.514173746109008789e-02,-9.809409194667750853e-02,-8.989900350570678711e-03,-6.550788879394531250e-02,-1.157468121596139099e-01,-1.074185967445373535e-02,-7.929223775863647461e-02,-1.243075739689629700e-01,-1.300861388444900513e-01,-5.252206325531005859e-02,-5.255086832721644896e-02,-4.253304004669189453e-02,-1.057326793670654297e-02,-7.857523971279078978e-02,-8.982628583908081055e-03,-2.865624427795410156e-02,-7.927294933278972167e-02,-1.174846291542053223e-02,-5.231374502182006836e-02,-7.960966342170650023e-02,-1.274812668561935425e-01,8.650302886962890625e-03,-4.815042131622249144e-02,-4.222744703292846680e-02,4.359865188598632812e-02,-7.276985161979609984e-02,-1.232218742370605469e-02,2.148091793060302734e-02,-6.237698831637317198e-02,-1.484030485153198242e-02,-3.954946994781494141e-03,-5.360832550604754942e-02,-1.147882342338562012e-01,6.490987539291381836e-02,-4.902327173431331175e-02,-5.399718880653381348e-02,9.133797883987426758e-02,-6.629629545886928099e-02,-2.358201146125793457e-02,7.158255577087402344e-02,-6.138843410690242308e-02,-1.654493808746337891e-02,4.970169067382812500e-02,-5.443178602536136168e-02
0.000000000000000000e+00,0.000000000000000000e+00,0.000000000000000000e+00,1.481071114540100098e-02,-8.877652883529663086e-02,-4.780703379751116699e-02,-1.276379823684692383e-02,-1.735289096832275391e-01,-6.990969150305659241e-02,-4.332247376441955566e-02,-2.266120910644531250e-01,-8.473691313506037659e-02,-7.285353541374206543e-02,-2.811315059661865234e-01,-9.519471197367579407e-02,-1.150813400745391846e-01,-1.111071109771728516e-01,-6.707267432452113098e-02,-4.877740144729614258e-02,-5.750334262847900391e-02,-1.035021763944712347e-01,-1.073741912841796875e-02,-6.187850236892700195e-02,-1.196507957482424445e-01,-1.213473081588745117e-02,-7.799619436264038086e-02,-1.271349486613360114e-01,-1.321724951267242432e-01,-4.547363519668579102e-02,-5.682976140619189209e-02,-4.422014951705932617e-02,-2.466022968292236328e-03,-8.420715450287730164e-02,-9.561210870742797852e-03,-2.302557229995727539e-02,-8.440420000792414612e-02,-1.155117154121398926e-02,-4.780787229537963867e-02,-8.412803678751856751e-02,-1.284962445497512817e-01,1.525890827178955078e-02,-5.109394310952097840e-02,-4.217419028282165527e-02,5.048066377639770508e-02,-7.667621194363505310e-02,-1.199737191200256348e-02,2.538436651229858398e-02,-6.657947569132716126e-02,-1.432138681411743164e-02,-1.631617546081542969e-03,-5.789442329646021790e-02,-1.147160232067108154e-01,7.039153575897216797e-02,-5.075113444567591614e-02,-5.207738280296325684e-02,9.460228681564331055e-02,-6.870801716090113587e-02,-2.099597454071044922e-02,7.234090566635131836e-02,-6.452903865815073914e-02,-1.384720206260681152e-02,4.912328720092773438e-02,-5.805422334910304016e-02
0.000000000000000000e+00,0.000000000000000000e+00,0.000000000000000000e+00,1.469093561172485352e-02,-9.117752313613891602e-02,-4.697771787397186927e-02,-1.342734694480895996e-02,-1.786699891090393066e-01,-6.783369973055641822e-02,-4.207918047904968262e-02,-2.315711677074432373e-01,-8.167818233124535254e-02,-7.085096836090087891e-02,-2.830626666545867920e-01,-9.141897454611580542e-02,-1.142915189266204834e-01,-1.113455891609191895e-01,-6.449672624222557715e-02,-4.871165752410888672e-02,-5.999296903610229492e-02,-1.001445655500106113e-01,-1.099869608879089355e-02,-6.342768669128417969e-02,-1.163598676001242893e-01,-1.263955235481262207e-02,-7.919687032699584961e-02,-1.238217954312972324e-01,-1.304807513952255249e-01,-4.637658596038818359e-02,-5.415242954842369727e-02,-4.261353611946105957e-02,-5.083799362182617188e-03,-8.003439053646843604e-02,-1.037272810935974121e-02,-2.503347396850585938e-02,-8.017324700705330542e-02,-1.354423165321350098e-02,-5.044448375701904297e-02,-7.996311828247826270e-02,-1.267833858728408813e-01,1.398319005966186523e-02,-4.831034734598915747e-02,-4.144966602325439453e-02,4.868185520172119141e-02,-7.222647264353554419e-02,-1.362910866737365723e-02,2.669733762741088867e-02,-6.195284470669548682e-02,-1.753249764442443848e-02,1.316547393798828125e-03,-5.332564607016365699e-02,-1.138349771499633789e-01,6.922459602355957031e-02,-4.794636040679733924e-02,-5.304330587387084961e-02,9.564787149429321289e-02,-6.446542635313790015e-02,-2.365359663963317871e-02,7.571226358413696289e-02,-5.965736180297653846e-02,-1.762476563453674316e-02,5.278170108795166016e-02,-5.285130485646050147e-02
0.000000000000000000e+00,0.000000000000000000e+00,0.000000000000000000e+00,1.386654376983642578e-02,-9.252405166625976562e-02,-4.534600673522959369e-02,-1.566627621650695801e-02,-1.775127053260803223e-01,-6.574773041810999530e-02,-4.354318976402282715e-02,-2.301648855209350586e-01,-7.970907537546167987e-02,-7.082071900367736816e-02,-2.833096086978912354e-01,-8.944710342493067401e-02,-1.154390722513198853e-01,-1.091375350952148438e-01,-6.319914756622324603e-02,-5.167439579963684082e-02,-5.662453174591064453e-02,-9.906554220523844378e-02,-1.322671771049499512e-02,-5.964326858520507812e-02,-1.154874265035630287e-01,-1.368954777717590332e-02,-7.482999563217163086e-02,-1.229469254454613747e-01,-1.319802105426788330e-01,-4.318398237228393555e-02,-5.374195052590380328e-02,-4.421630501747131348e-02,-1.046776771545410156e-03,-7.976152001228342669e-02,-1.127070188522338867e-02,-2.149367332458496094e-02,-7.962806521263132709e-02,-1.393589377403259277e-02,-4.652678966522216797e-02,-7.882886378374109881e-02,-1.282973736524581909e-01,1.758855581283569336e-02,-4.868404565658579486e-02,-4.164865612983703613e-02,5.170381069183349609e-02,-7.225058971252451556e-02,-1.413044333457946777e-02,2.841210365295410156e-02,-6.124619765486727374e-02,-1.783958077430725098e-02,2.809107303619384766e-03,-5.184243617858896869e-02,-1.155912131071090698e-01,7.283550500869750977e-02,-4.909432677831659930e-02,-5.167317390441894531e-02,9.501928091049194336e-02,-6.539420036878595965e-02,-2.181473374366760254e-02,7.106393575668334961e-02,-6.015492229070673602e-02,-1.545986533164978027e-02,4.616349935531616211e-02,-5.267316473927508014e-02
0.000000000000000000e+00,0.000000000000000000e+00,0.000000000000000000e+00,1.233986020088195801e-02,-9.178465604782104492e-02,-4.653938421384395951e-02,-1.789677143096923828e-02,-1.767100691795349121e-01,-6.799010866657795304e-02,-4.705882072448730469e-02,-2.291612029075622559e-01,-8.292887294069828386e-02,-7.493776082992553711e-02,-2.829561829566955566e-01,-9.368440443054737443e-02,-1.194929182529449463e-01,-1.059964299201965332e-01,-6.107611143366398210e-02,-5.661651492118835449e-02,-5.446976423263549805e-02,-9.806240284220280046e-02,-1.562041044235229492e-02,-5.704647302627563477e-02,-1.164531552173286855e-01,-1.354035735130310059e-02,-7.345169782638549805e-02,-1.253344037510544240e-01,-1.351167857646942139e-01,-4.004919528961181641e-02,-5.142653667704166764e-02,-4.941442608833312988e-02,4.267096519470214844e-04,-7.862693750635685319e-02,-1.332804560661315918e-02,-1.909393072128295898e-02,-7.989475065247120256e-02,-1.458078622817993164e-02,-4.581099748611450195e-02,-8.013794505373539323e-02,-1.306864470243453979e-01,2.048009634017944336e-02,-4.662525215522350663e-02,-4.593467712402343750e-02,5.246800184249877930e-02,-7.187396967188419694e-02,-1.662546396255493164e-02,3.113919496536254883e-02,-6.229988419786991471e-02,-2.019324898719787598e-02,4.654884338378906250e-03,-5.387025633231701249e-02,-1.177198439836502075e-01,7.468110322952270508e-02,-4.728463598863186235e-02,-5.784195661544799805e-02,9.816461801528930664e-02,-6.478001111523212785e-02,-2.679434418678283691e-02,7.699012756347656250e-02,-6.012429976240696305e-02,-2.047535777091979980e-02,5.253010988235473633e-02,-5.322390728966297502e-02
0.000000000000000000e+00,0.000000000000000000e+00,0.000000000000000000e+00,1.220560073852539062e-02,-9.284514188766479492e-02,-4.417520495718463280e-02,-1.917356252670288086e-02,-1.789849996566772461e-01,-6.478934096759303429e-02,-4.825630784034729004e-02,-2.320467233657836914e-01,-7.926567750638469079e-02,-7.662987709045410156e-02,-2.852222919464111328e-01,-8.944114404386027672e-02,-1.203493773937225342e-01,-1.096382737159729004e-01,-6.054609375661357262e-02,-5.581301450729370117e-02,-5.679339170455932617e-02,-9.645421164697154381e-02,-1.599776744842529297e-02,-5.947130918502807617e-02,-1.138899486011837325e-01,-1.434528827667236328e-02,-7.654690742492675781e-02,-1.222267236060474715e-01,-1.374654322862625122e-01,-4.481405019760131836e-02,-5.175797748034938195e-02,-4.842194914817810059e-02,-1.662194728851318359e-03,-7.697796183293803551e-02,-1.644158363342285156e-02,-2.196800708770751953e-02,-7.719346987670405724e-02,-1.907563209533691406e-02,-4.886394739151000977e-02,-7.695459681218608239e-02,-1.337416172027587891e-01,1.530140638351440430e-02,-4.747255998319133141e-02,-4.681935906410217285e-02,5.008566379547119141e-02,-6.970185148185237267e-02,-2.127939462661743164e-02,3.021931648254394531e-02,-5.831800507968409875e-02,-2.716386318206787109e-02,5.609750747680664062e-03,-4.920932012265666344e-02,-1.208880841732025146e-01,7.046616077423095703e-02,-4.873379799192889550e-02,-5.882096290588378906e-02,9.670609235763549805e-02,-6.440226840442164757e-02,-3.163033723831176758e-02,7.559448480606079102e-02,-5.909903081720813134e-02,-2.874428033828735352e-02,5.071330070495605469e-02,-5.177548261946185448e-02
0.000000000000000000e+00,0.000000000000000000e+00,0.000000000000000000e+00,1.260074973106384277e-02,-9.203374385833740234e-02,-4.504893467677106855e-02,-1.826995611190795898e-02,-1.757707595825195312e-01,-6.644325450909605024e-02,-4.757413268089294434e-02,-2.279844284057617188e-01,-8.146693305027952192e-02,-7.562109827995300293e-02,-2.820056676864624023e-01,-9.195831910622587202e-02,-1.206026375293731689e-01,-1.060498356819152832e-01,-6.247588367116918562e-02,-5.350041389465332031e-02,-5.105191469192504883e-02,-1.000889365459727287e-01,-1.547348499298095703e-02,-5.682736635208129883e-02,-1.185372744585322380e-01,-1.730230450630187988e-02,-7.628864049911499023e-02,-1.274343554760264396e-01,-1.375739723443984985e-01,-4.061567783355712891e-02,-5.365848288786878584e-02,-4.668849706649780273e-02,2.815306186676025391e-03,-8.069050059569349287e-02,-1.525574922561645508e-02,-2.092558145523071289e-02,-8.093935743821134565e-02,-1.949250698089599609e-02,-4.833883047103881836e-02,-8.031560228121747969e-02,-1.340148001909255981e-01,1.982069015502929688e-02,-4.952329517257680891e-02,-4.374143481254577637e-02,5.447822809219360352e-02,-7.301125422966947554e-02,-1.809650659561157227e-02,3.123074769973754883e-02,-6.088423476469984053e-02,-2.451556921005249023e-02,5.858421325683593750e-03,-5.079065755856504438e-02,-1.212009489536285400e-01,7.486891746520996094e-02,-5.107341081750860212e-02,-5.440652370452880859e-02,9.942877292633056641e-02,-6.732835368168821333e-02,-2.710232138633728027e-02,7.576376199722290039e-02,-6.207193181765546797e-02,-2.470412850379943848e-02,5.039995908737182617e-02,-5.449200541627874372e-02
0.000000000000000000e+00,0.000000000000000000e+00,0.000000000000000000e+00,1.163509488105773926e-02,-9.090840816497802734e-02,-4.647147224389414077e-02,-1.881259679794311523e-02,-1.739882230758666992e-01,-6.900731788121561294e-02,-4.826143383979797363e-02,-2.273525595664978027e-01,-8.488679991208414322e-02,-7.808977365493774414e-02,-2.816587388515472412e-01,-9.640374348603586441e-02,-1.235932856798171997e-01,-1.025724411010742188e-01,-6.247361318312982803e-02,-5.495199561119079590e-02,-4.856854677200317383e-02,-9.988748596154550796e-02,-1.619562506675720215e-02,-5.513733625411987305e-02,-1.192788960143218446e-01,-1.826053857803344727e-02,-7.531350851058959961e-02,-1.293087037011275697e-01,-1.396023929119110107e-01,-3.739434480667114258e-02,-5.331240908347467666e-02,-4.882797598838806152e-02,5.899131298065185547e-03,-8.022687898122171646e-02,-1.583904027938842773e-02,-1.708817481994628906e-02,-8.160052762471536880e-02,-1.992395520210266113e-02,-4.428547620773315430e-02,-8.211004302941660171e-02,-1.346742063760757446e-01,2.271217107772827148e-02,-4.885449201904634720e-02,-4.532966017723083496e-02,5.716496706008911133e-02,-7.230032549344400650e-02,-1.877576112747192383e-02,3.543817996978759766e-02,-6.085232586704591995e-02,-2.583059668540954590e-02,1.091855764389038086e-02,-5.168900580250124221e-02,-1.206073760986328125e-01,7.717376947402954102e-02,-5.016115621768335586e-02,-5.497738718986511230e-02,1.021729111671447754e-01,-6.664698884927133804e-02,-2.676457166671752930e-02,7.888942956924438477e-02,-6.130407692037920242e-02,-2.449506521224975586e-02,5.369979143142700195e-02,-5.391568259440759903e-02
0.000000000000000000e+00,0.000000000000000000e+00,0.000000000000000000e+00,1.149314641952514648e-02,-9.215795993804931641e-02,-4.545360247541907484e-02,-1.894512772560119629e-02,-1.764219403266906738e-01,-6.755707974483016187e-02,-4.712757468223571777e-02,-2.315645813941955566e-01,-8.330809141446593458e-02,-7.602924108505249023e-02,-2.849765419960021973e-01,-9.478568847228530103e-02,-1.214053630828857422e-01,-1.049397587776184082e-01,-6.330014581729415113e-02,-5.312979221343994141e-02,-5.161333084106445312e-02,-1.005819719557905501e-01,-1.260906457901000977e-02,-5.714315176010131836e-02,-1.191439610247755354e-01,-1.145058870315551758e-02,-7.693862915039062500e-02,-1.282680910353803938e-01,-1.380557566881179810e-01,-3.983110189437866211e-02,-5.434492419411185438e-02,-4.637059569358825684e-02,2.464652061462402344e-03,-8.060124332953932935e-02,-1.406261324882507324e-02,-1.932728290557861328e-02,-8.087140883256438428e-02,-1.667496562004089355e-02,-4.613894224166870117e-02,-8.045787180711272413e-02,-1.332815736532211304e-01,2.053713798522949219e-02,-4.992713595677855665e-02,-4.369837045669555664e-02,5.344158411026000977e-02,-7.313091124345305616e-02,-1.869055628776550293e-02,3.318029642105102539e-02,-6.111798251916411573e-02,-2.554640173912048340e-02,9.319245815277099609e-03,-5.125508273889067823e-02,-1.192741096019744873e-01,7.620507478713989258e-02,-5.118442143250945264e-02,-5.384245514869689941e-02,1.001476645469665527e-01,-6.813476796199324781e-02,-2.707120776176452637e-02,7.662433385848999023e-02,-6.291345323373320753e-02,-2.537137269973754883e-02,5.036360025405883789e-02,-5.515740255762580091e-02
0.000000000000000000e+00,0.000000000000000000e+00,0.000000000000000000e+00,1.162597537040710449e-02,-9.414893388748168945e-02,-4.506659120164613341e-02,-1.941749453544616699e-02,-1.769093275070190430e-01,-6.657116845093469237e-02,-4.826050996780395508e-02,-2.291280925273895264e-01,-8.166533693514566039e-02,-7.665857672691345215e-02,-2.833651900291442871e-01,-9.256485834561090087e-02,-1.225591748952865601e-01,-1.033659577369689941e-01,-6.218687429867486571e-02,-5.547201633453369141e-02,-4.877203702926635742e-02,-9.879996612511376952e-02,-1.656520366668701172e-02,-5.684685707092285156e-02,-1.176083458944390259e-01,-1.706492900848388672e-02,-7.774293422698974609e-02,-1.269810496254990539e-01,-1.393985152244567871e-01,-3.786969184875488281e-02,-5.315473660670022582e-02,-4.905155301094055176e-02,5.131363868713378906e-03,-7.839441284380654906e-02,-1.731991767883300781e-02,-1.824569702148437500e-02,-7.888532414875726317e-02,-1.980346441268920898e-02,-4.491478204727172852e-02,-7.877612098894815063e-02,-1.346945613622665405e-01,2.257883548736572266e-02,-4.858739659033517455e-02,-4.636615514755249023e-02,5.651503801345825195e-02,-7.086423769436578368e-02,-2.162677049636840820e-02,3.460973501205444336e-02,-5.931248128257493590e-02,-2.759844064712524414e-02,1.016050577163696289e-02,-4.993658125243882751e-02,-1.210246831178665161e-01,7.725071907043457031e-02,-4.963515311322908019e-02,-5.552551150321960449e-02,9.981703758239746094e-02,-6.585446730099420165e-02,-2.845486998558044434e-02,7.603842020034790039e-02,-6.062395110569696044e-02,-2.576333284378051758e-02,5.068349838256835938e-02,-5.301276951871614074e-02
