0.000000000000000000e+00,0.000000000000000000e+00,0.000000000000000000e+00,-4.855850338935852051e-02,-1.016831398010253906e-01,2.628870472909738965e-02,-4.746133089065551758e-02,-2.022216320037841797e-01,2.902832605542471356e-02,-1.502424478530883789e-02,-2.604325413703918457e-01,2.420391306878855175e-02,2.613371610641479492e-02,-2.854397296905517578e-01,1.914379723967840619e-02,-7.490709424018859863e-02,-2.652587294578552246e-01,9.071695400791668362e-03,-8.923965692520141602e-02,-3.761576116085052490e-01,8.038415355997585721e-03,-1.021022200584411621e-01,-4.344018101692199707e-01,7.926540231721901364e-03,-1.156276464462280273e-01,-4.831287264823913574e-01,7.160519032197498746e-03,-3.237923979759216309e-02,-2.690230011940002441e-01,-1.007888115344712787e-02,-4.584491252899169922e-04,-3.777337670326232910e-01,-3.386906798539257579e-03,1.810526847839355469e-02,-4.304703474044799805e-01,-5.076074004932706885e-04,2.884912490844726562e-02,-4.716929495334625244e-01,-2.122998920810914569e-03,1.199015974998474121e-02,-2.537899017333984375e-01,-2.598173193035790973e-02,4.028564691543579102e-02,-3.097868561744689941e-01,-1.338096077887485080e-02,3.558760881423950195e-02,-2.769843935966491699e-01,-1.962202585843897396e-03,2.736228704452514648e-02,-2.450965642929077148e-01,1.947570723871194787e-03,5.236393213272094727e-02,-2.287501096725463867e-01,-4.144550509153077655e-02,6.164282560348510742e-02,-2.589821815490722656e-01,-2.153566873965928608e-02,5.261212587356567383e-02,-2.310825586318969727e-01,-3.241257493925786548e-03,4.610902070999145508e-02,-2.047490477561950684e-01,6.968264716135763592e-03
0.000000000000000000e+00,0.000000000000000000e+00,0.000000000000000000e+00,-5.206376314163208008e-02,-9.813505411148071289e-02,1.890803181757405582e-02,-5.239054560661315918e-02,-1.970139145851135254e-01,2.022576757897809330e-02,-1.951965689659118652e-02,-2.547655105590820312e-01,1.568187453975156131e-02,1.939883828163146973e-02,-2.775145173072814941e-01,1.146059815962985340e-02,-7.177135348320007324e-02,-2.585610747337341309e-01,6.168366011280568273e-03,-8.417046070098876953e-02,-3.634135723114013672e-01,2.442851496908815534e-03,-9.765601158142089844e-02,-4.227003455162048340e-01,-2.733347266428154398e-04,-1.110125184059143066e-01,-4.718199670314788818e-01,-2.931159155394880145e-03,-2.607128024101257324e-02,-2.630649805068969727e-01,-9.768580485086886256e-03,3.149867057800292969e-03,-3.652690052986145020e-01,-6.683444071512667506e-03,2.188557386398315430e-02,-4.202423691749572754e-01,-6.353983588468281596e-03,3.499704599380493164e-02,-4.621701240539550781e-01,-8.866290960412470668e-03,1.908364892005920410e-02,-2.474813461303710938e-01,-2.338613702724501309e-02,4.961621761322021484e-02,-3.046197891235351562e-01,-1.699929444859549221e-02,4.467982053756713867e-02,-2.707867622375488281e-01,-8.419470328789202540e-03,3.639429807662963867e-02,-2.366784811019897461e-01,-4.420841045629231303e-03,5.936586856842041016e-02,-2.223392724990844727e-01,-3.688265516231581387e-02,7.439231872558593750e-02,-2.454228401184082031e-01,-2.508019602666422543e-02,6.646490097045898438e-02,-2.163954377174377441e-01,-1.127305573592707333e-02,5.951130390167236328e-02,-1.907911896705627441e-01,-2.195035505991427272e-03
0.000000000000000000e+00,0.000000000000000000e+00,0.000000000000000000e+00,-5.404096841812133789e-02,-8.969837427139282227e-02,1.900351338244377075e-02,-5.752012133598327637e-02,-1.851954460144042969e-01,1.949666544950900970e-02,-2.815729379653930664e-02,-2.445583939552307129e-01,1.469263352609573303e-02,8.978873491287231445e-03,-2.701969742774963379e-01,1.002547063089309631e-02,-7.428082823753356934e-02,-2.481675744056701660e-01,6.335746116690188501e-04,-8.887588977813720703e-02,-3.562689423561096191e-01,-3.584110530397310868e-03,-1.035013794898986816e-01,-4.177931249141693115e-01,-5.611893141946211472e-03,-1.167883872985839844e-01,-4.675743877887725830e-01,-7.416838666728153839e-03,-2.906343340873718262e-02,-2.551115751266479492e-01,-1.450255501859487595e-02,6.827116012573242188e-04,-3.583309650421142578e-01,-1.120126794867815079e-02,1.831743121147155762e-02,-4.125595688819885254e-01,-9.705690553715839997e-03,3.035408258438110352e-02,-4.528096914291381836e-01,-1.119499362849296631e-02,1.592889428138732910e-02,-2.415540218353271484e-01,-2.671157464229167999e-02,4.827135801315307617e-02,-2.950566112995147705e-01,-1.822809211753906311e-02,4.302257299423217773e-02,-2.609283924102783203e-01,-7.018592560967817917e-03,3.462409973144531250e-02,-2.264941334724426270e-01,-1.565899703024342671e-03,5.590587854385375977e-02,-2.171924710273742676e-01,-3.877264715575279297e-02,7.245010137557983398e-02,-2.363221645355224609e-01,-2.459276549362243713e-02,6.532692909240722656e-02,-2.073933482170104980e-01,-8.631150124898567810e-03,5.848377943038940430e-02,-1.819903254508972168e-01,2.024816462466105804e-03
0.000000000000000000e+00,0.000000000000000000e+00,0.000000000000000000e+00,-5.086240172386169434e-02,-9.036689996719360352e-02,1.651486873410590306e-02,-5.295538902282714844e-02,-1.869366765022277832e-01,1.542741924308188572e-02,-2.176520228385925293e-02,-2.457448244094848633e-01,9.207045918032008558e-03,1.640594005584716797e-02,-2.690982818603515625e-01,3.106663727834302335e-03,-7.127353549003601074e-02,-2.498492002487182617e-01,-1.700836091600876898e-03,-8.479571342468261719e-02,-3.547747433185577393e-01,-7.193657310978096575e-03,-9.912636876106262207e-02,-4.155350327491760254e-01,-1.081813007809273586e-02,-1.126587688922882080e-01,-4.653865396976470947e-01,-1.419329803653113231e-02,-2.718335390090942383e-02,-2.541818618774414062e-01,-1.745533079125038967e-02,3.685563802719116211e-03,-3.564633727073669434e-01,-1.547701910354248866e-02,2.205383777618408203e-02,-4.112609028816223145e-01,-1.465300910390965328e-02,3.444531559944152832e-02,-4.530151486396789551e-01,-1.689828999556652889e-02,1.686850190162658691e-02,-2.381397485733032227e-01,-3.068712234713188991e-02,5.140617489814758301e-02,-2.950066030025482178e-01,-2.442730471707932338e-02,4.558905959129333496e-02,-2.598046660423278809e-01,-1.348873388238303050e-02,3.643718361854553223e-02,-2.253612875938415527e-01,-8.139081972018402666e-03,5.705431103706359863e-02,-2.115572094917297363e-01,-4.405878551520459041e-02,7.557412981986999512e-02,-2.351379394531250000e-01,-3.232288427867047176e-02,6.764379143714904785e-02,-2.052310109138488770e-01,-1.671896755911461696e-02,6.034317612648010254e-02,-1.797826886177062988e-01,-6.398325527385395617e-03
0.000000000000000000e+00,0.000000000000000000e+00,0.000000000000000000e+00,-5.054885149002075195e-02,-8.993315696716308594e-02,1.730447829089598599e-02,-5.229514837265014648e-02,-1.861073374748229980e-01,1.634003974817233029e-02,-2.172735333442687988e-02,-2.461284995079040527e-01,1.023633506468968335e-02,1.537477970123291016e-02,-2.723134756088256836e-01,4.295773881892728241e-03,-7.092550396919250488e-02,-2.477520108222961426e-01,-1.692573229377103416e-03,-8.527424931526184082e-02,-3.527779579162597656e-01,-7.459208291550112335e-03,-9.960329532623291016e-02,-4.139270186424255371e-01,-1.073205463268323001e-02,-1.128502786159515381e-01,-4.636607766151428223e-01,-1.355693667807145175e-02,-2.712306380271911621e-02,-2.527286410331726074e-01,-1.744932301022572574e-02,3.723412752151489258e-03,-3.561223745346069336e-01,-1.583422898926301059e-02,2.179193496704101562e-02,-4.103779792785644531e-01,-1.481600843050046024e-02,3.380727767944335938e-02,-4.511693120002746582e-01,-1.653254396893544254e-02,1.666581630706787109e-02,-2.374359965324401855e-01,-3.054506137647194919e-02,5.179083347320556641e-02,-2.947857677936553955e-01,-2.428696110524697360e-02,4.646730422973632812e-02,-2.595012187957763672e-01,-1.271442316152615604e-02,3.764241933822631836e-02,-2.255158424377441406e-01,-6.702271678079796402e-03,5.669623613357543945e-02,-2.108755707740783691e-01,-4.364966034569306430e-02,7.602506875991821289e-02,-2.331570386886596680e-01,-3.139794796385331210e-02,6.826007366180419922e-02,-2.030869126319885254e-01,-1.537573609181208667e-02,6.080585718154907227e-02,-1.783097386360168457e-01,-4.590289589543772308e-03
0.000000000000000000e+00,0.000000000000000000e+00,0.000000000000000000e+00,-5.006480216979980469e-02,-8.980083465576171875e-02,1.775422884821864500e-02,-5.200114846229553223e-02,-1.844668984413146973e-01,1.701692498028251066e-02,-2.170979976654052734e-02,-2.417213916778564453e-01,1.097087568342658415e-02,1.550662517547607422e-02,-2.649111747741699219e-01,4.951042185723508737e-03,-6.958442926406860352e-02,-2.453311681747436523e-01,-1.684109035693381884e-03,-8.450356125831604004e-02,-3.497385680675506592e-01,-7.213605505228315451e-03,-9.848335385322570801e-02,-4.103007614612579346e-01,-1.015316316187409029e-02,-1.115504205226898193e-01,-4.592626690864562988e-01,-1.271169067621258364e-02,-2.605265378952026367e-02,-2.496253848075866699e-01,-1.786435761749771700e-02,5.426645278930664062e-03,-3.535114824771881104e-01,-1.638315425515202151e-02,2.263000607490539551e-02,-4.086278080940246582e-01,-1.565078639686134920e-02,3.409120440483093262e-02,-4.498247206211090088e-01,-1.757072464823750124e-02,1.686397194862365723e-02,-2.340633273124694824e-01,-3.130973124206093416e-02,5.303475260734558105e-02,-2.908790707588195801e-01,-2.513320924043682680e-02,4.540011286735534668e-02,-2.561605572700500488e-01,-1.410622795373228655e-02,3.508487343788146973e-02,-2.232667803764343262e-01,-8.556648094952379324e-03,5.564990639686584473e-02,-2.077153921127319336e-01,-4.468156391084221468e-02,7.519403100013732910e-02,-2.296329140663146973e-01,-3.242435300052193270e-02,6.592223048210144043e-02,-1.999712586402893066e-01,-1.666061760187176333e-02,5.760946869850158691e-02,-1.761093735694885254e-01,-6.264854159951482870e-03
0.000000000000000000e+00,0.000000000000000000e+00,0.000000000000000000e+00,-5.083426833152770996e-02,-8.769857883453369141e-02,1.769229746111022905e-02,-5.426937341690063477e-02,-1.813696622848510742e-01,1.730007095881092027e-02,-2.611541748046875000e-02,-2.394688725471496582e-01,1.177982403584110216e-02,9.639561176300048828e-03,-2.633028030395507812e-01,6.111245366412276780e-03,-7.048681378364562988e-02,-2.440921068191528320e-01,-3.101253186684971297e-03,-8.542218804359436035e-02,-3.497109413146972656e-01,-9.004261580628281081e-03,-9.967827796936035156e-02,-4.116967618465423584e-01,-1.241980796061170622e-02,-1.128113269805908203e-01,-4.613594412803649902e-01,-1.537026395402563139e-02,-2.658289670944213867e-02,-2.491368651390075684e-01,-1.878857449941051527e-02,4.466861486434936523e-03,-3.529988527297973633e-01,-1.707690232746017500e-02,2.289578318595886230e-02,-4.087660908699035645e-01,-1.644703955702198073e-02,3.556713461875915527e-02,-4.496335685253143311e-01,-1.852230565003765150e-02,1.675319671630859375e-02,-2.341350317001342773e-01,-3.159830742828262373e-02,5.133137106895446777e-02,-2.897700071334838867e-01,-2.426398010305774733e-02,4.506364464759826660e-02,-2.563334703445434570e-01,-1.300114044300926253e-02,3.606072068214416504e-02,-2.230637073516845703e-01,-7.551639576774960005e-03,5.559208989143371582e-02,-2.086604237556457520e-01,-4.440864944211853071e-02,7.263502478599548340e-02,-2.270562052726745605e-01,-3.154181712619674727e-02,6.414410471916198730e-02,-1.979721188545227051e-01,-1.581494161240470930e-02,5.670174956321716309e-02,-1.733721494674682617e-01,-5.376163640391951049e-03
0.000000000000000000e+00,0.000000000000000000e+00,0.000000000000000000e+00,-5.160248279571533203e-02,-8.622723817825317383e-02,1.675713758379515639e-02,-5.455449223518371582e-02,-1.809695959091186523e-01,1.658158327848013869e-02,-2.503544092178344727e-02,-2.400329113006591797e-01,1.146421346277293196e-02,1.144883036613464355e-02,-2.632656097412109375e-01,6.291291652473773865e-03,-7.139879465103149414e-02,-2.431360483169555664e-01,-2.191516594734821410e-03,-8.640527725219726562e-02,-3.501123189926147461e-01,-7.621476916369829269e-03,-9.983459115028381348e-02,-4.132083356380462646e-01,-1.085762542277279863e-02,-1.119726896286010742e-01,-4.635744094848632812e-01,-1.364913818031254777e-02,-2.726444602012634277e-02,-2.495796084403991699e-01,-1.728254978149834642e-02,2.264320850372314453e-03,-3.542301654815673828e-01,-1.530952334940138826e-02,2.086609601974487305e-02,-4.110253453254699707e-01,-1.477958031534853944e-02,3.370386362075805664e-02,-4.522038102149963379e-01,-1.682013880997601518e-02,1.639732718467712402e-02,-2.365769147872924805e-01,-2.968710523634854326e-02,5.051279067993164062e-02,-2.933984696865081787e-01,-2.263375234394970903e-02,4.540711641311645508e-02,-2.616457939147949219e-01,-1.216812667041722307e-02,3.709763288497924805e-02,-2.286539673805236816e-01,-6.904382748302850814e-03,5.560839176177978516e-02,-2.137269377708435059e-01,-4.217076909333172807e-02,7.285487651824951172e-02,-2.367246150970458984e-01,-2.961258266657296190e-02,6.624925136566162109e-02,-2.088389396667480469e-01,-1.427093010931912431e-02,6.043452024459838867e-02,-1.836569309234619141e-01,-3.890557704266939254e-03
0.000000000000000000e+00,0.000000000000000000e+00,0.000000000000000000e+00,-5.057382583618164062e-02,-8.761018514633178711e-02,1.606891173571511899e-02,-5.367380380630493164e-02,-1.814200282096862793e-01,1.505592334717675840e-02,-2.453210949897766113e-02,-2.398816943168640137e-01,9.236370769144741644e-03,1.223734021186828613e-02,-2.638850808143615723e-01,3.370792462305871595e-03,-7.066050171852111816e-02,-2.422547936439514160e-01,-4.392321131376775156e-03,-8.549815416336059570e-02,-3.499458432197570801e-01,-1.061029956042602862e-02,-9.907138347625732422e-02,-4.127537012100219727e-01,-1.383358277678325976e-02,-1.114145815372467041e-01,-4.626001119613647461e-01,-1.641975101381376589e-02,-2.689230442047119141e-02,-2.484227418899536133e-01,-1.933508869558409060e-02,3.561466932296752930e-03,-3.536135554313659668e-01,-1.797062848061159457e-02,2.199110388755798340e-02,-4.091262221336364746e-01,-1.704115178733900393e-02,3.438514471054077148e-02,-4.495012760162353516e-01,-1.856348049193456973e-02,1.652690768241882324e-02,-2.348459362983703613e-01,-3.160139303952291812e-02,5.213618278503417969e-02,-2.906844615936279297e-01,-2.512755934446886386e-02,4.613900184631347656e-02,-2.572326064109802246e-01,-1.439245082735851611e-02,3.683656454086303711e-02,-2.238750457763671875e-01,-8.909131775794776331e-03,5.555009841918945312e-02,-2.106516957283020020e-01,-4.396955427080229128e-02,7.424008846282958984e-02,-2.287146449089050293e-01,-3.195009138732984866e-02,6.606084108352661133e-02,-1.994571089744567871e-01,-1.686958354264334048e-02,5.840367078781127930e-02,-1.746610999107360840e-01,-6.640446282176526438e-03
0.000000000000000000e+00,0.000000000000000000e+00,0.000000000000000000e+00,-5.077958106994628906e-02,-8.766722679138183594e-02,1.572663994573986201e-02,-5.319193005561828613e-02,-1.821017265319824219e-01,1.495512021773492961e-02,-2.304324507713317871e-02,-2.398508787155151367e-01,9.423722569579240371e-03,1.384156942367553711e-02,-2.633321285247802734e-01,3.855784247377869178e-03,-7.077795267105102539e-02,-2.431377172470092773e-01,-3.711857543578389595e-03,-8.565130829811096191e-02,-3.498795032501220703e-01,-9.735308530991915177e-03,-9.949260950088500977e-02,-4.127950668334960938e-01,-1.273183053291404576e-02,-1.122153699398040771e-01,-4.625073969364166260e-01,-1.529551571167075963e-02,-2.633386850357055664e-02,-2.486466169357299805e-01,-1.855570910430515141e-02,4.758447408676147461e-03,-3.530129194259643555e-01,-1.764234987950885625e-02,2.306938171386718750e-02,-4.084437191486358643e-01,-1.697421533918941350e-02,3.551536798477172852e-02,-4.490803182125091553e-01,-1.859274780309760899e-02,1.709705591201782227e-02,-2.341080307960510254e-01,-3.080222284353340001e-02,5.181109905242919922e-02,-2.912053465843200684e-01,-2.546419663286769719e-02,4.500371217727661133e-02,-2.583556175231933594e-01,-1.520262001014316411e-02,3.536391258239746094e-02,-2.251535058021545410e-01,-9.758530128067377518e-03,5.577552318572998047e-02,-2.087947726249694824e-01,-4.308568587458694310e-02,7.197147607803344727e-02,-2.257741689682006836e-01,-3.223726799643600316e-02,6.320786476135253906e-02,-1.972717642784118652e-01,-1.770100271261298985e-02,5.545377731323242188e-02,-1.731148362159729004e-01,-7.680895681744459580e-03
0.000000000000000000e+00,0.000000000000000000e+00,0.000000000000000000e+00,-5.187219381332397461e-02,-8.759635686874389648e-02,1.702129061888513206e-02,-5.489951372146606445e-02,-1.826452612876892090e-01,1.664653759073075889e-02,-2.675870060920715332e-02,-2.405957579612731934e-01,1.138471871237811683e-02,8.841872215270996094e-03,-2.645225524902343750e-01,5.978260315913530576e-03,-7.180675864219665527e-02,-2.442954778671264648e-01,-3.513923021074560893e-03,-8.617100119590759277e-02,-3.514552116394042969e-01,-9.236696515273479235e-03,-9.962597489356994629e-02,-4.151334166526794434e-01,-1.251564115662517906e-02,-1.117851734161376953e-01,-4.655417203903198242e-01,-1.535872590173426033e-02,-2.715915441513061523e-02,-2.504123449325561523e-01,-1.875232566524687172e-02,3.208339214324951172e-03,-3.547525405883789062e-01,-1.668554764617624642e-02,2.207368612289428711e-02,-4.097947478294372559e-01,-1.551256455857696892e-02,3.478470444679260254e-02,-4.495390653610229492e-01,-1.712932471562567116e-02,1.699182391166687012e-02,-2.365910410881042480e-01,-3.116233494509401680e-02,5.001279711723327637e-02,-2.945029437541961670e-01,-2.387215603519621254e-02,4.434874653816223145e-02,-2.619283199310302734e-01,-1.260716408867779137e-02,3.584763407707214355e-02,-2.282971143722534180e-01,-7.042023692321208728e-03,5.640748143196105957e-02,-2.120822668075561523e-01,-4.359774511684122444e-02,7.158300280570983887e-02,-2.326487302780151367e-01,-3.111731108654680611e-02,6.424662470817565918e-02,-2.041398286819458008e-01,-1.542761303861084343e-02,5.798611044883728027e-02,-1.788190603256225586e-01,-4.825581204187301410e-03
0.000000000000000000e+00,0.000000000000000000e+00,0.000000000000000000e+00,-5.075451731681823730e-02,-8.746546506881713867e-02,1.589328026130942817e-02,-5.267584323883056641e-02,-1.830063462257385254e-01,1.465910928055791373e-02,-2.235433459281921387e-02,-2.419180274009704590e-01,8.695238025040907814e-03,1.474404335021972656e-02,-2.672274112701416016e-01,2.875209075511975243e-03,-7.101899385452270508e-02,-2.443926334381103516e-01,-4.424723575709776924e-03,-8.492308855056762695e-02,-3.513511419296264648e-01,-1.101978892728538995e-02,-9.816589951515197754e-02,-4.138678312301635742e-01,-1.459954703494759087e-02,-1.104589700698852539e-01,-4.637767374515533447e-01,-1.769231843098850732e-02,-2.736136317253112793e-02,-2.509756088256835938e-01,-1.953401068493576531e-02,4.076570272445678711e-03,-3.547779321670532227e-01,-1.854833798751087670e-02,2.287983894348144531e-02,-4.083442687988281250e-01,-1.771875309094639306e-02,3.551089763641357422e-02,-4.480205178260803223e-01,-1.948593953892441277e-02,1.608282327651977539e-02,-2.369387149810791016e-01,-3.201466637000294213e-02,5.170971155166625977e-02,-2.938994467258453369e-01,-2.581813210889549737e-02,4.585862159729003906e-02,-2.591879367828369141e-01,-1.455176553025694375e-02,3.676003217697143555e-02,-2.255191802978515625e-01,-8.900385594813542411e-03,5.527287721633911133e-02,-2.117329835891723633e-01,-4.468517588719578271e-02,7.334870100021362305e-02,-2.272603511810302734e-01,-3.318520473584385400e-02,6.541454792022705078e-02,-1.979010105133056641e-01,-1.836457873031349664e-02,5.811798572540283203e-02,-1.740671992301940918e-01,-8.371939196138100669e-03
0.000000000000000000e+00,0.000000000000000000e+00,0.000000000000000000e+00,-5.062833428382873535e-02,-8.758002519607543945e-02,1.608667914166517221e-02,-5.253994464874267578e-02,-1.826261281967163086e-01,1.503167413517303430e-02,-2.170351147651672363e-02,-2.420105934143066406e-01,9.219878542864989868e-03,1.559418439865112305e-02,-2.671723365783691406e-01,3.618159521067809692e-03,-7.072630524635314941e-02,-2.429069280624389648e-01,-4.113375950907993683e-03,-8.516660332679748535e-02,-3.498710691928863525e-01,-1.087561044499807394e-02,-9.839478135108947754e-02,-4.128512740135192871e-01,-1.454520392820768393e-02,-1.103996038436889648e-01,-4.628244936466217041e-01,-1.758979614481859244e-02,-2.749904990196228027e-02,-2.485259175300598145e-01,-1.912178452715806998e-02,3.835022449493408203e-03,-3.522425293922424316e-01,-1.865977588698797263e-02,2.321538329124450684e-02,-4.069899916648864746e-01,-1.812380347058706320e-02,3.665664792060852051e-02,-4.469138383865356445e-01,-2.000503595576219595e-02,1.553335785865783691e-02,-2.346302866935729980e-01,-3.149899262592725790e-02,5.180260539054870605e-02,-2.920633256435394287e-01,-2.573206070468359030e-02,4.592671990394592285e-02,-2.593438029289245605e-01,-1.463514733717374838e-02,3.668126463890075684e-02,-2.265139818191528320e-01,-8.918436985766220459e-03,5.452772974967956543e-02,-2.106239795684814453e-01,-4.401358756825857199e-02,7.349827885627746582e-02,-2.294999361038208008e-01,-3.247444126412801779e-02,6.509330868721008301e-02,-2.011301517486572266e-01,-1.744846608147554434e-02,5.722358822822570801e-02,-1.773660182952880859e-01,-7.296007868205833802e-03
0.000000000000000000e+00,0.000000000000000000e+00,0.000000000000000000e+00,-5.114042758941650391e-02,-8.860689401626586914e-02,1.681100526866430300e-02,-5.180606245994567871e-02,-1.832063794136047363e-01,1.595982858952993411e-02,-2.070575952529907227e-02,-2.408310174942016602e-01,1.046126378741973895e-02,1.702490448951721191e-02,-2.652617096900939941e-01,4.929618873120489297e-03,-7.045310735702514648e-02,-2.419686913490295410e-01,-5.709693803964910330e-03,-8.553707599639892578e-02,-3.497394919395446777e-01,-1.185430264058595640e-02,-9.917446970939636230e-02,-4.134916663169860840e-01,-1.502628581556564313e-02,-1.111520528793334961e-01,-4.640024304389953613e-01,-1.790344392838960630e-02,-2.628776431083679199e-02,-2.480905055999755859e-01,-2.079882336738592130e-02,4.699349403381347656e-03,-3.534193933010101318e-01,-1.882426490965372068e-02,2.448040246963500977e-02,-4.081380963325500488e-01,-1.764512298586851102e-02,3.825986385345458984e-02,-4.474629759788513184e-01,-1.947060091379171354e-02,1.760488748550415039e-02,-2.338708639144897461e-01,-3.290320424321180326e-02,5.291742086410522461e-02,-2.900972068309783936e-01,-2.462390301707273466e-02,4.681527614593505859e-02,-2.578722834587097168e-01,-1.280733434441572172e-02,3.749752044677734375e-02,-2.253881096839904785e-01,-7.469138167380151572e-03,5.657714605331420898e-02,-2.086867094039916992e-01,-4.516916586044317228e-02,7.357805967330932617e-02,-2.226330637931823730e-01,-3.190848467829709989e-02,6.485915184020996094e-02,-1.941631436347961426e-01,-1.646704090717321378e-02,5.685293674468994141e-02,-1.703509092330932617e-01,-6.472970395861921133e-03
0.000000000000000000e+00,0.000000000000000000e+00,0.000000000000000000e+00,-5.121901631355285645e-02,-8.747678995132446289e-02,1.764474223634238115e-02,-5.137112736701965332e-02,-1.811094880104064941e-01,1.766377288183207384e-02,-2.089226245880126953e-02,-2.393373250961303711e-01,1.282088990589613786e-02,1.615679264068603516e-02,-2.646949887275695801e-01,7.991102256681870131e-03,-7.109174132347106934e-02,-2.422437071800231934e-01,-2.798852079678226801e-03,-8.594989776611328125e-02,-3.494910895824432373e-01,-8.335231139454890581e-03,-9.972861409187316895e-02,-4.128022789955139160e-01,-1.154084437260394225e-02,-1.120766699314117432e-01,-4.632112085819244385e-01,-1.440258350888257155e-02,-2.670118212699890137e-02,-2.500303387641906738e-01,-1.761745874503617415e-02,3.755241632461547852e-03,-3.543720841407775879e-01,-1.450136330643658766e-02,2.266192436218261719e-02,-4.089008569717407227e-01,-1.311616067508225569e-02,3.520795702934265137e-02,-4.480473697185516357e-01,-1.487553891459469924e-02,1.702514290809631348e-02,-2.369251847267150879e-01,-2.956978258410458693e-02,5.085417628288269043e-02,-2.933902740478515625e-01,-2.047390144983296523e-02,4.571887850761413574e-02,-2.614681124687194824e-01,-9.079384884927321764e-03,3.725829720497131348e-02,-2.284426689147949219e-01,-4.008731606546689363e-03,5.563911795616149902e-02,-2.125807404518127441e-01,-4.165544201353554854e-02,7.163891196250915527e-02,-2.255481481552124023e-01,-2.798278470257287154e-02,6.365123391151428223e-02,-1.975255608558654785e-01,-1.317823798129325041e-02,5.654957890510559082e-02,-1.736144423484802246e-01,-3.526647609788824411e-03
0.000000000000000000e+00,0.000000000000000000e+00,0.000000000000000000e+00,-5.275279283523559570e-02,-8.712607622146606445e-02,1.662591193212392682e-02,-5.337607860565185547e-02,-1.832949519157409668e-01,1.628462132407548779e-02,-2.245637774467468262e-02,-2.426961064338684082e-01,1.134252921087863797e-02,1.466372609138488770e-02,-2.686908245086669922e-01,6.478641651256111800e-03,-7.185158133506774902e-02,-2.453054189682006836e-01,-3.069682043360444368e-03,-8.709973096847534180e-02,-3.522884249687194824e-01,-7.606103081570836366e-03,-1.005561947822570801e-01,-4.156231880187988281e-01,-9.811053980456563295e-03,-1.120973825454711914e-01,-4.661575555801391602e-01,-1.215359847651598102e-02,-2.642449736595153809e-02,-2.523960471153259277e-01,-1.749317068265554553e-02,4.053235054016113281e-03,-3.559000492095947266e-01,-1.406290381805774814e-02,2.261948585510253906e-02,-4.102941155433654785e-01,-1.223489921198961383e-02,3.498840332031250000e-02,-4.501162171363830566e-01,-1.373240165071365482e-02,1.753813028335571289e-02,-2.388194203376770020e-01,-2.918113115833875781e-02,5.134195089340209961e-02,-2.952965199947357178e-01,-2.074562292204973346e-02,4.477328062057495117e-02,-2.620714902877807617e-01,-9.995843280421468080e-03,3.519868850708007812e-02,-2.281714677810668945e-01,-5.268946752266856492e-03,5.598986148834228516e-02,-2.140999436378479004e-01,-4.095865506337759143e-02,7.158106565475463867e-02,-2.268308401107788086e-01,-2.845172118054506427e-02,6.281489133834838867e-02,-1.980054378509521484e-01,-1.460057869212505466e-02,5.492347478866577148e-02,-1.736530065536499023e-01,-5.581309084163876832e-03
0.000000000000000000e+00,0.000000000000000000e+00,0.000000000000000000e+00,-5.195039510726928711e-02,-8.880263566970825195e-02,1.648192889092570113e-02,-5.269682407379150391e-02,-1.850122213363647461e-01,1.558867878316050337e-02,-2.154114842414855957e-02,-2.435482144355773926e-01,9.765520124119575485e-03,1.554372906684875488e-02,-2.692303061485290527e-01,4.083979307097251876e-03,-7.150065898895263672e-02,-2.462351322174072266e-01,-3.309953827056233422e-03,-8.581855893135070801e-02,-3.527804613113403320e-01,-8.844985263067428605e-03,-9.875875711441040039e-02,-4.162423610687255859e-01,-1.170286686124200060e-02,-1.102530360221862793e-01,-4.672039151191711426e-01,-1.457670387776488496e-02,-2.704069018363952637e-02,-2.532126307487487793e-01,-1.878050119580620958e-02,4.668503999710083008e-03,-3.568729758262634277e-01,-1.669465714098805620e-02,2.358204126358032227e-02,-4.108301997184753418e-01,-1.535164249094123079e-02,3.612381219863891602e-02,-4.504573643207550049e-01,-1.712597683967942430e-02,1.650446653366088867e-02,-2.390305399894714355e-01,-3.167234697343701555e-02,5.178403854370117188e-02,-2.968395352363586426e-01,-2.461151369811886980e-02,4.595643281936645508e-02,-2.624084949493408203e-01,-1.350654625298375322e-02,3.674536943435668945e-02,-2.283556461334228516e-01,-8.398811900633518235e-03,5.539935827255249023e-02,-2.133778333663940430e-01,-4.472582005860203935e-02,7.226747274398803711e-02,-2.271530628204345703e-01,-3.281394728423947527e-02,6.367605924606323242e-02,-1.980761289596557617e-01,-1.851336435379380418e-02,5.566990375518798828e-02,-1.739842891693115234e-01,-9.242194341140930192e-03
0.000000000000000000e+00,0.000000000000000000e+00,0.000000000000000000e+00,-5.226671695709228516e-02,-8.840852975845336914e-02,1.496462927025277168e-02,-5.390650033950805664e-02,-1.843587160110473633e-01,1.342386596661526710e-02,-2.214398980140686035e-02,-2.430984377861022949e-01,7.265280306455679238e-03,1.570501923561096191e-02,-2.671804428100585938e-01,1.298726376262493432e-03,-7.200199365615844727e-02,-2.458144426345825195e-01,-4.525275595369748771e-03,-8.594438433647155762e-02,-3.532228469848632812e-01,-1.087422079581301659e-02,-9.839800000190734863e-02,-4.168654084205627441e-01,-1.460824783134739846e-02,-1.095831394195556641e-01,-4.676780700683593750e-01,-1.790911114949267358e-02,-2.691000699996948242e-02,-2.517431378364562988e-01,-1.927737674850504845e-02,4.332780838012695312e-03,-3.549155592918395996e-01,-1.820751249033492059e-02,2.323231101036071777e-02,-4.093886911869049072e-01,-1.770324415701907128e-02,3.573185205459594727e-02,-4.498953521251678467e-01,-1.984037614602129906e-02,1.704186201095581055e-02,-2.376784086227416992e-01,-3.152842230338137597e-02,5.068570375442504883e-02,-2.944483757019042969e-01,-2.544414594012778252e-02,4.486626386642456055e-02,-2.608483433723449707e-01,-1.469915702182333916e-02,3.579896688461303711e-02,-2.274084091186523438e-01,-9.404289230587892234e-03,5.606728792190551758e-02,-2.129275798797607422e-01,-4.404104284185450524e-02,7.258337736129760742e-02,-2.295344471931457520e-01,-3.259660459298174828e-02,6.433385610580444336e-02,-2.007460594177246094e-01,-1.792992062109988183e-02,5.682295560836791992e-02,-1.763201355934143066e-01,-8.116297118249349296e-03
0.000000000000000000e+00,0.000000000000000000e+00,0.000000000000000000e+00,-5.146375298500061035e-02,-8.892542123794555664e-02,1.601992961587939135e-02,-5.333217978477478027e-02,-1.838776469230651855e-01,1.506193489404950014e-02,-2.216330170631408691e-02,-2.411881089210510254e-01,9.315015232289169944e-03,1.576748490333557129e-02,-2.652258276939392090e-01,3.583983235159848846e-03,-7.075557112693786621e-02,-2.443271279335021973e-01,-3.998139923339749657e-03,-8.486506342887878418e-02,-3.515969514846801758e-01,-9.834882387792731606e-03,-9.742799401283264160e-02,-4.149884283542633057e-01,-1.310219853547778257e-02,-1.080689430236816406e-01,-4.656415879726409912e-01,-1.609056960222687849e-02,-2.596706151962280273e-02,-2.497644424438476562e-01,-1.893277983543839582e-02,5.225777626037597656e-03,-3.534948825836181641e-01,-1.729891407666173109e-02,2.482351660728454590e-02,-4.080293476581573486e-01,-1.635574694154229292e-02,3.867569565773010254e-02,-4.482139348983764648e-01,-1.832118030068841108e-02,1.777160167694091797e-02,-2.350269556045532227e-01,-3.119964669821229108e-02,5.138066411018371582e-02,-2.929917275905609131e-01,-2.471433910903897413e-02,4.466584324836730957e-02,-2.595443725585937500e-01,-1.389140687314238676e-02,3.502646088600158691e-02,-2.259134650230407715e-01,-8.746174679970408761e-03,5.654397606849670410e-02,-2.095699906349182129e-01,-4.358360129771199354e-02,7.258704304695129395e-02,-2.268686890602111816e-01,-3.207534510073628553e-02,6.351086497306823730e-02,-1.981714963912963867e-01,-1.740188110051121839e-02,5.538806319236755371e-02,-1.738044619560241699e-01,-7.702459165727759682e-03
0.000000000000000000e+00,0.000000000000000000e+00,0.000000000000000000e+00,-5.131512880325317383e-02,-8.659958839416503906e-02,1.554844373032437943e-02,-5.501914024353027344e-02,-1.810392737388610840e-01,1.439515997782336854e-02,-2.607050538063049316e-02,-2.386726140975952148e-01,8.460550877600780950e-03,1.056116819381713867e-02,-2.631025910377502441e-01,2.505450585260859953e-03,-7.112568616867065430e-02,-2.442309856414794922e-01,-3.863401635214813723e-03,-8.410426974296569824e-02,-3.518433570861816406e-01,-9.652978432029613032e-03,-9.616020321846008301e-02,-4.149043262004852295e-01,-1.260456970766199447e-02,-1.066614091396331787e-01,-4.648485779762268066e-01,-1.521074741020811416e-02,-2.687928080558776855e-02,-2.500403523445129395e-01,-1.869248940482748367e-02,5.564123392105102539e-03,-3.520327806472778320e-01,-1.748041777744901992e-02,2.561369538307189941e-02,-4.046906232833862305e-01,-1.644316471055162765e-02,3.930273652076721191e-02,-4.436867237091064453e-01,-1.800845160022390701e-02,1.672336459159851074e-02,-2.358886003494262695e-01,-3.096934749618185378e-02,5.122342705726623535e-02,-2.912883162498474121e-01,-2.528101547494543411e-02,4.589834809303283691e-02,-2.572196722030639648e-01,-1.450204073324812271e-02,3.705242276191711426e-02,-2.235971689224243164e-01,-8.996882167309649958e-03,5.566725134849548340e-02,-2.113288044929504395e-01,-4.334400004580629684e-02,7.336267828941345215e-02,-2.298623919486999512e-01,-3.220736018255365707e-02,6.616833806037902832e-02,-2.010653614997863770e-01,-1.722201301589620925e-02,5.895778536796569824e-02,-1.763523817062377930e-01,-7.036629289984830393e-03
0.000000000000000000e+00,0.000000000000000000e+00,0.000000000000000000e+00,-4.990637302398681641e-02,-8.688408136367797852e-02,1.634946402310788471e-02,-5.233302712440490723e-02,-1.806477308273315430e-01,1.562382217645108540e-02,-2.285286784172058105e-02,-2.386883497238159180e-01,9.954606482381223032e-03,1.373046636581420898e-02,-2.634709477424621582e-01,4.332336430991290399e-03,-7.038348913192749023e-02,-2.446553111076354980e-01,-2.553465010976196936e-03,-8.348619937896728516e-02,-3.512732982635498047e-01,-8.204088246827723196e-03,-9.588655829429626465e-02,-4.135093688964843750e-01,-1.133729580641329449e-02,-1.070249974727630615e-01,-4.628758430480957031e-01,-1.421636406183779400e-02,-2.653217315673828125e-02,-2.499136328697204590e-01,-1.772898312509596508e-02,6.087839603424072266e-03,-3.514137864112854004e-01,-1.632262829542696636e-02,2.683222293853759766e-02,-4.042553305625915527e-01,-1.539685826600134533e-02,4.132771492004394531e-02,-4.430981278419494629e-01,-1.724419992268622082e-02,1.658871769905090332e-02,-2.352523207664489746e-01,-3.034589689076483410e-02,5.147063732147216797e-02,-2.921293973922729492e-01,-2.437387842536509197e-02,4.583382606506347656e-02,-2.590315937995910645e-01,-1.366954453141033810e-02,3.677248954772949219e-02,-2.258232235908508301e-01,-8.424910417204500845e-03,5.524599552154541016e-02,-2.104239463806152344e-01,-4.305676061511576336e-02,7.265502214431762695e-02,-2.284444570541381836e-01,-3.219953615069925945e-02,6.492078304290771484e-02,-2.001417279243469238e-01,-1.776784721613466900e-02,5.752319097518920898e-02,-1.759892702102661133e-01,-8.019417224829794577e-03
0.000000000000000000e+00,0.000000000000000000e+00,0.000000000000000000e+00,-5.124768614768981934e-02,-8.659404516220092773e-02,1.653665676656146388e-02,-5.384886264801025391e-02,-1.803297996520996094e-01,1.550259627344985347e-02,-2.488332986831665039e-02,-2.387593388557434082e-01,9.545630774823621323e-03,1.135483384132385254e-02,-2.640049457550048828e-01,3.548021660549238732e-03,-7.103049755096435547e-02,-2.448614239692687988e-01,-3.037410555975839088e-03,-8.444976806640625000e-02,-3.512494564056396484e-01,-8.778455667766138504e-03,-9.617933630943298340e-02,-4.135438501834869385e-01,-1.202761102524618764e-02,-1.064807176589965820e-01,-4.631391763687133789e-01,-1.487473957297424931e-02,-2.706870436668395996e-02,-2.501822710037231445e-01,-1.814519800302605290e-02,4.989683628082275391e-03,-3.515451550483703613e-01,-1.644356362578491826e-02,2.553081512451171875e-02,-4.040607810020446777e-01,-1.514261495378832478e-02,3.985452651977539062e-02,-4.424519240856170654e-01,-1.665961369928936620e-02,1.619982719421386719e-02,-2.357335686683654785e-01,-3.063339926359276433e-02,5.029606819152832031e-02,-2.918443679809570312e-01,-2.400276809987644810e-02,4.567819833755493164e-02,-2.586200237274169922e-01,-1.261498406586269994e-02,3.774434328079223633e-02,-2.252191901206970215e-01,-6.917483173879190872e-03,5.509823560714721680e-02,-2.110360860824584961e-01,-4.322857409772495885e-02,7.272899150848388672e-02,-2.301509976387023926e-01,-3.166395798382382054e-02,6.613063812255859375e-02,-2.018132805824279785e-01,-1.654547825512509007e-02,5.964559316635131836e-02,-1.772742271423339844e-01,-6.252179388525291870e-03
0.000000000000000000e+00,0.000000000000000000e+00,0.000000000000000000e+00,-5.118209123611450195e-02,-8.806967735290527344e-02,1.661919896486097059e-02,-5.327835679054260254e-02,-1.815781593322753906e-01,1.601777133527093611e-02,-2.318969368934631348e-02,-2.390823364257812500e-01,1.062310860487514219e-02,1.392039656639099121e-02,-2.624030113220214844e-01,5.113193308886820887e-03,-7.010552287101745605e-02,-2.440474033355712891e-01,-2.846178123775189306e-03,-8.293497562408447266e-02,-3.499064147472381592e-01,-7.436128323945467855e-03,-9.520575404167175293e-02,-4.109628796577453613e-01,-1.001717428681558886e-02,-1.062598526477813721e-01,-4.599469006061553955e-01,-1.263270898726887026e-02,-2.518057823181152344e-02,-2.497370243072509766e-01,-1.765650416729158678e-02,6.130099296569824219e-03,-3.513500094413757324e-01,-1.450032553640312472e-02,2.647247910499572754e-02,-4.040516316890716553e-01,-1.277252378878301897e-02,4.089596867561340332e-02,-4.424711167812347412e-01,-1.435069645759767809e-02,1.867869496345520020e-02,-2.353066802024841309e-01,-2.975049893376535692e-02,5.168697237968444824e-02,-2.910972833633422852e-01,-2.180196064529127398e-02,4.569259285926818848e-02,-2.586063742637634277e-01,-1.087901740339702883e-02,3.674414753913879395e-02,-2.249979376792907715e-01,-5.913069928112690832e-03,5.741289258003234863e-02,-2.108675241470336914e-01,-4.193783457395738878e-02,7.273599505424499512e-02,-2.284665703773498535e-01,-2.978392037567800799e-02,6.490084528923034668e-02,-2.007356882095336914e-01,-1.514603941706127443e-02,5.785688757896423340e-02,-1.760975122451782227e-01,-5.464595267596905614e-03
0.000000000000000000e+00,0.000000000000000000e+00,0.000000000000000000e+00,-5.215528607368469238e-02,-8.516085147857666016e-02,1.630161949469766114e-02,-5.637001991271972656e-02,-1.779143810272216797e-01,1.578164720012864564e-02,-2.853271365165710449e-02,-2.363852858543395996e-01,1.054348298384866212e-02,6.799668073654174805e-03,-2.621614933013916016e-01,5.241072876742691733e-03,-7.162842154502868652e-02,-2.416379451751708984e-01,-3.157819015541463159e-03,-8.501780033111572266e-02,-3.475301265716552734e-01,-8.988040824988274835e-03,-9.697961807250976562e-02,-4.097256064414978027e-01,-1.213556188122311141e-02,-1.074138283729553223e-01,-4.590855836868286133e-01,-1.473379447088518646e-02,-2.761161327362060547e-02,-2.470960617065429688e-01,-1.759762628898897674e-02,4.368275403976440430e-03,-3.490250706672668457e-01,-1.614950909242907073e-02,2.522036433219909668e-02,-4.025638103485107422e-01,-1.505119106695929077e-02,4.020133614540100098e-02,-4.413985610008239746e-01,-1.650956957564631011e-02,1.568987965583801270e-02,-2.333118319511413574e-01,-2.938925414309778716e-02,5.058369040489196777e-02,-2.897084951400756836e-01,-2.318834080324450042e-02,4.532244801521301270e-02,-2.574262619018554688e-01,-1.224371357784548309e-02,3.703895211219787598e-02,-2.240477204322814941e-01,-6.583869317182688974e-03,5.441156029701232910e-02,-2.097751498222351074e-01,-4.118869020567217376e-02,7.209113240242004395e-02,-2.282573580741882324e-01,-2.988764024303236511e-02,6.453964114189147949e-02,-2.000991106033325195e-01,-1.504454980567970779e-02,5.744323134422302246e-02,-1.754659414291381836e-01,-4.810259537407546304e-03
0.000000000000000000e+00,0.000000000000000000e+00,0.000000000000000000e+00,-5.006656050682067871e-02,-8.868867158889770508e-02,1.531953484578707503e-02,-5.251315236091613770e-02,-1.831980347633361816e-01,1.443148896856882857e-02,-2.274647355079650879e-02,-2.391259670257568359e-01,8.614087745684173569e-03,1.371756196022033691e-02,-2.621173858642578125e-01,2.770291676881697640e-03,-7.009211182594299316e-02,-2.434515953063964844e-01,-2.112396258723947540e-03,-8.271446824073791504e-02,-3.475972115993499756e-01,-8.044310577076885238e-03,-9.491533041000366211e-02,-4.092225134372711182e-01,-1.177231940613410188e-02,-1.058637797832489014e-01,-4.589259624481201172e-01,-1.527877404527089311e-02,-2.537339925765991211e-02,-2.488404512405395508e-01,-1.738741501407048418e-02,6.363540887832641602e-03,-3.493180871009826660e-01,-1.650149441496751024e-02,2.700367569923400879e-02,-4.025728106498718262e-01,-1.620683140293976976e-02,4.138770699501037598e-02,-4.425179362297058105e-01,-1.858669026927373125e-02,1.840659976005554199e-02,-2.346471548080444336e-01,-3.036738439635655595e-02,5.240735411643981934e-02,-2.916421890258789062e-01,-2.537574312822243883e-02,4.646179080009460449e-02,-2.584534287452697754e-01,-1.529284260408303453e-02,3.680649399757385254e-02,-2.251061201095581055e-01,-1.039298131303212358e-02,5.723682045936584473e-02,-2.102659344673156738e-01,-4.354297249750516130e-02,7.270345091819763184e-02,-2.288126945495605469e-01,-3.373775138692280962e-02,6.419023871421813965e-02,-2.001193165779113770e-01,-1.971885441975018693e-02,5.603006482124328613e-02,-1.754499077796936035e-01,-1.035057074562928392e-02
0.000000000000000000e+00,0.000000000000000000e+00,0.000000000000000000e+00,-5.112239718437194824e-02,-8.776009082794189453e-02,1.615561006383359199e-02,-5.312928557395935059e-02,-1.810256838798522949e-01,1.532452108131110435e-02,-2.315026521682739258e-02,-2.382972240447998047e-01,9.753294491929409560e-03,1.318654417991638184e-02,-2.627829313278198242e-01,4.248173644555208739e-03,-7.075151801109313965e-02,-2.424024343490600586e-01,-2.810624690937402193e-03,-8.365702629089355469e-02,-3.482818007469177246e-01,-8.546071855562331621e-03,-9.541454911231994629e-02,-4.110175073146820068e-01,-1.201969644262135262e-02,-1.054717004299163818e-01,-4.610884785652160645e-01,-1.516285890920698876e-02,-2.596560120582580566e-02,-2.482254505157470703e-01,-1.750339361115038628e-02,5.896389484405517578e-03,-3.483940660953521729e-01,-1.591688374264776940e-02,2.631086111068725586e-02,-4.013024568557739258e-01,-1.511073092206061119e-02,4.063951969146728516e-02,-4.397649466991424561e-01,-1.712054366453230614e-02,1.762416958808898926e-02,-2.348779439926147461e-01,-2.961334938390791649e-02,5.193847417831420898e-02,-2.926094233989715576e-01,-2.294379079921782250e-02,4.594069719314575195e-02,-2.598524689674377441e-01,-1.186718678309262032e-02,3.680068254470825195e-02,-2.259783744812011719e-01,-6.518032664644124452e-03,5.630177259445190430e-02,-2.114035487174987793e-01,-4.185716787560522789e-02,7.275241613388061523e-02,-2.289109826087951660e-01,-3.053101876957953209e-02,6.483244895935058594e-02,-2.010427713394165039e-01,-1.600533889813959831e-02,5.770796537399291992e-02,-1.766421198844909668e-01,-6.215427333700063173e-03
0.000000000000000000e+00,0.000000000000000000e+00,0.000000000000000000e+00,-5.148848891258239746e-02,-8.797430992126464844e-02,1.684454699471871209e-02,-5.470877885818481445e-02,-1.805222034454345703e-01,1.622833182528893303e-02,-2.636745572090148926e-02,-2.373182773590087891e-01,1.069020164624134850e-02,9.463220834732055664e-03,-2.612611055374145508e-01,4.902307516488235706e-03,-7.079386711120605469e-02,-2.428622245788574219e-01,-3.207423850369650609e-03,-8.333116769790649414e-02,-3.485994935035705566e-01,-8.768642680195171124e-03,-9.549209475517272949e-02,-4.107024073600769043e-01,-1.195073256775458503e-02,-1.062104403972625732e-01,-4.604446887969970703e-01,-1.483554615214188743e-02,-2.613970637321472168e-02,-2.484380006790161133e-01,-1.829896064981539894e-02,5.668967962265014648e-03,-3.494369983673095703e-01,-1.654378826304991890e-02,2.618074417114257812e-02,-4.027962982654571533e-01,-1.543016860767920662e-02,4.062712192535400391e-02,-4.414857923984527588e-01,-1.714791300281603981e-02,1.765689253807067871e-02,-2.344370484352111816e-01,-3.063058795913775612e-02,5.083286762237548828e-02,-2.906419634819030762e-01,-2.393273020669539619e-02,4.476481676101684570e-02,-2.583935856819152832e-01,-1.289751602843125511e-02,3.590673208236694336e-02,-2.251229882240295410e-01,-7.493732390400964505e-03,5.668973922729492188e-02,-2.100126147270202637e-01,-4.297953228041251350e-02,7.164388895034790039e-02,-2.288217544555664062e-01,-3.151429573580344368e-02,6.388288736343383789e-02,-2.010085582733154297e-01,-1.653168665751536537e-02,5.714488029479980469e-02,-1.762455701828002930e-01,-6.366680735197860486e-03
0.000000000000000000e+00,0.000000000000000000e+00,0.000000000000000000e+00,-5.110761523246765137e-02,-8.748841285705566406e-02,1.470529397215614154e-02,-5.448341369628906250e-02,-1.812513470649719238e-01,1.329498660948047473e-02,-2.514550089836120605e-02,-2.377463579177856445e-01,7.199134837946985499e-03,1.105174422264099121e-02,-2.608512639999389648e-01,1.024784564151559607e-03,-7.015874981880187988e-02,-2.435845732688903809e-01,-4.138097006716634496e-03,-8.298078179359436035e-02,-3.487991690635681152e-01,-1.074447187397709058e-02,-9.485089778900146484e-02,-4.115933775901794434e-01,-1.484056080494156049e-02,-1.050041913986206055e-01,-4.616287946701049805e-01,-1.837327129010191129e-02,-2.512097358703613281e-02,-2.482371330261230469e-01,-1.894320531550874875e-02,6.398886442184448242e-03,-3.493540883064270020e-01,-1.899036749068727659e-02,2.722382545471191406e-02,-4.032864272594451904e-01,-1.904178953532209562e-02,4.221957921981811523e-02,-4.426076710224151611e-01,-2.134556493524542020e-02,1.874214410781860352e-02,-2.336159944534301758e-01,-3.130336834851732419e-02,5.247658491134643555e-02,-2.904761433601379395e-01,-2.700342221919527219e-02,4.601305723190307617e-02,-2.580380439758300781e-01,-1.654824225965967344e-02,3.669035434722900391e-02,-2.247455120086669922e-01,-1.100242494408121274e-02,5.742990970611572266e-02,-2.089678645133972168e-01,-4.383096827928056882e-02,7.385057210922241211e-02,-2.305004000663757324e-01,-3.438388540212145017e-02,6.578296422958374023e-02,-2.020604014396667480e-01,-1.969874447945585416e-02,5.843746662139892578e-02,-1.769152879714965820e-01,-9.500570434965993627e-03
0.000000000000000000e+00,0.000000000000000000e+00,0.000000000000000000e+00,-5.005511641502380371e-02,-8.666735887527465820e-02,1.506714549452681240e-02,-5.209243297576904297e-02,-1.802979111671447754e-01,1.391123448104281124e-02,-2.212777733802795410e-02,-2.376269698143005371e-01,8.052022462493368948e-03,1.443350315093994141e-02,-2.611473202705383301e-01,2.238923484242150153e-03,-7.002612948417663574e-02,-2.422366738319396973e-01,-3.719524214261582529e-03,-8.262750506401062012e-02,-3.483436107635498047e-01,-9.755352245861104166e-03,-9.428605437278747559e-02,-4.112460017204284668e-01,-1.314062132894378010e-02,-1.044754981994628906e-01,-4.614915251731872559e-01,-1.621906618981938664e-02,-2.609997987747192383e-02,-2.479184865951538086e-01,-1.845524992256741825e-02,6.200760602951049805e-03,-3.488973379135131836e-01,-1.750756959825139347e-02,2.698260545730590820e-02,-4.019552469253540039e-01,-1.689316864519696537e-02,4.165101051330566406e-02,-4.412864446640014648e-01,-1.888214956431966129e-02,1.696139574050903320e-02,-2.337459921836853027e-01,-3.074561219125371281e-02,5.250990390777587891e-02,-2.901664972305297852e-01,-2.533194582372289005e-02,4.691255092620849609e-02,-2.573456168174743652e-01,-1.471841215550284687e-02,3.792220354080200195e-02,-2.244539856910705566e-01,-9.377451347404530679e-03,5.522751808166503906e-02,-2.092835903167724609e-01,-4.325752492457013432e-02,7.300752401351928711e-02,-2.268812656402587891e-01,-3.287417973785977665e-02,6.555479764938354492e-02,-1.990653276443481445e-01,-1.863039072065930668e-02,5.841338634490966797e-02,-1.752071976661682129e-01,-8.970368387394955789e-03
0.000000000000000000e+00,0.000000000000000000e+00,0.000000000000000000e+00,-5.009907484054565430e-02,-8.787375688552856445e-02,1.279753398955563171e-02,-5.183464288711547852e-02,-1.815654635429382324e-01,1.058938120365837676e-02,-2.061596512794494629e-02,-2.365762591361999512e-01,4.127935961491857597e-03,1.631391048431396484e-02,-2.593575119972229004e-01,-2.228768785812462738e-03,-6.971922516822814941e-02,-2.427694201469421387e-01,-6.663611634962762764e-03,-8.184918761253356934e-02,-3.473788201808929443e-01,-1.428420237391492265e-02,-9.366273880004882812e-02,-4.097384214401245117e-01,-1.879361692010661500e-02,-1.041323840618133545e-01,-4.590579271316528320e-01,-2.268498624800940888e-02,-2.472603321075439453e-02,-2.469758987426757812e-01,-2.091658163010379212e-02,7.166713476181030273e-03,-3.471343517303466797e-01,-2.192633646666308778e-02,2.713191509246826172e-02,-3.998586535453796387e-01,-2.236404317557116883e-02,4.097348451614379883e-02,-4.396285414695739746e-01,-2.497130680023929017e-02,1.901790499687194824e-02,-2.316713929176330566e-01,-3.290674883066913026e-02,5.380374193191528320e-02,-2.879251539707183838e-01,-2.984111244916221040e-02,4.705327749252319336e-02,-2.555787563323974609e-01,-2.008579719006320374e-02,3.682947158813476562e-02,-2.233712077140808105e-01,-1.503637387543221848e-02,5.715715885162353516e-02,-2.054286003112792969e-01,-4.519090476571818726e-02,7.276231050491333008e-02,-2.211009860038757324e-01,-3.709301027595302003e-02,6.402057409286499023e-02,-1.932994723320007324e-01,-2.362401272296210664e-02,5.569022893905639648e-02,-1.697065234184265137e-01,-1.433670475273629563e-02
0.000000000000000000e+00,0.000000000000000000e+00,0.000000000000000000e+00,-5.087468028068542480e-02,-8.590990304946899414e-02,1.452585342053680506e-02,-5.505281686782836914e-02,-1.806120872497558594e-01,1.372509109501152125e-02,-2.643859386444091797e-02,-2.360184788703918457e-01,8.347990314405251411e-03,9.274601936340332031e-03,-2.586916685104370117e-01,2.983913381513048080e-03,-7.036441564559936523e-02,-2.433574795722961426e-01,-3.478316499922584626e-03,-8.243083953857421875e-02,-3.488640785217285156e-01,-9.756374781090926263e-03,-9.374535083770751953e-02,-4.123303890228271484e-01,-1.358361603047342214e-02,-1.036652922630310059e-01,-4.623395502567291260e-01,-1.690452234174699697e-02,-2.564933896064758301e-02,-2.478584647178649902e-01,-1.792364814605207357e-02,5.732834339141845703e-03,-3.480390310287475586e-01,-1.785838664795846853e-02,2.618205547332763672e-02,-4.023376703262329102e-01,-1.825958923723192129e-02,4.056257009506225586e-02,-4.427784681320190430e-01,-2.082381830837221059e-02,1.812973618507385254e-02,-2.337942719459533691e-01,-2.997237691010923299e-02,5.214774608612060547e-02,-2.900195121765136719e-01,-2.588621401514501486e-02,4.666882753372192383e-02,-2.576356530189514160e-01,-1.597976931657285604e-02,3.767842054367065430e-02,-2.247018218040466309e-01,-1.063890536602229986e-02,5.660277605056762695e-02,-2.098294496536254883e-01,-4.212819845702142629e-02,7.292062044143676758e-02,-2.322376966476440430e-01,-3.266512290861101064e-02,6.557232141494750977e-02,-2.044545412063598633e-01,-1.820791759814710531e-02,5.870491266250610352e-02,-1.795509457588195801e-01,-8.152652208764266106e-03
0.000000000000000000e+00,0.000000000000000000e+00,0.000000000000000000e+00,-4.911342263221740723e-02,-8.754694461822509766e-02,1.486159866391290052e-02,-5.182453989982604980e-02,-1.824857592582702637e-01,1.384571199952233655e-02,-2.162289619445800781e-02,-2.382231354713439941e-01,7.833471574770101142e-03,1.553377509117126465e-02,-2.600558996200561523e-01,2.028010605783947540e-03,-6.948938965797424316e-02,-2.457069158554077148e-01,-1.332121382517925667e-03,-8.119282126426696777e-02,-3.496220111846923828e-01,-7.677732913805357384e-03,-9.230130910873413086e-02,-4.117710590362548828e-01,-1.152556849928032534e-02,-1.023931801319122314e-01,-4.611193537712097168e-01,-1.494827768118511813e-02,-2.633994817733764648e-02,-2.503396868705749512e-01,-1.674391044588219302e-02,6.280571222305297852e-03,-3.502259850502014160e-01,-1.692689484269749300e-02,2.748155593872070312e-02,-4.036338627338409424e-01,-1.743048517317902224e-02,4.259908199310302734e-02,-4.438191354274749756e-01,-1.997110521705280917e-02,1.660192012786865234e-02,-2.354547977447509766e-01,-3.000313503952156680e-02,5.359148979187011719e-02,-2.883359789848327637e-01,-2.613232745142113345e-02,4.782795906066894531e-02,-2.549078464508056641e-01,-1.650205528648029940e-02,3.805404901504516602e-02,-2.226586341857910156e-01,-1.139372302503716128e-02,5.526292324066162109e-02,-2.099715471267700195e-01,-4.350970587046276705e-02,7.451874017715454102e-02,-2.282077670097351074e-01,-3.414890816719662325e-02,6.693977117538452148e-02,-2.000270485877990723e-01,-2.014865441532265322e-02,5.904424190521240234e-02,-1.763560175895690918e-01,-1.054691983671318667e-02
0.000000000000000000e+00,0.000000000000000000e+00,0.000000000000000000e+00,-4.904583096504211426e-02,-8.769118785858154297e-02,1.430914008483341604e-02,-5.092191696166992188e-02,-1.809291839599609375e-01,1.199487706139734655e-02,-2.012893557548522949e-02,-2.368786931037902832e-01,4.846166050583633478e-03,1.707321405410766602e-02,-2.602938413619995117e-01,-2.045887359827247565e-03,-6.981053948402404785e-02,-2.438504695892333984e-01,-4.203926609307018225e-03,-8.042666316032409668e-02,-3.490777015686035156e-01,-1.153160894796201319e-02,-9.094932675361633301e-02,-4.113453626632690430e-01,-1.568243822589465708e-02,-1.005293726921081543e-01,-4.609225988388061523e-01,-1.922943426802703470e-02,-2.645224332809448242e-02,-2.481596469879150391e-01,-1.942048391833850474e-02,7.511526346206665039e-03,-3.475142419338226318e-01,-2.035098320379802317e-02,2.837666869163513184e-02,-3.990652561187744141e-01,-2.041556111112186045e-02,4.277512431144714355e-02,-4.378129839897155762e-01,-2.269115282729217142e-02,1.648870110511779785e-02,-2.333154082298278809e-01,-3.242381832137652964e-02,5.396565794944763184e-02,-2.865133285522460938e-01,-2.867788432672568888e-02,4.781851172447204590e-02,-2.519984841346740723e-01,-1.797487197950431437e-02,3.793504834175109863e-02,-2.197326421737670898e-01,-1.238347666844674677e-02,5.520763993263244629e-02,-2.080456614494323730e-01,-4.577273672953197092e-02,7.560315728187561035e-02,-2.241395115852355957e-01,-3.641029617324420542e-02,6.727758049964904785e-02,-1.951463818550109863e-01,-2.222475765779563517e-02,5.860397219657897949e-02,-1.721962690353393555e-01,-1.262899006292172999e-02
0.000000000000000000e+00,0.000000000000000000e+00,0.000000000000000000e+00,-4.926678538322448730e-02,-8.844339847564697266e-02,1.655213953313250386e-02,-5.181089043617248535e-02,-1.818574070930480957e-01,1.569005520400423848e-02,-2.272236347198486328e-02,-2.371677160263061523e-01,9.638296899765919079e-03,1.319676637649536133e-02,-2.609481811523437500e-01,3.475707949519346585e-03,-6.983515620231628418e-02,-2.446978092193603516e-01,-2.348331740677167545e-03,-8.123064041137695312e-02,-3.494761586189270020e-01,-8.458862552970458637e-03,-9.240320324897766113e-02,-4.122537970542907715e-01,-1.203023410084824718e-02,-1.021743714809417725e-01,-4.621642529964447021e-01,-1.523877727481703914e-02,-2.628785371780395508e-02,-2.486019730567932129e-01,-1.826784900072198070e-02,7.218301296234130859e-03,-3.496804237365722656e-01,-1.763099199774842418e-02,2.845028042793273926e-02,-4.033060073852539062e-01,-1.711000828686337627e-02,4.374447464942932129e-02,-4.427542686462402344e-01,-1.918460382762532390e-02,1.700299978256225586e-02,-2.331441044807434082e-01,-3.167945473137478984e-02,5.433019995689392090e-02,-2.887306213378906250e-01,-2.618448949101548351e-02,4.741606116294860840e-02,-2.553991079330444336e-01,-1.515649585667233623e-02,3.720489144325256348e-02,-2.225276827812194824e-01,-9.711872326761294971e-03,5.586019158363342285e-02,-2.072209119796752930e-01,-4.524279712381940044e-02,7.493171095848083496e-02,-2.258653640747070312e-01,-3.452708153668027080e-02,6.597211956977844238e-02,-1.970176696777343750e-01,-1.962776249888520397e-02,5.720296502113342285e-02,-1.729379296302795410e-01,-9.713975253134776722e-03
0.000000000000000000e+00,0.000000000000000000e+00,0.000000000000000000e+00,-4.949563741683959961e-02,-8.738476037979125977e-02,1.472311509110113548e-02,-5.192169547080993652e-02,-1.798655390739440918e-01,1.271547326155086921e-02,-2.251294255256652832e-02,-2.353129386901855469e-01,5.895801310316528543e-03,1.369619369506835938e-02,-2.586300969123840332e-01,-9.282726534820540110e-04,-6.967723369598388672e-02,-2.426483035087585449e-01,-5.149789198412690894e-03,-8.117741346359252930e-02,-3.483723402023315430e-01,-1.269087618879893853e-02,-9.196084737777709961e-02,-4.113695025444030762e-01,-1.677563371799806191e-02,-1.017020940780639648e-01,-4.613243341445922852e-01,-2.007310236535886361e-02,-2.591851353645324707e-02,-2.471398115158081055e-01,-2.037165644310334756e-02,7.642865180969238281e-03,-3.484566211700439453e-01,-2.133912178419450356e-02,2.899312973022460938e-02,-4.016386866569519043e-01,-2.119447248719552590e-02,4.398643970489501953e-02,-4.410457611083984375e-01,-2.308180513523439004e-02,1.743832230567932129e-02,-2.327072620391845703e-01,-3.321736450038770272e-02,5.514305830001831055e-02,-2.863659858703613281e-01,-2.949374871991494729e-02,4.914021492004394531e-02,-2.530655264854431152e-01,-1.893815728567460610e-02,3.941583633422851562e-02,-2.211553454399108887e-01,-1.324881012283185555e-02,5.635482072830200195e-02,-2.077428102493286133e-01,-4.629632974706510140e-02,7.671535015106201172e-02,-2.241026163101196289e-01,-3.682613516889432503e-02,6.797081232070922852e-02,-1.948698163032531738e-01,-2.242330419562676980e-02,5.897319316864013672e-02,-1.711990237236022949e-01,-1.252531218074182107e-02
0.000000000000000000e+00,0.000000000000000000e+00,0.000000000000000000e+00,-5.093947052955627441e-02,-8.601444959640502930e-02,1.509451955098484177e-02,-5.454090237617492676e-02,-1.787413954734802246e-01,1.353327646393154282e-02,-2.514255046844482422e-02,-2.363842725753784180e-01,7.332224822675925680e-03,1.184284687042236328e-02,-2.607325315475463867e-01,1.129843718445044942e-03,-7.145419716835021973e-02,-2.413134574890136719e-01,-4.468332086617010646e-03,-8.295175433158874512e-02,-3.476279079914093018e-01,-1.093693919938232284e-02,-9.367361664772033691e-02,-4.104717969894409180e-01,-1.458377302151347976e-02,-1.030887365341186523e-01,-4.603065252304077148e-01,-1.756077543359424453e-02,-2.703586220741271973e-02,-2.453239560127258301e-01,-1.909825116854335647e-02,6.360620260238647461e-03,-3.468060493469238281e-01,-1.907555670004512649e-02,2.773410081863403320e-02,-4.007507562637329102e-01,-1.867355876129295211e-02,4.271662235260009766e-02,-4.404121637344360352e-01,-2.055400334756996017e-02,1.699906587600708008e-02,-2.308795452117919922e-01,-3.116874307852413040e-02,5.286258459091186523e-02,-2.869023680686950684e-01,-2.647793949108745437e-02,4.668194055557250977e-02,-2.544416785240173340e-01,-1.567392893593932968e-02,3.732520341873168945e-02,-2.215895056724548340e-01,-9.844242636972921900e-03,5.640417337417602539e-02,-2.068791389465332031e-01,-4.334267139893199783e-02,7.513546943664550781e-02,-2.291142940521240234e-01,-3.284406945567752700e-02,6.696009635925292969e-02,-2.006443142890930176e-01,-1.767555907827045303e-02,5.921840667724609375e-02,-1.759940385818481445e-01,-7.226463449114817195e-03
0.000000000000000000e+00,0.000000000000000000e+00,0.000000000000000000e+00,-4.977416992187500000e-02,-8.788442611694335938e-02,1.400955848748708377e-02,-5.091494321823120117e-02,-1.823819875717163086e-01,1.232260454798961291e-02,-1.954060792922973633e-02,-2.392474412918090820e-01,6.060322638404613826e-03,1.794555783271789551e-02,-2.629235982894897461e-01,-4.787523266713833436e-05,-7.057884335517883301e-02,-2.428402304649353027e-01,-4.188633166450017598e-03,-8.284795284271240234e-02,-3.476167917251586914e-01,-1.087058812026953092e-02,-9.427779912948608398e-02,-4.103686213493347168e-01,-1.501606695001100888e-02,-1.041440963745117188e-01,-4.606333374977111816e-01,-1.880706671272491803e-02,-2.594965696334838867e-02,-2.478734850883483887e-01,-1.902381341551517835e-02,6.522178649902343750e-03,-3.480924069881439209e-01,-1.917464669440960279e-02,2.733010053634643555e-02,-4.016788005828857422e-01,-1.931724335645412793e-02,4.188436269760131836e-02,-4.419426321983337402e-01,-2.191138650869106641e-02,1.808652281761169434e-02,-2.334226965904235840e-01,-3.159359108303760877e-02,5.264556407928466797e-02,-2.894393503665924072e-01,-2.770508091543888440e-02,4.546654224395751953e-02,-2.567172050476074219e-01,-1.785342219864105573e-02,3.535580635070800781e-02,-2.239030003547668457e-01,-1.288613222186540952e-02,5.719727277755737305e-02,-2.085847258567810059e-01,-4.444536205028271070e-02,7.356745004653930664e-02,-2.261930704116821289e-01,-3.573170315121387830e-02,6.447011232376098633e-02,-1.974247097969055176e-01,-2.224281999860977521e-02,5.619663000106811523e-02,-1.730529069900512695e-01,-1.310135621224617353e-02
0.000000000000000000e+00,0.000000000000000000e+00,0.000000000000000000e+00,-5.073300004005432129e-02,-8.607107400894165039e-02,1.418442074901804517e-02,-5.426177382469177246e-02,-1.795993447303771973e-01,1.275752746261105131e-02,-2.501627802848815918e-02,-2.368312478065490723e-01,6.843511301497073873e-03,1.132956147193908691e-02,-2.616304755210876465e-01,1.015733515316696867e-03,-7.126760482788085938e-02,-2.415646910667419434e-01,-4.497541759690193430e-03,-8.309477567672729492e-02,-3.470442593097686768e-01,-1.111105754279151370e-02,-9.432005882263183594e-02,-4.098369479179382324e-01,-1.513633429311767031e-02,-1.042025089263916016e-01,-4.598248600959777832e-01,-1.876757870667233874e-02,-2.745056152343750000e-02,-2.464166879653930664e-01,-1.891792210989251544e-02,4.712760448455810547e-03,-3.473486006259918213e-01,-1.915420423500791003e-02,2.599960565567016602e-02,-4.003390073776245117e-01,-1.935128326766744067e-02,4.117882251739501953e-02,-4.393492937088012695e-01,-2.189074102096810748e-02,1.625341176986694336e-02,-2.320217490196228027e-01,-3.091565351240888049e-02,5.100214481353759766e-02,-2.904548943042755127e-01,-2.697817812912717272e-02,4.530364274978637695e-02,-2.577397227287292480e-01,-1.645880582981362750e-02,3.625321388244628906e-02,-2.244604229927062988e-01,-1.095994114183440615e-02,5.549269914627075195e-02,-2.075549364089965820e-01,-4.309113155358090808e-02,7.248556613922119141e-02,-2.294579744338989258e-01,-3.412015567772641589e-02,6.472903490066528320e-02,-2.014043927192687988e-01,-1.978608425014272143e-02,5.748867988586425781e-02,-1.767376065254211426e-01,-9.891122758915571467e-03
0.000000000000000000e+00,0.000000000000000000e+00,0.000000000000000000e+00,-4.922357201576232910e-02,-8.628976345062255859e-02,1.312884816229598073e-02,-5.173426866531372070e-02,-1.813851594924926758e-01,1.130768598318354634e-02,-2.184882760047912598e-02,-2.382517457008361816e-01,5.103566099705858505e-03,1.395618915557861328e-02,-2.611529231071472168e-01,-9.446644128274783725e-04,-7.041651010513305664e-02,-2.435397505760192871e-01,-4.875679153201417648e-03,-8.214718103408813477e-02,-3.497187197208404541e-01,-1.135684980749829265e-02,-9.317797422409057617e-02,-4.125197529792785645e-01,-1.526466815471394511e-02,-1.031079292297363281e-01,-4.622606635093688965e-01,-1.887154730707152339e-02,-2.631431818008422852e-02,-2.473500370979309082e-01,-1.940667221992953273e-02,6.252169609069824219e-03,-3.479139208793640137e-01,-2.021481807082636806e-02,2.787590026855468750e-02,-4.003021717071533203e-01,-2.069931815117342921e-02,4.300189018249511719e-02,-4.395312070846557617e-01,-2.332998963743193599e-02,1.739138364791870117e-02,-2.322534322738647461e-01,-3.165491635650141689e-02,5.254304409027099609e-02,-2.891781926155090332e-01,-2.860872412770731898e-02,4.646700620651245117e-02,-2.555507421493530273e-01,-1.853891054838641139e-02,3.687137365341186523e-02,-2.226843833923339844e-01,-1.315877365618689510e-02,5.631422996520996094e-02,-2.073774933815002441e-01,-4.417294229119761440e-02,7.359457015991210938e-02,-2.288612723350524902e-01,-3.594869340508921596e-02,6.558269262313842773e-02,-2.000902891159057617e-01,-2.178602630942805263e-02,5.788671970367431641e-02,-1.755552291870117188e-01,-1.198425481766207668e-02
0.000000000000000000e+00,0.000000000000000000e+00,0.000000000000000000e+00,-4.970932006835937500e-02,-8.582371473312377930e-02,1.386251269946114917e-02,-5.263626575469970703e-02,-1.789000630378723145e-01,1.208970199445502658e-02,-2.289265394210815430e-02,-2.350171208381652832e-01,5.651971950328515959e-03,1.369255781173706055e-02,-2.585724592208862305e-01,-7.703804446919093607e-04,-6.995964050292968750e-02,-2.414073348045349121e-01,-4.832449675404859590e-03,-8.196717500686645508e-02,-3.476007282733917236e-01,-1.187296614875776868e-02,-9.323608875274658203e-02,-4.107269048690795898e-01,-1.592440281888229947e-02,-1.029304563999176025e-01,-4.608656167984008789e-01,-1.946709987601025205e-02,-2.584892511367797852e-02,-2.463432550430297852e-01,-1.965246659597141843e-02,6.360441446304321289e-03,-3.474704027175903320e-01,-2.054609854599220853e-02,2.783012390136718750e-02,-4.007771015167236328e-01,-2.081171733220799069e-02,4.342174530029296875e-02,-4.399396479129791260e-01,-2.324769955953343015e-02,1.779854297637939453e-02,-2.316467761993408203e-01,-3.217963811835033994e-02,5.303752422332763672e-02,-2.876324653625488281e-01,-2.910385218342526059e-02,4.696363210678100586e-02,-2.546564936637878418e-01,-1.905690629860146146e-02,3.764218091964721680e-02,-2.216214537620544434e-01,-1.371629846175892453e-02,5.650705099105834961e-02,-2.070617079734802246e-01,-4.495017540534718137e-02,7.397156953811645508e-02,-2.265792489051818848e-01,-3.680496972879154782e-02,6.586265563964843750e-02,-1.975634694099426270e-01,-2.294092935403568845e-02,5.808258056640625000e-02,-1.727012395858764648e-01,-1.334837482204420667e-02
0.000000000000000000e+00,0.000000000000000000e+00,0.000000000000000000e+00,-4.961353540420532227e-02,-8.686643838882446289e-02,1.483164863395813882e-02,-5.216652154922485352e-02,-1.802060604095458984e-01,1.316717309612158715e-02,-2.303484082221984863e-02,-2.370538711547851562e-01,6.825871260048188560e-03,1.319134235382080078e-02,-2.619624733924865723e-01,4.483124831722307135e-04,-7.031309604644775391e-02,-2.414622902870178223e-01,-5.153744987069330818e-03,-8.184939622879028320e-02,-3.471439480781555176e-01,-1.218008673083659232e-02,-9.295734763145446777e-02,-4.101770520210266113e-01,-1.623325100433703483e-02,-1.027279198169708252e-01,-4.603313207626342773e-01,-1.974203488123293937e-02,-2.637949585914611816e-02,-2.462273240089416504e-01,-2.008952623498316825e-02,6.824851036071777344e-03,-3.479019105434417725e-01,-2.023094943058367789e-02,2.861231565475463867e-02,-4.006966948509216309e-01,-1.986188864600535453e-02,4.395824670791625977e-02,-4.394848346710205078e-01,-2.195385335278388084e-02,1.734825968742370605e-02,-2.317196130752563477e-01,-3.253294578087206901e-02,5.284661054611206055e-02,-2.895860671997070312e-01,-2.809776230049010337e-02,4.677551984786987305e-02,-2.565847039222717285e-01,-1.715267313909407676e-02,3.737461566925048828e-02,-2.234074473381042480e-01,-1.151139898490782798e-02,5.648052692413330078e-02,-2.068212628364562988e-01,-4.515438949954386771e-02,7.385909557342529297e-02,-2.262842059135437012e-01,-3.561250916015978873e-02,6.533032655715942383e-02,-1.975103616714477539e-01,-2.101945368838187278e-02,5.734360218048095703e-02,-1.728286147117614746e-01,-1.107000330728169502e-02
0.000000000000000000e+00,0.000000000000000000e+00,0.000000000000000000e+00,-4.933592677116394043e-02,-8.621549606323242188e-02,1.303266749033582528e-02,-5.186918377876281738e-02,-1.806733608245849609e-01,1.075262498358142693e-02,-2.183502912521362305e-02,-2.379426360130310059e-01,4.144856857749346091e-03,1.465234160423278809e-02,-2.631772756576538086e-01,-2.200811018553849863e-03,-6.988146901130676270e-02,-2.425381541252136230e-01,-5.857585312185165094e-03,-8.110573887825012207e-02,-3.485490083694458008e-01,-1.341657325377809684e-02,-9.174406528472900391e-02,-4.119038879871368408e-01,-1.776057280352461021e-02,-1.011798679828643799e-01,-4.616582989692687988e-01,-2.149884387603151481e-02,-2.617850899696350098e-02,-2.471782565116882324e-01,-2.031341179957735221e-02,7.776141166687011719e-03,-3.481665551662445068e-01,-2.197594366720068138e-02,2.918502688407897949e-02,-4.003107845783233643e-01,-2.235211230566847007e-02,4.384204745292663574e-02,-4.394637346267700195e-01,-2.475557461133348625e-02,1.711505651473999023e-02,-2.331814765930175781e-01,-3.255302257588255088e-02,5.423960089683532715e-02,-2.925282120704650879e-01,-3.038510292520868461e-02,4.778507351875305176e-02,-2.587174773216247559e-01,-2.010533384731161277e-02,3.741225600242614746e-02,-2.252242565155029297e-01,-1.441271215429651420e-02,5.590781569480895996e-02,-2.089375257492065430e-01,-4.504236377528059165e-02,7.437828183174133301e-02,-2.291002273559570312e-01,-3.752910889437544029e-02,6.612381339073181152e-02,-2.004355192184448242e-01,-2.381036042919504325e-02,5.776783823966979980e-02,-1.761556267738342285e-01,-1.419640596708404701e-02
0.000000000000000000e+00,0.000000000000000000e+00,0.000000000000000000e+00,-4.970964789390563965e-02,-8.696395158767700195e-02,1.431423607721171720e-02,-5.250048637390136719e-02,-1.819443702697753906e-01,1.273108921452603681e-02,-2.140140533447265625e-02,-2.404757142066955566e-01,6.655109072767118050e-03,1.579490303993225098e-02,-2.665989398956298828e-01,9.103261560312603251e-04,-7.057470083236694336e-02,-2.445896267890930176e-01,-3.652213649161240028e-03,-8.080932497978210449e-02,-3.500944375991821289e-01,-9.223946412362238334e-03,-9.107384085655212402e-02,-4.118223190307617188e-01,-1.233143270508207934e-02,-1.002270579338073730e-01,-4.609323740005493164e-01,-1.537226237849154131e-02,-2.669942378997802734e-02,-2.481577396392822266e-01,-1.822800379738964693e-02,7.028579711914062500e-03,-3.485437333583831787e-01,-1.803210568175472872e-02,2.845552563667297363e-02,-4.007216095924377441e-01,-1.782826897249378817e-02,4.361906647682189941e-02,-4.398773312568664551e-01,-2.016810518250622408e-02,1.680240035057067871e-02,-2.334092855453491211e-01,-3.041411009178318636e-02,5.331704020500183105e-02,-2.926063835620880127e-01,-2.623600516960777895e-02,4.688367247581481934e-02,-2.584999799728393555e-01,-1.555565003798164980e-02,3.663876652717590332e-02,-2.247225642204284668e-01,-1.005715694770970003e-02,5.623236298561096191e-02,-2.089402079582214355e-01,-4.276383858666576998e-02,7.426062226295471191e-02,-2.305768132209777832e-01,-3.331463229403652804e-02,6.598469614982604980e-02,-2.020191550254821777e-01,-1.893262383089222567e-02,5.774310231208801270e-02,-1.778901815414428711e-01,-9.188327980496069358e-03
