8.474844694137573242e-01,5.271623134613037109e-01,-2.738931357271212619e-07,8.045815825462341309e-01,4.756456017494201660e-01,-2.083068015053868294e-03,7.822553515434265137e-01,3.866390585899353027e-01,-8.692306466400623322e-03,7.796069979667663574e-01,3.180598616600036621e-01,-2.171294763684272766e-02,8.014501929283142090e-01,2.710265517234802246e-01,-3.617093712091445923e-02,8.545905351638793945e-01,2.993297874927520752e-01,6.440470460802316666e-03,8.598148822784423828e-01,2.044416964054107666e-01,-1.404963713139295578e-02,8.527655601501464844e-01,1.412410736083984375e-01,-2.492277510464191437e-02,8.536642193794250488e-01,9.140610694885253906e-02,-3.324539214372634888e-02,8.889862895011901855e-01,3.092204928398132324e-01,-9.121797047555446625e-03,8.348721861839294434e-01,2.541491687297821045e-01,-4.537357762455940247e-02,8.050076961517333984e-01,3.257141113281250000e-01,-4.870901629328727722e-02,8.124399781227111816e-01,3.735618591308593750e-01,-4.034774005413055420e-02,9.120343923568725586e-01,3.338050544261932373e-01,-2.767269685864448547e-02,8.469289541244506836e-01,2.933125495910644531e-01,-6.483354419469833374e-02,8.200771212577819824e-01,3.640408515930175781e-01,-5.142274498939514160e-02,8.321360945701599121e-01,4.062753915786743164e-01,-3.106793388724327087e-02,9.263179898262023926e-01,3.683895468711853027e-01,-4.698340222239494324e-02,8.605405688285827637e-01,3.430625200271606445e-01,-7.265991717576980591e-02,8.350374102592468262e-01,3.920230865478515625e-01,-6.367658078670501709e-02,8.444450497627258301e-01,4.261060953140258789e-01,-4.968382418155670166e-02
8.454616665840148926e-01,5.320979356765747070e-01,-3.744081595868919976e-07,7.998963594436645508e-01,4.708483219146728516e-01,-1.066303905099630356e-02,7.784436345100402832e-01,3.859225511550903320e-01,-2.188836969435214996e-02,7.775321006774902344e-01,3.159203231334686279e-01,-3.754891455173492432e-02,8.019396662712097168e-01,2.742033004760742188e-01,-5.224480107426643372e-02,8.529198765754699707e-01,2.958287298679351807e-01,2.827644057106226683e-04,8.582516908645629883e-01,2.003581076860427856e-01,-2.322232723236083984e-02,8.550031185150146484e-01,1.377981901168823242e-01,-3.557849302887916565e-02,8.554565906524658203e-01,8.818249404430389404e-02,-4.523285478353500366e-02,8.864493370056152344e-01,3.074205517768859863e-01,-1.106851547956466675e-02,8.335579633712768555e-01,2.535198330879211426e-01,-5.267103761434555054e-02,8.065133094787597656e-01,3.245693147182464600e-01,-5.792172253131866455e-02,8.120971322059631348e-01,3.741167187690734863e-01,-5.016788840293884277e-02,9.105814695358276367e-01,3.328077495098114014e-01,-2.618513628840446472e-02,8.431788682937622070e-01,2.989758551120758057e-01,-6.660762429237365723e-02,8.215477466583251953e-01,3.700045049190521240e-01,-5.294308811426162720e-02,8.312261700630187988e-01,4.124830961227416992e-01,-3.264959901571273804e-02,9.255580902099609375e-01,3.710563480854034424e-01,-4.323723539710044861e-02,8.584251403808593750e-01,3.478685915470123291e-01,-7.023781538009643555e-02,8.345013856887817383e-01,3.980090022087097168e-01,-6.162381544709205627e-02,8.394705653190612793e-01,4.318923950195312500e-01,-4.772036150097846985e-02
8.458782434463500977e-01,5.351465940475463867e-01,-3.928202261249680305e-07,8.000420331954956055e-01,4.688892066478729248e-01,-1.024312898516654968e-02,7.785332202911376953e-01,3.841230571269989014e-01,-2.098979055881500244e-02,7.764185070991516113e-01,3.150560259819030762e-01,-3.647771850228309631e-02,8.011131882667541504e-01,2.727679312229156494e-01,-5.114296823740005493e-02,8.512484431266784668e-01,2.951588630676269531e-01,1.509037450887262821e-03,8.566467165946960449e-01,1.987423896789550781e-01,-2.256007306277751923e-02,8.540117144584655762e-01,1.360851973295211792e-01,-3.591159358620643616e-02,8.547086715698242188e-01,8.583556115627288818e-02,-4.593465477228164673e-02,8.840687870979309082e-01,3.075744807720184326e-01,-1.009810995310544968e-02,8.338349461555480957e-01,2.552916407585144043e-01,-5.405170470476150513e-02,8.051857948303222656e-01,3.245756030082702637e-01,-6.184589117765426636e-02,8.069865703582763672e-01,3.769169449806213379e-01,-5.517718940973281860e-02,9.084714055061340332e-01,3.333815634250640869e-01,-2.536094374954700470e-02,8.440732359886169434e-01,2.999441027641296387e-01,-6.690779328346252441e-02,8.221541047096252441e-01,3.703285753726959229e-01,-5.501389876008033752e-02,8.295864462852478027e-01,4.153530001640319824e-01,-3.524667769670486450e-02,9.254755973815917969e-01,3.720493912696838379e-01,-4.240977764129638672e-02,8.604499101638793945e-01,3.487405776977539062e-01,-6.874652206897735596e-02,8.367192149162292480e-01,3.977672457695007324e-01,-6.017154455184936523e-02,8.412595987319946289e-01,4.317505955696105957e-01,-4.609031230211257935e-02
8.475061058998107910e-01,5.364762544631958008e-01,-3.882626344875461655e-07,7.999927997589111328e-01,4.687886238098144531e-01,-9.818902239203453064e-03,7.782664895057678223e-01,3.840188384056091309e-01,-2.011286467313766479e-02,7.759945988655090332e-01,3.149625360965728760e-01,-3.522986173629760742e-02,8.001074790954589844e-01,2.719425857067108154e-01,-4.956145212054252625e-02,8.501074910163879395e-01,2.948858141899108887e-01,2.277295337989926338e-03,8.553846478462219238e-01,1.980170607566833496e-01,-2.145422063767910004e-02,8.532181978225708008e-01,1.360763460397720337e-01,-3.425281494855880737e-02,8.548950552940368652e-01,8.627477288246154785e-02,-4.384774714708328247e-02,8.833522200584411621e-01,3.074552118778228760e-01,-9.423900395631790161e-03,8.343250751495361328e-01,2.541341483592987061e-01,-5.361192300915718079e-02,8.051740527153015137e-01,3.234587013721466064e-01,-6.151870265603065491e-02,8.063918352127075195e-01,3.758975565433502197e-01,-5.479354411363601685e-02,9.081269502639770508e-01,3.330093026161193848e-01,-2.477868646383285522e-02,8.442167043685913086e-01,3.007637262344360352e-01,-6.643988937139511108e-02,8.223916888236999512e-01,3.714857399463653564e-01,-5.494348332285881042e-02,8.300827741622924805e-01,4.158265292644500732e-01,-3.537461161613464355e-02,9.257258772850036621e-01,3.709055185317993164e-01,-4.180802032351493835e-02,8.607724905014038086e-01,3.491456210613250732e-01,-6.752102077007293701e-02,8.377156257629394531e-01,3.981525301933288574e-01,-5.903089419007301331e-02,8.432271480560302734e-01,4.307141304016113281e-01,-4.519460722804069519e-02
8.477888703346252441e-01,5.366469621658325195e-01,-3.843668423542112578e-07,8.001771569252014160e-01,4.688507914543151855e-01,-8.963055908679962158e-03,7.785377502441406250e-01,3.842383921146392822e-01,-1.884471625089645386e-02,7.762314081192016602e-01,3.156757354736328125e-01,-3.377984091639518738e-02,7.994531989097595215e-01,2.727216184139251709e-01,-4.799244552850723267e-02,8.498694300651550293e-01,2.940205633640289307e-01,3.527976339682936668e-03,8.555365204811096191e-01,1.975685209035873413e-01,-2.001746930181980133e-02,8.533763289451599121e-01,1.360379457473754883e-01,-3.273267671465873718e-02,8.548078536987304688e-01,8.651193976402282715e-02,-4.224077239632606506e-02,8.827737569808959961e-01,3.065184354782104492e-01,-8.779402822256088257e-03,8.335235118865966797e-01,2.523674666881561279e-01,-5.275974795222282410e-02,8.045748472213745117e-01,3.218052685260772705e-01,-6.061704084277153015e-02,8.063160181045532227e-01,3.740858137607574463e-01,-5.375270918011665344e-02,9.075325131416320801e-01,3.320425450801849365e-01,-2.472634613513946533e-02,8.435679674148559570e-01,3.004214167594909668e-01,-6.605054438114166260e-02,8.222413659095764160e-01,3.713043630123138428e-01,-5.443618446588516235e-02,8.308074474334716797e-01,4.145302176475524902e-01,-3.481017425656318665e-02,9.254521727561950684e-01,3.701981306076049805e-01,-4.228930920362472534e-02,8.604755997657775879e-01,3.491269350051879883e-01,-6.732132285833358765e-02,8.384498953819274902e-01,3.986864089965820312e-01,-5.832936614751815796e-02,8.455255031585693359e-01,4.306585788726806641e-01,-4.425648599863052368e-02
8.457641005516052246e-01,5.372403860092163086e-01,-4.090186962457664777e-07,7.997083067893981934e-01,4.680038988590240479e-01,-8.117744699120521545e-03,7.790423035621643066e-01,3.830182552337646484e-01,-1.753252372145652771e-02,7.767903804779052734e-01,3.152384161949157715e-01,-3.212304413318634033e-02,7.994910478591918945e-01,2.725573182106018066e-01,-4.600866883993148804e-02,8.531589508056640625e-01,2.917346656322479248e-01,4.969616886228322983e-03,8.560701608657836914e-01,1.982458233833312988e-01,-1.804094947874546051e-02,8.529021739959716797e-01,1.381465643644332886e-01,-3.081864863634109497e-02,8.545363545417785645e-01,8.923023939132690430e-02,-4.067125543951988220e-02,8.869987726211547852e-01,3.038652539253234863e-01,-7.803785614669322968e-03,8.346914649009704590e-01,2.514857649803161621e-01,-5.025789514183998108e-02,8.053454160690307617e-01,3.210131227970123291e-01,-5.789525434374809265e-02,8.075480461120605469e-01,3.723709285259246826e-01,-5.155751854181289673e-02,9.117702841758728027e-01,3.303129971027374268e-01,-2.425352670252323151e-02,8.444056510925292969e-01,3.001187443733215332e-01,-6.459391862154006958e-02,8.225076198577880859e-01,3.705556988716125488e-01,-5.307197943329811096e-02,8.312731981277465820e-01,4.127729237079620361e-01,-3.409150615334510803e-02,9.285546541213989258e-01,3.698575794696807861e-01,-4.229507967829704285e-02,8.610729575157165527e-01,3.488775491714477539e-01,-6.696323305368423462e-02,8.385412096977233887e-01,3.982086777687072754e-01,-5.813813582062721252e-02,8.454534411430358887e-01,4.298959970474243164e-01,-4.455326870083808899e-02
8.456940054893493652e-01,5.379546284675598145e-01,-3.994420580966107082e-07,8.000385165214538574e-01,4.682080149650573730e-01,-9.856685996055603027e-03,7.782714366912841797e-01,3.846729397773742676e-01,-2.143823727965354919e-02,7.760694026947021484e-01,3.165600895881652832e-01,-3.788787126541137695e-02,8.003380894660949707e-01,2.743683755397796631e-01,-5.335593968629837036e-02,8.545810580253601074e-01,2.916940152645111084e-01,2.610332332551479340e-03,8.575035929679870605e-01,1.989806592464447021e-01,-2.088344469666481018e-02,8.534711003303527832e-01,1.385152786970138550e-01,-3.360637649893760681e-02,8.532733917236328125e-01,8.943481743335723877e-02,-4.339097067713737488e-02,8.880838155746459961e-01,3.042505681514739990e-01,-9.538465179502964020e-03,8.343904018402099609e-01,2.516001462936401367e-01,-5.170641839504241943e-02,8.050364255905151367e-01,3.208860158920288086e-01,-5.846787989139556885e-02,8.075497746467590332e-01,3.708243072032928467e-01,-5.167734250426292419e-02,9.123353958129882812e-01,3.305773437023162842e-01,-2.549351193010807037e-02,8.435703516006469727e-01,2.990848422050476074e-01,-6.567972898483276367e-02,8.218691945075988770e-01,3.688624799251556396e-01,-5.329645797610282898e-02,8.306834697723388672e-01,4.108908772468566895e-01,-3.394470363855361938e-02,9.279382824897766113e-01,3.700090050697326660e-01,-4.327845200896263123e-02,8.597089052200317383e-01,3.488394021987915039e-01,-6.844632327556610107e-02,8.372505307197570801e-01,3.980908393859863281e-01,-5.955033004283905029e-02,8.439835309982299805e-01,4.304456710815429688e-01,-4.582134261727333069e-02
8.448390960693359375e-01,5.397442579269409180e-01,-4.001232412065292010e-07,7.996503710746765137e-01,4.708354473114013672e-01,-1.073276437819004059e-02,7.777878642082214355e-01,3.872211277484893799e-01,-2.237773686647415161e-02,7.749609947204589844e-01,3.183051645755767822e-01,-3.873221576213836670e-02,7.986418008804321289e-01,2.747797966003417969e-01,-5.403980985283851624e-02,8.543115258216857910e-01,2.942179441452026367e-01,2.697929972782731056e-03,8.558203577995300293e-01,2.009623050689697266e-01,-2.061784453690052032e-02,8.519707918167114258e-01,1.400310248136520386e-01,-3.360248729586601257e-02,8.525146245956420898e-01,9.037508070468902588e-02,-4.363008588552474976e-02,8.867513537406921387e-01,3.060047924518585205e-01,-8.883969858288764954e-03,8.342600464820861816e-01,2.514128386974334717e-01,-5.154152959585189819e-02,8.043373823165893555e-01,3.192979693412780762e-01,-5.921658501029014587e-02,8.051341772079467773e-01,3.712519407272338867e-01,-5.280472710728645325e-02,9.104139208793640137e-01,3.312065601348876953e-01,-2.428349107503890991e-02,8.427119255065917969e-01,2.981899976730346680e-01,-6.481990218162536621e-02,8.205793499946594238e-01,3.672273159027099609e-01,-5.336887761950492859e-02,8.277761936187744141e-01,4.118062853813171387e-01,-3.437744826078414917e-02,9.257258772850036621e-01,3.694835007190704346e-01,-4.161018133163452148e-02,8.581442236900329590e-01,3.493075370788574219e-01,-6.752813607454299927e-02,8.349542617797851562e-01,3.985471427440643311e-01,-5.965858325362205505e-02,8.398362398147583008e-01,4.327593445777893066e-01,-4.641877859830856323e-02
8.438137769699096680e-01,5.448920130729675293e-01,-3.823060694685409544e-07,7.978964447975158691e-01,4.750485718250274658e-01,-1.219613198190927505e-02,7.753587365150451660e-01,3.924315571784973145e-01,-2.494403161108493805e-02,7.717821598052978516e-01,3.227192759513854980e-01,-4.221672564744949341e-02,7.950333952903747559e-01,2.783355414867401123e-01,-5.840906128287315369e-02,8.492829203605651855e-01,2.998728454113006592e-01,1.604833378223702312e-04,8.522272109985351562e-01,2.044634222984313965e-01,-2.485952526330947876e-02,8.482103943824768066e-01,1.420156061649322510e-01,-3.888334333896636963e-02,8.490230441093444824e-01,9.054207801818847656e-02,-4.943828657269477844e-02,8.815031647682189941e-01,3.106978833675384521e-01,-1.067555230110883713e-02,8.308892846107482910e-01,2.572289705276489258e-01,-5.422921478748321533e-02,8.029596209526062012e-01,3.261833488941192627e-01,-6.183972954750061035e-02,8.062335848808288574e-01,3.764221072196960449e-01,-5.542001873254776001e-02,9.057292342185974121e-01,3.348881006240844727e-01,-2.550157532095909119e-02,8.407728672027587891e-01,3.035041689872741699e-01,-6.709629297256469727e-02,8.198080658912658691e-01,3.732020556926727295e-01,-5.545933172106742859e-02,8.286086320877075195e-01,4.171215295791625977e-01,-3.617351874709129333e-02,9.220883846282958984e-01,3.721054196357727051e-01,-4.240223020315170288e-02,8.570986986160278320e-01,3.517181277275085449e-01,-6.925372779369354248e-02,8.333287835121154785e-01,4.023281335830688477e-01,-6.122764572501182556e-02,8.376705050468444824e-01,4.380362927913665771e-01,-4.763138666749000549e-02
8.420182466506958008e-01,5.407448410987854004e-01,-3.751923713934957050e-07,7.940943241119384766e-01,4.683575630187988281e-01,-8.934616111218929291e-03,7.720882296562194824e-01,3.874479532241821289e-01,-1.955840177834033966e-02,7.684374451637268066e-01,3.216149806976318359e-01,-3.501538187265396118e-02,7.893849611282348633e-01,2.785986661911010742e-01,-4.952086508274078369e-02,8.459727168083190918e-01,2.985595464706420898e-01,2.871253527700901031e-03,8.484242558479309082e-01,2.052848488092422485e-01,-2.071049623191356659e-02,8.440731763839721680e-01,1.449843347072601318e-01,-3.452234342694282532e-02,8.443464040756225586e-01,9.503181278705596924e-02,-4.504632577300071716e-02,8.771728873252868652e-01,3.102502226829528809e-01,-9.166399016976356506e-03,8.282222747802734375e-01,2.532171607017517090e-01,-5.160812661051750183e-02,7.985267639160156250e-01,3.181377053260803223e-01,-5.982359871268272400e-02,7.991841435432434082e-01,3.686568140983581543e-01,-5.407698079943656921e-02,9.006080627441406250e-01,3.343793451786041260e-01,-2.480315230786800385e-02,8.372290134429931641e-01,2.963809370994567871e-01,-6.441035866737365723e-02,8.145431280136108398e-01,3.628734648227691650e-01,-5.334927141666412354e-02,8.216528296470642090e-01,4.060308635234832764e-01,-3.502472490072250366e-02,9.169884920120239258e-01,3.714836239814758301e-01,-4.219441115856170654e-02,8.518064022064208984e-01,3.509846031665802002e-01,-6.724560260772705078e-02,8.288966417312622070e-01,3.987101912498474121e-01,-5.933613330125808716e-02,8.350635766983032227e-01,4.317229688167572021e-01,-4.638477414846420288e-02
8.397775292396545410e-01,5.428064465522766113e-01,-3.538058876983996015e-07,7.914467453956604004e-01,4.752494096755981445e-01,-1.091199181973934174e-02,7.674604058265686035e-01,3.937567472457885742e-01,-2.251574024558067322e-02,7.628325223922729492e-01,3.264343440532684326e-01,-3.865758329629898071e-02,7.831959128379821777e-01,2.824582457542419434e-01,-5.385829880833625793e-02,8.414503335952758789e-01,3.024543225765228271e-01,8.505542064085602760e-04,8.431029915809631348e-01,2.071144133806228638e-01,-2.390953712165355682e-02,8.378788828849792480e-01,1.446001082658767700e-01,-3.803218156099319458e-02,8.382241129875183105e-01,9.406444430351257324e-02,-4.850513860583305359e-02,8.717818856239318848e-01,3.136056363582611084e-01,-1.067352201789617538e-02,8.234132528305053711e-01,2.533412575721740723e-01,-5.421104282140731812e-02,7.934800386428833008e-01,3.190003931522369385e-01,-6.183728948235511780e-02,7.955886721611022949e-01,3.710240125656127930e-01,-5.507150292396545410e-02,8.944550156593322754e-01,3.373731672763824463e-01,-2.606491558253765106e-02,8.319566845893859863e-01,2.994734048843383789e-01,-6.728483736515045166e-02,8.104174733161926270e-01,3.675786256790161133e-01,-5.564188584685325623e-02,8.197330832481384277e-01,4.125428795814514160e-01,-3.633063286542892456e-02,9.100465178489685059e-01,3.740336000919342041e-01,-4.337495192885398865e-02,8.462291359901428223e-01,3.540392220020294189e-01,-7.029834389686584473e-02,8.239783048629760742e-01,4.048233628273010254e-01,-6.227672845125198364e-02,8.311190605163574219e-01,4.404214918613433838e-01,-4.873203858733177185e-02
8.340822458267211914e-01,5.428494811058044434e-01,-3.330142703816818539e-07,7.867785692214965820e-01,4.763664007186889648e-01,-1.086127664893865585e-02,7.614571452140808105e-01,3.966016769409179688e-01,-2.301459200680255890e-02,7.556765079498291016e-01,3.310144543647766113e-01,-3.984913975000381470e-02,7.756935954093933105e-01,2.855564057826995850e-01,-5.568850412964820862e-02,8.311756849288940430e-01,3.021478652954101562e-01,6.994255818426609039e-05,8.350081443786621094e-01,2.074855268001556396e-01,-2.465740032494068146e-02,8.293788433074951172e-01,1.459115892648696899e-01,-3.808017820119857788e-02,8.286712765693664551e-01,9.600786864757537842e-02,-4.771848767995834351e-02,8.615223169326782227e-01,3.136893212795257568e-01,-1.141601707786321640e-02,8.155313730239868164e-01,2.555386424064636230e-01,-5.404337495565414429e-02,7.854154109954833984e-01,3.198532164096832275e-01,-6.087809056043624878e-02,7.877036333084106445e-01,3.685566186904907227e-01,-5.363522842526435852e-02,8.845281004905700684e-01,3.378811478614807129e-01,-2.674440108239650726e-02,8.240124583244323730e-01,3.012423813343048096e-01,-6.729543954133987427e-02,8.014864921569824219e-01,3.677743971347808838e-01,-5.551728233695030212e-02,8.105645179748535156e-01,4.100935161113739014e-01,-3.600763157010078430e-02,9.007764458656311035e-01,3.748507201671600342e-01,-4.391852393746376038e-02,8.381437063217163086e-01,3.540161252021789551e-01,-6.979298591613769531e-02,8.152573704719543457e-01,4.030383825302124023e-01,-6.124350801110267639e-02,8.223754763603210449e-01,4.376303553581237793e-01,-4.723844304680824280e-02
8.287644386291503906e-01,5.458837747573852539e-01,-3.685786111873312620e-07,7.810037136077880859e-01,4.771614670753479004e-01,-9.680858813226222992e-03,7.568477392196655273e-01,3.957676887512207031e-01,-2.045514807105064392e-02,7.502948045730590820e-01,3.297592699527740479e-01,-3.610336408019065857e-02,7.673242092132568359e-01,2.870699763298034668e-01,-5.103857070207595825e-02,8.237159848213195801e-01,3.006190061569213867e-01,1.834913506172597408e-03,8.254206776618957520e-01,2.079994529485702515e-01,-2.182563953101634979e-02,8.186067938804626465e-01,1.463178843259811401e-01,-3.572957590222358704e-02,8.165742754936218262e-01,9.682610630989074707e-02,-4.597208648920059204e-02,8.557614684104919434e-01,3.110839128494262695e-01,-9.807459078729152679e-03,8.037014603614807129e-01,2.616151869297027588e-01,-5.185952410101890564e-02,7.760059833526611328e-01,3.281526565551757812e-01,-5.956901609897613525e-02,7.795106172561645508e-01,3.797685503959655762e-01,-5.335138365626335144e-02,8.801550269126892090e-01,3.362042605876922607e-01,-2.513496764004230499e-02,8.164669275283813477e-01,3.064843416213989258e-01,-6.500144302845001221e-02,7.958220243453979492e-01,3.725868761539459229e-01,-5.411561951041221619e-02,8.043540716171264648e-01,4.171505868434906006e-01,-3.546650707721710205e-02,8.976756930351257324e-01,3.746074140071868896e-01,-4.227494448423385620e-02,8.337740302085876465e-01,3.567392826080322266e-01,-6.756833195686340332e-02,8.099014163017272949e-01,4.043990969657897949e-01,-5.933399498462677002e-02,8.139915466308593750e-01,4.402120411396026611e-01,-4.570629075169563293e-02
8.249713778495788574e-01,5.483354330062866211e-01,-3.529486605202691862e-07,7.749166488647460938e-01,4.803653657436370850e-01,-1.078366860747337341e-02,7.490597367286682129e-01,4.010115861892700195e-01,-2.317486889660358429e-02,7.424225211143493652e-01,3.348136246204376221e-01,-4.026773944497108459e-02,7.626271843910217285e-01,2.905663251876831055e-01,-5.656074732542037964e-02,8.172755837440490723e-01,3.017642796039581299e-01,7.457052561221644282e-05,8.163059353828430176e-01,2.076039165258407593e-01,-2.505225129425525665e-02,8.096715211868286133e-01,1.460456550121307373e-01,-3.957727923989295959e-02,8.077072501182556152e-01,9.614087641239166260e-02,-5.027862265706062317e-02,8.498346209526062012e-01,3.115369379520416260e-01,-1.165818888694047928e-02,7.949191331863403320e-01,2.644955515861511230e-01,-5.422487854957580566e-02,7.703295350074768066e-01,3.344283103942871094e-01,-6.133669987320899963e-02,7.773056626319885254e-01,3.834939599037170410e-01,-5.506473407149314880e-02,8.738073110580444336e-01,3.367038369178771973e-01,-2.729286625981330872e-02,8.071061968803405762e-01,3.093407154083251953e-01,-6.792902201414108276e-02,7.889471650123596191e-01,3.789308369159698486e-01,-5.559230968356132507e-02,8.003215193748474121e-01,4.209142029285430908e-01,-3.630835562944412231e-02,8.901336193084716797e-01,3.760001659393310547e-01,-4.483754560351371765e-02,8.249732255935668945e-01,3.595057427883148193e-01,-7.067199796438217163e-02,8.050815463066101074e-01,4.099026620388031006e-01,-6.138734519481658936e-02,8.131656050682067871e-01,4.440388083457946777e-01,-4.716641083359718323e-02
8.200332522392272949e-01,5.524759292602539062e-01,-3.850713596875721123e-07,7.694168090820312500e-01,4.851731061935424805e-01,-9.316884912550449371e-03,7.440278530120849609e-01,4.040253162384033203e-01,-1.979770883917808533e-02,7.378591895103454590e-01,3.376396596431732178e-01,-3.530751913785934448e-02,7.567181587219238281e-01,2.932167351245880127e-01,-5.009838566184043884e-02,8.108054399490356445e-01,3.039255440235137939e-01,2.637242898344993591e-03,8.075909018516540527e-01,2.111250013113021851e-01,-2.176116965711116791e-02,7.998097538948059082e-01,1.494438052177429199e-01,-3.670790418982505798e-02,7.970800995826721191e-01,9.900428354740142822e-02,-4.762479290366172791e-02,8.430430889129638672e-01,3.127167522907257080e-01,-9.392404928803443909e-03,7.863653898239135742e-01,2.672770023345947266e-01,-5.186389014124870300e-02,7.601539492607116699e-01,3.339500725269317627e-01,-6.029118224978446960e-02,7.655503749847412109e-01,3.848464488983154297e-01,-5.472862347960472107e-02,8.669326901435852051e-01,3.377455174922943115e-01,-2.514314092695713043e-02,7.985987067222595215e-01,3.138990700244903564e-01,-6.501106917858123779e-02,7.797638177871704102e-01,3.811095952987670898e-01,-5.404376238584518433e-02,7.903948426246643066e-01,4.245227873325347900e-01,-3.555583208799362183e-02,8.838081955909729004e-01,3.769635856151580811e-01,-4.278139024972915649e-02,8.180410265922546387e-01,3.627542257308959961e-01,-6.730306148529052734e-02,7.969237565994262695e-01,4.113065898418426514e-01,-5.831946432590484619e-02,8.038540482521057129e-01,4.465481340885162354e-01,-4.435887187719345093e-02
8.143962621688842773e-01,5.568733215332031250e-01,-3.680304416775470600e-07,7.624732851982116699e-01,4.903555810451507568e-01,-1.099838130176067352e-02,7.351080179214477539e-01,4.097459018230438232e-01,-2.292464859783649445e-02,7.282474040985107422e-01,3.430018126964569092e-01,-3.942840918898582458e-02,7.451116442680358887e-01,2.957419753074645996e-01,-5.507878214120864868e-02,8.018552660942077637e-01,3.058192729949951172e-01,9.490043157711625099e-04,7.941281199455261230e-01,2.152371853590011597e-01,-2.367560379207134247e-02,7.857652902603149414e-01,1.541553586721420288e-01,-3.848105669021606445e-02,7.829406857490539551e-01,1.035181730985641479e-01,-4.948960244655609131e-02,8.339303731918334961e-01,3.125381171703338623e-01,-1.056801900267601013e-02,7.761043310165405273e-01,2.700767815113067627e-01,-5.244863778352737427e-02,7.522506117820739746e-01,3.394816517829895020e-01,-5.966394767165184021e-02,7.595267891883850098e-01,3.876805901527404785e-01,-5.366865918040275574e-02,8.575170040130615234e-01,3.355031013488769531e-01,-2.603365294635295868e-02,7.887659668922424316e-01,3.126730024814605713e-01,-6.535700708627700806e-02,7.712582349777221680e-01,3.825690150260925293e-01,-5.278444662690162659e-02,7.827824354171752930e-01,4.234787821769714355e-01,-3.389330208301544189e-02,8.737298846244812012e-01,3.738968074321746826e-01,-4.364943504333496094e-02,8.070058226585388184e-01,3.638005256652832031e-01,-6.833503395318984985e-02,7.880806922912597656e-01,4.150667786598205566e-01,-5.899237841367721558e-02,7.971623539924621582e-01,4.479510784149169922e-01,-4.510115087032318115e-02
8.057235479354858398e-01,5.607526302337646484e-01,-3.451756924732762855e-07,7.507762312889099121e-01,4.921100139617919922e-01,-1.214380189776420593e-02,7.234563231468200684e-01,4.150997996330261230e-01,-2.554390951991081238e-02,7.157301306724548340e-01,3.488189578056335449e-01,-4.334113001823425293e-02,7.288199067115783691e-01,3.014039397239685059e-01,-6.023869290947914124e-02,7.928048968315124512e-01,3.054895102977752686e-01,6.094077252782881260e-04,7.804999947547912598e-01,2.193418592214584351e-01,-2.402119711041450500e-02,7.706705331802368164e-01,1.575149446725845337e-01,-3.894688561558723450e-02,7.678392529487609863e-01,1.077804267406463623e-01,-5.012258142232894897e-02,8.259199857711791992e-01,3.105439245700836182e-01,-1.025451067835092545e-02,7.624062895774841309e-01,2.718182206153869629e-01,-4.923484101891517639e-02,7.389243841171264648e-01,3.424150049686431885e-01,-5.405884236097335815e-02,7.487654089927673340e-01,3.865333795547485352e-01,-4.747318476438522339e-02,8.492400646209716797e-01,3.334708809852600098e-01,-2.545029483735561371e-02,7.765541076660156250e-01,3.134284317493438721e-01,-6.249660998582839966e-02,7.589256167411804199e-01,3.821291923522949219e-01,-4.791493713855743408e-02,7.712667584419250488e-01,4.203538298606872559e-01,-2.871553227305412292e-02,8.629131317138671875e-01,3.729727268218994141e-01,-4.323213547468185425e-02,7.946747541427612305e-01,3.673713803291320801e-01,-6.703151017427444458e-02,7.757818698883056641e-01,4.174770712852478027e-01,-5.724408477544784546e-02,7.847669124603271484e-01,4.489757716655731201e-01,-4.349631816148757935e-02
7.939956784248352051e-01,5.633994936943054199e-01,-3.400681123366666725e-07,7.378670573234558105e-01,4.951316714286804199e-01,-1.119846478104591370e-02,7.096045613288879395e-01,4.199019372463226318e-01,-2.455771341919898987e-02,7.018766403198242188e-01,3.570552170276641846e-01,-4.242988675832748413e-02,7.141348719596862793e-01,3.102616071701049805e-01,-5.937118828296661377e-02,7.754974961280822754e-01,3.086334466934204102e-01,-4.254111263435333967e-04,7.627815008163452148e-01,2.242227941751480103e-01,-2.465700916945934296e-02,7.519245743751525879e-01,1.644175648689270020e-01,-3.963381797075271606e-02,7.475584745407104492e-01,1.162096858024597168e-01,-5.112106725573539734e-02,8.094717264175415039e-01,3.138861656188964844e-01,-1.215750444680452347e-02,7.439826130867004395e-01,2.828585505485534668e-01,-5.050704628229141235e-02,7.237994670867919922e-01,3.514777719974517822e-01,-5.623377487063407898e-02,7.355997562408447266e-01,3.944630026817321777e-01,-5.100694298744201660e-02,8.337363004684448242e-01,3.388368487358093262e-01,-2.793209627270698547e-02,7.589514851570129395e-01,3.230080604553222656e-01,-6.470964103937149048e-02,7.442175745964050293e-01,3.906267881393432617e-01,-5.097795650362968445e-02,7.589256167411804199e-01,4.270192384719848633e-01,-3.288512676954269409e-02,8.486136198043823242e-01,3.805907964706420898e-01,-4.610102251172065735e-02,7.783419489860534668e-01,3.758200109004974365e-01,-7.035071402788162231e-02,7.612223029136657715e-01,4.250105023384094238e-01,-6.075919046998023987e-02,7.717612981796264648e-01,4.550950527191162109e-01,-4.724982008337974548e-02
7.848539352416992188e-01,5.711847543716430664e-01,-3.454629506904893788e-07,7.267723679542541504e-01,5.054421424865722656e-01,-1.021880842745304108e-02,6.960393786430358887e-01,4.277814626693725586e-01,-2.194497361779212952e-02,6.850399374961853027e-01,3.636627793312072754e-01,-3.827521950006484985e-02,6.976674199104309082e-01,3.173383176326751709e-01,-5.369787290692329407e-02,7.590364217758178711e-01,3.156870305538177490e-01,2.212223596870899200e-03,7.456260323524475098e-01,2.312974035739898682e-01,-2.085350081324577332e-02,7.333587408065795898e-01,1.735717505216598511e-01,-3.518953174352645874e-02,7.264416217803955078e-01,1.263400167226791382e-01,-4.612563550472259521e-02,7.912815809249877930e-01,3.201800882816314697e-01,-9.548436850309371948e-03,7.277340888977050781e-01,2.867847383022308350e-01,-4.648944735527038574e-02,7.075573205947875977e-01,3.538704514503479004e-01,-5.253257974982261658e-02,7.173554301261901855e-01,3.977933526039123535e-01,-4.766025766730308533e-02,8.149637579917907715e-01,3.437469303607940674e-01,-2.524858526885509491e-02,7.413589358329772949e-01,3.305719196796417236e-01,-6.069700047373771667e-02,7.279746532440185547e-01,3.983609080314636230e-01,-4.805354401469230652e-02,7.420899271965026855e-01,4.352861642837524414e-01,-3.076487779617309570e-02,8.297703862190246582e-01,3.839969336986541748e-01,-4.321203008294105530e-02,7.616802453994750977e-01,3.815945982933044434e-01,-6.582013517618179321e-02,7.464823126792907715e-01,4.315025210380554199e-01,-5.633287876844406128e-02,7.576425671577453613e-01,4.619319438934326172e-01,-4.313370585441589355e-02
7.800966501235961914e-01,5.790150761604309082e-01,-3.095623242188594304e-07,7.199158668518066406e-01,5.172827243804931641e-01,-1.117339264601469040e-02,6.890469789505004883e-01,4.447083473205566406e-01,-2.389528229832649231e-02,6.759573221206665039e-01,3.820443451404571533e-01,-4.116822034120559692e-02,6.744512915611267090e-01,3.298897743225097656e-01,-5.751425400376319885e-02,7.470408678054809570e-01,3.220295906066894531e-01,8.342477958649396896e-04,7.261883616447448730e-01,2.396276295185089111e-01,-2.298229560256004333e-02,7.131845355033874512e-01,1.787469834089279175e-01,-3.747441247105598450e-02,7.077498435974121094e-01,1.293966770172119141e-01,-4.824516922235488892e-02,7.783730030059814453e-01,3.226001858711242676e-01,-1.066889893263578415e-02,7.087353467941284180e-01,2.924138307571411133e-01,-4.722919315099716187e-02,6.875766515731811523e-01,3.612273931503295898e-01,-5.213930085301399231e-02,6.982510685920715332e-01,4.032617807388305664e-01,-4.629252851009368896e-02,8.000856041908264160e-01,3.438162505626678467e-01,-2.633492648601531982e-02,7.213379144668579102e-01,3.383732140064239502e-01,-5.985806137323379517e-02,7.085833549499511719e-01,4.039623439311981201e-01,-4.606626555323600769e-02,7.239078283309936523e-01,4.372934997081756592e-01,-2.852621674537658691e-02,8.115962743759155273e-01,3.822651803493499756e-01,-4.473643377423286438e-02,7.400283217430114746e-01,3.927750587463378906e-01,-6.523007154464721680e-02,7.273632884025573730e-01,4.405022859573364258e-01,-5.558899044990539551e-02,7.405605316162109375e-01,4.666738212108612061e-01,-4.259629175066947937e-02
7.474269866943359375e-01,5.010841488838195801e-01,-4.042503292112087365e-07,7.072620987892150879e-01,4.783067107200622559e-01,-1.423939131200313568e-02,6.738414764404296875e-01,4.290165305137634277e-01,-3.014114499092102051e-02,6.566942930221557617e-01,3.881155550479888916e-01,-4.826780781149864197e-02,6.546484827995300293e-01,3.532266616821289062e-01,-6.626794487237930298e-02,7.221848368644714355e-01,3.127315640449523926e-01,-1.985467784106731415e-02,7.036197185516357422e-01,2.343171834945678711e-01,-4.535143822431564331e-02,6.897586584091186523e-01,1.783054172992706299e-01,-6.018899753689765930e-02,6.823301911354064941e-01,1.364403069019317627e-01,-7.147906720638275146e-02,7.536733746528625488e-01,3.140468597412109375e-01,-2.866882272064685822e-02,6.847290396690368652e-01,3.047418594360351562e-01,-6.173203140497207642e-02,6.673276424407958984e-01,3.692579269409179688e-01,-6.286288797855377197e-02,6.810573935508728027e-01,4.018987417221069336e-01,-5.697234347462654114e-02,7.764406800270080566e-01,3.388624489307403564e-01,-4.072688147425651550e-02,7.035405039787292480e-01,3.417431116104125977e-01,-7.192222774028778076e-02,6.924037933349609375e-01,4.010903835296630859e-01,-5.701272934675216675e-02,7.077074646949768066e-01,4.278692305088043213e-01,-4.145682975649833679e-02,7.922670841217041016e-01,3.789969086647033691e-01,-5.522907897830009460e-02,7.262287139892578125e-01,3.958176970481872559e-01,-7.956670224666595459e-02,7.106858491897583008e-01,4.423856735229492188e-01,-7.115105539560317993e-02,7.204097509384155273e-01,4.674355685710906982e-01,-5.953269079327583313e-02
7.565357685089111328e-01,5.844309926033020020e-01,-3.444619096626411192e-07,6.920890808105468750e-01,5.301142334938049316e-01,-9.369461797177791595e-03,6.582009792327880859e-01,4.586672782897949219e-01,-2.118408121168613434e-02,6.411439180374145508e-01,3.984834551811218262e-01,-3.752934932708740234e-02,6.361842155456542969e-01,3.522581458091735840e-01,-5.342177301645278931e-02,7.207237482070922852e-01,3.292556107044219971e-01,-1.714232726953923702e-03,6.916398406028747559e-01,2.506735622882843018e-01,-2.539976872503757477e-02,6.728752255439758301e-01,1.931487619876861572e-01,-4.041098803281784058e-02,6.620311141014099121e-01,1.457461118698120117e-01,-5.173896625638008118e-02,7.507554292678833008e-01,3.278666138648986816e-01,-1.328172814100980759e-02,6.691988706588745117e-01,3.106570541858673096e-01,-4.900252074003219604e-02,6.533085703849792480e-01,3.812179267406463623e-01,-5.406846106052398682e-02,6.679162383079528809e-01,4.203785657882690430e-01,-4.914829879999160767e-02,7.710109949111938477e-01,3.480277061462402344e-01,-2.849406376481056213e-02,6.833571791648864746e-01,3.580398261547088623e-01,-6.179281696677207947e-02,6.763427257537841797e-01,4.229002892971038818e-01,-4.932957142591476440e-02,6.944519281387329102e-01,4.538538455963134766e-01,-3.314340859651565552e-02,7.811043858528137207e-01,3.847545385360717773e-01,-4.619228839874267578e-02,7.054702043533325195e-01,4.063689410686492920e-01,-6.785485893487930298e-02,6.959139704704284668e-01,4.550992548465728760e-01,-5.983512476086616516e-02,7.099982500076293945e-01,4.811264276504516602e-01,-4.808125644922256470e-02
7.463898658752441406e-01,5.929523706436157227e-01,-3.590642734252469381e-07,6.819340586662292480e-01,5.402520895004272461e-01,-1.036334782838821411e-02,6.485055685043334961e-01,4.697513580322265625e-01,-2.331805229187011719e-02,6.311467885971069336e-01,4.085844457149505615e-01,-4.055907949805259705e-02,6.230402588844299316e-01,3.599013686180114746e-01,-5.747917667031288147e-02,7.080514430999755859e-01,3.388015329837799072e-01,-2.502767601981759071e-03,6.727363467216491699e-01,2.633419632911682129e-01,-2.688954956829547882e-02,6.514732837677001953e-01,2.067161947488784790e-01,-4.231692850589752197e-02,6.392764449119567871e-01,1.585400253534317017e-01,-5.409566685557365417e-02,7.370437979698181152e-01,3.354218900203704834e-01,-1.371343340724706650e-02,6.531633138656616211e-01,3.179085850715637207e-01,-5.004426091909408569e-02,6.399906873703002930e-01,3.904794454574584961e-01,-5.529352277517318726e-02,6.559177041053771973e-01,4.282274842262268066e-01,-5.033990740776062012e-02,7.559636831283569336e-01,3.533324897289276123e-01,-2.866951934993267059e-02,6.670933365821838379e-01,3.644939363002777100e-01,-6.230438873171806335e-02,6.632934808731079102e-01,4.328071177005767822e-01,-5.018240213394165039e-02,6.829186081886291504e-01,4.624279439449310303e-01,-3.442761674523353577e-02,7.648526430130004883e-01,3.876450955867767334e-01,-4.613782092928886414e-02,6.893652081489562988e-01,4.136299788951873779e-01,-6.798744201660156250e-02,6.850158572196960449e-01,4.638633728027343750e-01,-6.074804812669754028e-02,7.022299170494079590e-01,4.864022135734558105e-01,-4.985915496945381165e-02
7.396880388259887695e-01,5.171394348144531250e-01,-4.570343890009098686e-07,6.913586854934692383e-01,4.884924888610839844e-01,-9.492591023445129395e-03,6.530495285987854004e-01,4.366350769996643066e-01,-2.318305894732475281e-02,6.285356283187866211e-01,3.974186480045318604e-01,-3.925706073641777039e-02,6.166810989379882812e-01,3.747377097606658936e-01,-5.551675334572792053e-02,6.928492188453674316e-01,3.246002495288848877e-01,-1.898346841335296631e-02,6.587612628936767578e-01,2.541439831256866455e-01,-4.479026421904563904e-02,6.372402906417846680e-01,2.089253067970275879e-01,-6.183690205216407776e-02,6.213914752006530762e-01,1.716310828924179077e-01,-7.502146065235137939e-02,7.225211262702941895e-01,3.265104889869689941e-01,-2.887157537043094635e-02,6.374840736389160156e-01,3.263795971870422363e-01,-5.569119751453399658e-02,6.260163784027099609e-01,3.894906938076019287e-01,-5.720140039920806885e-02,6.418623924255371094e-01,4.180335402488708496e-01,-5.419413372874259949e-02,7.406619787216186523e-01,3.540287911891937256e-01,-4.109413549304008484e-02,6.525714993476867676e-01,3.661757111549377441e-01,-6.418231129646301270e-02,6.475405693054199219e-01,4.220296740531921387e-01,-5.000562220811843872e-02,6.650645136833190918e-01,4.430595636367797852e-01,-3.796534240245819092e-02,7.498441934585571289e-01,3.945338129997253418e-01,-5.558396503329277039e-02,6.751936078071594238e-01,4.200244545936584473e-01,-7.519716769456863403e-02,6.692556142807006836e-01,4.617422819137573242e-01,-6.776207685470581055e-02,6.841931939125061035e-01,4.791494011878967285e-01,-5.819063633680343628e-02
7.264696955680847168e-01,6.024242639541625977e-01,-3.764749294532521162e-07,6.566138267517089844e-01,5.565509200096130371e-01,-6.878647953271865845e-03,6.180825829505920410e-01,4.848562180995941162e-01,-1.665553078055381775e-02,5.990500450134277344e-01,4.231085181236267090e-01,-3.013057634234428406e-02,5.916756391525268555e-01,3.770412504673004150e-01,-4.344023764133453369e-02,6.802839636802673340e-01,3.543901145458221436e-01,-5.432258360087871552e-03,6.415749788284301758e-01,2.764862477779388428e-01,-2.865963988006114960e-02,6.182014942169189453e-01,2.204577624797821045e-01,-4.363317787647247314e-02,6.034093499183654785e-01,1.717716753482818604e-01,-5.563192069530487061e-02,7.091814279556274414e-01,3.500148653984069824e-01,-1.695435121655464172e-02,6.191388368606567383e-01,3.383828997611999512e-01,-5.003207549452781677e-02,6.076865196228027344e-01,4.101666510105133057e-01,-5.294761806726455688e-02,6.262853145599365234e-01,4.475670456886291504e-01,-4.838115349411964417e-02,7.266294956207275391e-01,3.685199320316314697e-01,-3.156606480479240417e-02,6.337859034538269043e-01,3.815373182296752930e-01,-6.208429858088493347e-02,6.319299340248107910e-01,4.478357732295989990e-01,-4.825980961322784424e-02,6.540195941925048828e-01,4.778193235397338867e-01,-3.326418995857238770e-02,7.343978881835937500e-01,4.034132063388824463e-01,-4.840654879808425903e-02,6.576981544494628906e-01,4.302386343479156494e-01,-7.017962634563446045e-02,6.521863937377929688e-01,4.814918637275695801e-01,-6.285746395587921143e-02,6.688324809074401855e-01,5.073388218879699707e-01,-5.260866507887840271e-02
7.274028658866882324e-01,6.163765192031860352e-01,-4.330884735281870235e-07,6.487216353416442871e-01,5.636197328567504883e-01,-5.028303712606430054e-03,6.063746213912963867e-01,5.011358857154846191e-01,-1.703521795570850372e-02,5.752147436141967773e-01,4.560294151306152344e-01,-3.326375409960746765e-02,5.553344488143920898e-01,4.186483621597290039e-01,-4.915460199117660522e-02,6.756376028060913086e-01,3.604316413402557373e-01,-9.197055478580296040e-04,6.171018481254577637e-01,3.032070398330688477e-01,-2.412626706063747406e-02,5.884264111518859863e-01,2.632920742034912109e-01,-4.001690074801445007e-02,5.735728740692138672e-01,2.248657643795013428e-01,-5.196188390254974365e-02,6.991267204284667969e-01,3.607273399829864502e-01,-1.388791389763355255e-02,6.007473468780517578e-01,3.558926284313201904e-01,-4.477645829319953918e-02,5.904515385627746582e-01,4.236050546169281006e-01,-4.935987293720245361e-02,6.107073426246643066e-01,4.507520794868469238e-01,-4.712293297052383423e-02,7.122685909271240234e-01,3.809532821178436279e-01,-2.997331693768501282e-02,6.141884922981262207e-01,3.983965516090393066e-01,-5.787615850567817688e-02,6.132899522781372070e-01,4.606329500675201416e-01,-4.562842473387718201e-02,6.364460587501525879e-01,4.814805984497070312e-01,-3.267782554030418396e-02,7.167124748229980469e-01,4.162361323833465576e-01,-4.817780107259750366e-02,6.389154195785522461e-01,4.455296099185943604e-01,-6.595513224601745605e-02,6.362462639808654785e-01,4.935868680477142334e-01,-5.768556520342826843e-02,6.550310850143432617e-01,5.131318569183349609e-01,-4.770377278327941895e-02
7.114585638046264648e-01,6.216241121292114258e-01,-3.862559481149219209e-07,6.317269802093505859e-01,5.748562216758728027e-01,-3.031173720955848694e-03,5.885006189346313477e-01,5.128178596496582031e-01,-1.455514319241046906e-02,5.583523511886596680e-01,4.640533626079559326e-01,-3.105629235506057739e-02,5.348430275917053223e-01,4.243335425853729248e-01,-4.717760905623435974e-02,6.470547318458557129e-01,3.776210248470306396e-01,1.118755084462463856e-03,6.033061146736145020e-01,3.117881417274475098e-01,-2.138635888695716858e-02,5.749751329421997070e-01,2.688433825969696045e-01,-3.639847040176391602e-02,5.560363531112670898e-01,2.302524000406265259e-01,-4.792883992195129395e-02,6.738448739051818848e-01,3.730099797248840332e-01,-1.308039203286170959e-02,5.786393880844116211e-01,3.759667873382568359e-01,-4.397029057145118713e-02,5.740164518356323242e-01,4.459944069385528564e-01,-4.787813872098922729e-02,5.975983738899230957e-01,4.778781831264495850e-01,-4.481968283653259277e-02,6.901460289955139160e-01,3.913381397724151611e-01,-3.036684542894363403e-02,5.953000187873840332e-01,4.180723130702972412e-01,-5.872215330600738525e-02,5.995296239852905273e-01,4.817801117897033691e-01,-4.602033272385597229e-02,6.246706843376159668e-01,5.051460266113281250e-01,-3.258856013417243958e-02,6.973316669464111328e-01,4.265072941780090332e-01,-4.952060058712959290e-02,6.215583086013793945e-01,4.627947509288787842e-01,-6.863565742969512939e-02,6.216337680816650391e-01,5.132700204849243164e-01,-6.075773760676383972e-02,6.417301297187805176e-01,5.345056653022766113e-01,-5.077150836586952209e-02
6.987485289573669434e-01,6.353119611740112305e-01,-4.737590586501028156e-07,6.183441281318664551e-01,5.996649265289306641e-01,-5.466450937092304230e-03,5.745179653167724609e-01,5.305068492889404297e-01,-1.475863065570592880e-02,5.515127182006835938e-01,4.668315351009368896e-01,-2.814777567982673645e-02,5.434534549713134766e-01,4.181376397609710693e-01,-4.056963697075843811e-02,6.303358674049377441e-01,3.924894332885742188e-01,6.875392282381653786e-04,5.937663316726684570e-01,3.262493908405303955e-01,-2.331916987895965576e-02,5.640897154808044434e-01,2.871054410934448242e-01,-3.991658985614776611e-02,5.395516753196716309e-01,2.563990950584411621e-01,-5.236236378550529480e-02,6.561430692672729492e-01,3.865663409233093262e-01,-1.156266313046216965e-02,5.594545602798461914e-01,4.020460844039916992e-01,-4.570015892386436462e-02,5.601614713668823242e-01,4.732803106307983398e-01,-5.098732560873031616e-02,5.844221115112304688e-01,5.089573264122009277e-01,-4.823114722967147827e-02,6.715452671051025391e-01,4.051619768142700195e-01,-2.729265764355659485e-02,5.760256052017211914e-01,4.436213076114654541e-01,-6.008342280983924866e-02,5.868191123008728027e-01,5.089491605758666992e-01,-4.847497865557670593e-02,6.134526133537292480e-01,5.349296927452087402e-01,-3.453221544623374939e-02,6.786665916442871094e-01,4.410098791122436523e-01,-4.498966038227081299e-02,6.025799512863159180e-01,4.841287136077880859e-01,-6.921520829200744629e-02,6.083928346633911133e-01,5.362239480018615723e-01,-6.372300535440444946e-02,6.305620074272155762e-01,5.578871965408325195e-01,-5.428729578852653503e-02
6.833807229995727539e-01,6.462757587432861328e-01,-4.137583289320900803e-07,6.038041114807128906e-01,6.176362037658691406e-01,-7.806430105119943619e-03,5.570755600929260254e-01,5.595538616180419922e-01,-2.056366764008998871e-02,5.273953080177307129e-01,5.106853842735290527e-01,-3.708618506789207458e-02,5.118981599807739258e-01,4.758785367012023926e-01,-5.336867272853851318e-02,6.039217710494995117e-01,4.043809175491333008e-01,-8.962339721620082855e-03,5.633803009986877441e-01,3.340817391872406006e-01,-3.727529570460319519e-02,5.241947770118713379e-01,2.932122349739074707e-01,-5.801321566104888916e-02,4.898571968078613281e-01,2.666704058647155762e-01,-7.292200624942779541e-02,6.306991577148437500e-01,3.982774615287780762e-01,-2.131186798214912415e-02,5.375961065292358398e-01,4.231507778167724609e-01,-5.777789652347564697e-02,5.366674065589904785e-01,4.929120242595672607e-01,-6.544129550457000732e-02,5.595995783805847168e-01,5.269540548324584961e-01,-6.484805792570114136e-02,6.487874388694763184e-01,4.202171266078948975e-01,-3.690795227885246277e-02,5.562869906425476074e-01,4.656344056129455566e-01,-6.944892555475234985e-02,5.675077438354492188e-01,5.264756083488464355e-01,-5.931271240115165710e-02,5.944697856903076172e-01,5.521381497383117676e-01,-4.723123833537101746e-02,6.588997244834899902e-01,4.606478512287139893e-01,-5.482534691691398621e-02,5.856888890266418457e-01,5.109875202178955078e-01,-7.907211780548095703e-02,5.912551283836364746e-01,5.595303773880004883e-01,-7.439141720533370972e-02,6.134587526321411133e-01,5.792340636253356934e-01,-6.570744514465332031e-02
6.814269423484802246e-01,6.582010388374328613e-01,-3.960202548114466481e-07,5.983014106750488281e-01,6.400110721588134766e-01,-8.529474027454853058e-03,5.481908321380615234e-01,5.966278910636901855e-01,-2.675741910934448242e-02,5.150378346443176270e-01,5.680522322654724121e-01,-4.950819537043571472e-02,4.957863390445709229e-01,5.433573126792907715e-01,-7.181385159492492676e-02,5.751550793647766113e-01,4.235587716102600098e-01,-1.168132666498422623e-02,5.279470682144165039e-01,3.593676984310150146e-01,-4.495880752801895142e-02,4.889802336692810059e-01,3.286900520324707031e-01,-6.933121383190155029e-02,4.578141570091247559e-01,3.136199116706848145e-01,-8.521648496389389038e-02,6.027348041534423828e-01,4.172471463680267334e-01,-2.574636042118072510e-02,5.162037611007690430e-01,4.583458602428436279e-01,-6.308812648057937622e-02,5.229198932647705078e-01,5.281918048858642578e-01,-7.116385549306869507e-02,5.508320927619934082e-01,5.523537397384643555e-01,-7.161201536655426025e-02,6.236196756362915039e-01,4.402828514575958252e-01,-4.354476928710937500e-02,5.375905632972717285e-01,4.900421500205993652e-01,-7.433632016181945801e-02,5.501049757003784180e-01,5.498216748237609863e-01,-6.097111850976943970e-02,5.764753222465515137e-01,5.661450624465942383e-01,-4.819290712475776672e-02,6.377612948417663574e-01,4.814691841602325439e-01,-6.396824866533279419e-02,5.708653926849365234e-01,5.302054882049560547e-01,-8.238065242767333984e-02,5.801048874855041504e-01,5.737111568450927734e-01,-7.216798514127731323e-02,6.034874320030212402e-01,5.822674036026000977e-01,-6.109226122498512268e-02
6.904838681221008301e-01,6.847757101058959961e-01,-8.987868795884423889e-07,5.939595103263854980e-01,6.573171615600585938e-01,-9.878767887130379677e-04,5.416531562805175781e-01,6.083434820175170898e-01,-1.355662569403648376e-02,5.080770850181579590e-01,5.703301429748535156e-01,-3.167731314897537231e-02,4.871052503585815430e-01,5.375847816467285156e-01,-4.777256771922111511e-02,5.751274824142456055e-01,4.394813776016235352e-01,4.186129663139581680e-03,4.929862022399902344e-01,4.582876265048980713e-01,-3.176067396998405457e-02,4.805652499198913574e-01,5.203871726989746094e-01,-5.823723599314689636e-02,4.926975667476654053e-01,5.646338462829589844e-01,-7.189102470874786377e-02,5.937232375144958496e-01,4.353635609149932861e-01,-1.061685476452112198e-02,4.963738322257995605e-01,4.978554844856262207e-01,-4.365881532430648804e-02,5.047826170921325684e-01,5.699349045753479004e-01,-5.525735020637512207e-02,5.331289172172546387e-01,5.982698202133178711e-01,-5.874545499682426453e-02,6.094705462455749512e-01,4.551473557949066162e-01,-2.921006083488464355e-02,5.169311165809631348e-01,5.233395099639892578e-01,-5.809161812067031860e-02,5.355502963066101074e-01,5.883012413978576660e-01,-5.107324197888374329e-02,5.663166046142578125e-01,6.098351478576660156e-01,-4.200733080506324768e-02,6.219099164009094238e-01,4.913556277751922607e-01,-4.918253421783447266e-02,5.538200139999389648e-01,5.537747144699096680e-01,-6.749370694160461426e-02,5.678958296775817871e-01,6.009752154350280762e-01,-6.067951396107673645e-02,5.928606986999511719e-01,6.113025546073913574e-01,-5.092331022024154663e-02
6.630865931510925293e-01,6.791419982910156250e-01,-3.421258440994279226e-07,5.822557210922241211e-01,6.605851650238037109e-01,1.555976108647882938e-03,5.355753898620605469e-01,6.048308014869689941e-01,-4.465074278414249420e-03,5.047906041145324707e-01,5.584474802017211914e-01,-1.509527489542961121e-02,4.847742915153503418e-01,5.285260677337646484e-01,-2.617499791085720062e-02,5.499323606491088867e-01,4.688713848590850830e-01,-1.101086148992180824e-03,4.989598095417022705e-01,4.183463454246520996e-01,-2.137395925819873810e-02,4.634383916854858398e-01,3.858175277709960938e-01,-3.516833111643791199e-02,4.335070848464965820e-01,3.595055341720581055e-01,-4.590702429413795471e-02,5.732563138008117676e-01,4.617155194282531738e-01,-1.514408085495233536e-02,4.834211170673370361e-01,5.094262361526489258e-01,-4.531207308173179626e-02,4.934144318103790283e-01,5.779101252555847168e-01,-4.976124688982963562e-02,5.202981233596801758e-01,6.066760420799255371e-01,-4.689069092273712158e-02,5.922067165374755859e-01,4.823341965675354004e-01,-3.087211400270462036e-02,5.062996149063110352e-01,5.440609455108642578e-01,-6.010069325566291809e-02,5.236451625823974609e-01,6.009033322334289551e-01,-5.076368525624275208e-02,5.524795651435852051e-01,6.198391318321228027e-01,-3.856075555086135864e-02,6.060883998870849609e-01,5.202524065971374512e-01,-4.733566194772720337e-02,5.405142307281494141e-01,5.780842900276184082e-01,-7.006279379129409790e-02,5.518271327018737793e-01,6.221409440040588379e-01,-6.533695012331008911e-02,5.762547254562377930e-01,6.357281804084777832e-01,-5.622092634439468384e-02
6.587487459182739258e-01,6.964226365089416504e-01,-3.543393063409894239e-07,5.717854499816894531e-01,6.855641603469848633e-01,-8.199384901672601700e-04,5.222630500793457031e-01,6.370990872383117676e-01,-1.022040843963623047e-02,4.864397346973419189e-01,5.921392440795898438e-01,-2.463174052536487579e-02,4.628003835678100586e-01,5.575528740882873535e-01,-3.991938754916191101e-02,5.356383919715881348e-01,4.948940277099609375e-01,-4.130799323320388794e-03,4.732636213302612305e-01,4.518790841102600098e-01,-2.596861869096755981e-02,4.379208981990814209e-01,4.146472215652465820e-01,-4.124452918767929077e-02,4.109024703502655029e-01,3.782807886600494385e-01,-5.374484509229660034e-02,5.570737123489379883e-01,4.840370714664459229e-01,-1.821040175855159760e-02,4.620510935783386230e-01,5.386394858360290527e-01,-5.028921365737915039e-02,4.753211438655853271e-01,6.039776802062988281e-01,-5.485389009118080139e-02,5.056426525115966797e-01,6.263821125030517578e-01,-5.300750210881233215e-02,5.750287175178527832e-01,5.026940107345581055e-01,-3.430760651826858521e-02,4.849348366260528564e-01,5.692273378372192383e-01,-6.417335569858551025e-02,5.054340958595275879e-01,6.260256171226501465e-01,-5.255692824721336365e-02,5.367133021354675293e-01,6.420257687568664551e-01,-3.994485363364219666e-02,5.901743769645690918e-01,5.395783185958862305e-01,-5.173773318529129028e-02,5.256392955780029297e-01,6.056463122367858887e-01,-7.436218112707138062e-02,5.388407111167907715e-01,6.469563841819763184e-01,-6.948417425155639648e-02,5.637037754058837891e-01,6.551936864852905273e-01,-6.123083457350730896e-02
6.480817198753356934e-01,7.055445313453674316e-01,-3.463001689851807896e-07,5.734574198722839355e-01,6.878574490547180176e-01,-7.142170215956866741e-04,5.302758812904357910e-01,6.377208828926086426e-01,-9.237376041710376740e-03,5.015112161636352539e-01,5.909476876258850098e-01,-2.232808619737625122e-02,4.815078079700469971e-01,5.623027682304382324e-01,-3.569047898054122925e-02,5.274842977523803711e-01,5.114766955375671387e-01,-6.758885923773050308e-03,4.620708823204040527e-01,4.606992602348327637e-01,-3.203124925494194031e-02,4.216506183147430420e-01,4.250415861606597900e-01,-4.952368885278701782e-02,3.880338966846466064e-01,3.930760622024536133e-01,-6.328108906745910645e-02,5.471383333206176758e-01,5.035365223884582520e-01,-2.022787369787693024e-02,4.529280364513397217e-01,5.520751476287841797e-01,-5.384754016995429993e-02,4.696259498596191406e-01,6.138852834701538086e-01,-5.790628492832183838e-02,4.999886751174926758e-01,6.322382092475891113e-01,-5.569109693169593811e-02,5.632031559944152832e-01,5.217897295951843262e-01,-3.581254556775093079e-02,4.753894507884979248e-01,5.867561101913452148e-01,-6.503280252218246460e-02,4.994879364967346191e-01,6.391148567199707031e-01,-5.228378996253013611e-02,5.317085385322570801e-01,6.488948464393615723e-01,-3.946992754936218262e-02,5.776739120483398438e-01,5.563675761222839355e-01,-5.290300771594047546e-02,5.139521956443786621e-01,6.226934194564819336e-01,-7.550355046987533569e-02,5.306108593940734863e-01,6.632015109062194824e-01,-7.002552598714828491e-02,5.570210814476013184e-01,6.672037839889526367e-01,-6.156353652477264404e-02
6.394219994544982910e-01,7.186205983161926270e-01,-3.229736478260747390e-07,5.497340559959411621e-01,7.184585928916931152e-01,-6.696247495710849762e-03,4.944060146808624268e-01,6.768863201141357422e-01,-1.840610243380069733e-02,4.542573094367980957e-01,6.356428861618041992e-01,-3.421260789036750793e-02,4.279680848121643066e-01,6.152178049087524414e-01,-5.008415132761001587e-02,5.038181543350219727e-01,5.297362804412841797e-01,-7.331450469791889191e-03,4.424070119857788086e-01,4.842809140682220459e-01,-3.159434348344802856e-02,4.012379646301269531e-01,4.525491595268249512e-01,-4.846476763486862183e-02,3.664249181747436523e-01,4.261789321899414062e-01,-6.218385323882102966e-02,5.261776447296142578e-01,5.216178894042968750e-01,-2.014969848096370697e-02,4.357295632362365723e-01,5.837755799293518066e-01,-5.622917041182518005e-02,4.537965655326843262e-01,6.470137834548950195e-01,-6.130978092551231384e-02,4.841830730438232422e-01,6.624586582183837891e-01,-5.884024500846862793e-02,5.445993542671203613e-01,5.429394841194152832e-01,-3.579863905906677246e-02,4.614927470684051514e-01,6.186468005180358887e-01,-6.848400831222534180e-02,4.855110943317413330e-01,6.702623367309570312e-01,-5.661521479487419128e-02,5.154451727867126465e-01,6.763166189193725586e-01,-4.313946887850761414e-02,5.596334934234619141e-01,5.825567841529846191e-01,-5.358541384339332581e-02,5.002990961074829102e-01,6.555929183959960938e-01,-7.733760774135589600e-02,5.163434743881225586e-01,6.935936212539672852e-01,-7.229226827621459961e-02,5.413095355033874512e-01,6.931679844856262207e-01,-6.383875012397766113e-02
6.313538551330566406e-01,7.390186786651611328e-01,-3.209069348031334812e-07,5.392741560935974121e-01,7.406387925148010254e-01,-8.297622203826904297e-03,4.839121997356414795e-01,6.975389719009399414e-01,-2.174887992441654205e-02,4.413932561874389648e-01,6.533826589584350586e-01,-3.886832669377326965e-02,4.160182476043701172e-01,6.382926702499389648e-01,-5.631764233112335205e-02,4.933025538921356201e-01,5.475899577140808105e-01,-8.803032338619232178e-03,4.255672395229339600e-01,5.117949843406677246e-01,-3.262038156390190125e-02,3.827801644802093506e-01,4.832470715045928955e-01,-4.828707128763198853e-02,3.465829491615295410e-01,4.548931121826171875e-01,-6.144726648926734924e-02,5.145555734634399414e-01,5.384585261344909668e-01,-2.114597335457801819e-02,4.222873449325561523e-01,6.076310873031616211e-01,-5.655481293797492981e-02,4.461544752120971680e-01,6.711651086807250977e-01,-5.994332209229469299e-02,4.779637455940246582e-01,6.835860013961791992e-01,-5.628114938735961914e-02,5.318819880485534668e-01,5.595586299896240234e-01,-3.643385693430900574e-02,4.512766599655151367e-01,6.465442776679992676e-01,-6.846404075622558594e-02,4.796558618545532227e-01,6.957286000251770020e-01,-5.621303990483283997e-02,5.103541016578674316e-01,6.968240737915039062e-01,-4.280059039592742920e-02,5.455911159515380859e-01,5.993423461914062500e-01,-5.403797701001167297e-02,4.886323809623718262e-01,6.827898621559143066e-01,-7.658675312995910645e-02,5.090045332908630371e-01,7.198029160499572754e-01,-7.147730886936187744e-02,5.343211293220520020e-01,7.174490690231323242e-01,-6.349321454763412476e-02
6.259244084358215332e-01,7.571824789047241211e-01,-3.616255526139866561e-07,5.358303785324096680e-01,7.562164068222045898e-01,-3.319491166621446609e-03,4.830770790576934814e-01,7.168365716934204102e-01,-1.427617296576499939e-02,4.426966905593872070e-01,6.820663809776306152e-01,-2.945560216903686523e-02,4.150155782699584961e-01,6.648113727569580078e-01,-4.502498731017112732e-02,4.883859753608703613e-01,5.706947445869445801e-01,-7.458850275725126266e-03,4.149809777736663818e-01,5.399385690689086914e-01,-3.184597939252853394e-02,3.695591092109680176e-01,5.117187500000000000e-01,-4.954523593187332153e-02,3.315482735633850098e-01,4.838036894798278809e-01,-6.419691443443298340e-02,5.043739080429077148e-01,5.633449554443359375e-01,-2.059904672205448151e-02,4.080671370029449463e-01,6.357129812240600586e-01,-5.420651659369468689e-02,4.306872189044952393e-01,6.981503963470458984e-01,-5.840935558080673218e-02,4.628181457519531250e-01,7.102461457252502441e-01,-5.650748685002326965e-02,5.178543329238891602e-01,5.840755701065063477e-01,-3.598292544484138489e-02,4.338929057121276855e-01,6.711863875389099121e-01,-6.484289467334747314e-02,4.618253707885742188e-01,7.190843224525451660e-01,-5.220081284642219543e-02,4.937607944011688232e-01,7.202500700950622559e-01,-3.999532759189605713e-02,5.299415588378906250e-01,6.219803094863891602e-01,-5.339822173118591309e-02,4.730951488018035889e-01,7.046155333518981934e-01,-7.514237612485885620e-02,4.932821989059448242e-01,7.440883517265319824e-01,-6.967198103666305542e-02,5.198332071304321289e-01,7.436357140541076660e-01,-6.166609376668930054e-02
5.807966589927673340e-01,7.476978302001953125e-01,-1.526869795043239719e-07,5.226143002510070801e-01,7.572356462478637695e-01,6.443970371037721634e-03,4.748111367225646973e-01,7.174682021141052246e-01,-1.436344697140157223e-03,4.427357614040374756e-01,6.842136383056640625e-01,-1.234514918178319931e-02,4.196592569351196289e-01,6.676780581474304199e-01,-2.531328238546848297e-02,4.814696311950683594e-01,5.926284193992614746e-01,-1.513330545276403427e-02,4.152596592903137207e-01,5.693781375885009766e-01,-3.455753251910209656e-02,3.685786426067352295e-01,5.457963943481445312e-01,-4.922633618116378784e-02,3.303814828395843506e-01,5.215883255004882812e-01,-6.201649084687232971e-02,4.948733747005462646e-01,5.851258635520935059e-01,-3.037150576710700989e-02,4.069935083389282227e-01,6.499564051628112793e-01,-5.167936906218528748e-02,4.281714856624603271e-01,6.968615055084228516e-01,-5.040860921144485474e-02,4.576396644115447998e-01,7.046524286270141602e-01,-4.751520231366157532e-02,5.074780583381652832e-01,6.058406829833984375e-01,-4.523877054452896118e-02,4.290582239627838135e-01,6.863149404525756836e-01,-6.496104598045349121e-02,4.576007723808288574e-01,7.241597175598144531e-01,-5.009518936276435852e-02,4.910266995429992676e-01,7.226747870445251465e-01,-3.850587457418441772e-02,5.186944603919982910e-01,6.407880187034606934e-01,-6.027321889996528625e-02,4.636089205741882324e-01,7.194851636886596680e-01,-8.081350475549697876e-02,4.865887761116027832e-01,7.578097581863403320e-01,-7.450129091739654541e-02,5.146101713180541992e-01,7.614655494689941406e-01,-6.688421964645385742e-02
6.120033264160156250e-01,7.846391201019287109e-01,-3.300053208477038424e-07,5.247429609298706055e-01,7.946038246154785156e-01,-2.523242263123393059e-03,4.702605307102203369e-01,7.589812874794006348e-01,-1.177945826202630997e-02,4.309740960597991943e-01,7.226758003234863281e-01,-2.480304799973964691e-02,4.052523970603942871e-01,7.025082707405090332e-01,-3.805685043334960938e-02,4.708214104175567627e-01,6.133290529251098633e-01,-9.578109718859195709e-03,3.918967545032501221e-01,5.890782475471496582e-01,-3.228214383125305176e-02,3.438907265663146973e-01,5.635688900947570801e-01,-4.833161085844039917e-02,3.034621775150299072e-01,5.381804108619689941e-01,-6.244052946567535400e-02,4.843697547912597656e-01,6.037028431892395020e-01,-2.181093022227287292e-02,3.906962275505065918e-01,6.797572970390319824e-01,-5.275142192840576172e-02,4.169216752052307129e-01,7.323339581489562988e-01,-5.571986734867095947e-02,4.484694600105285645e-01,7.365702390670776367e-01,-5.418417602777481079e-02,4.963741600513458252e-01,6.232944726943969727e-01,-3.589318692684173584e-02,4.176276326179504395e-01,7.170962095260620117e-01,-6.216249614953994751e-02,4.490532875061035156e-01,7.555412054061889648e-01,-5.012031644582748413e-02,4.800684750080108643e-01,7.488819360733032227e-01,-3.977663442492485046e-02,5.072676539421081543e-01,6.609910130500793457e-01,-5.190863460302352905e-02,4.571093916893005371e-01,7.480728030204772949e-01,-7.389158755540847778e-02,4.800492525100708008e-01,7.822780609130859375e-01,-7.046923041343688965e-02,5.049147009849548340e-01,7.768897414207458496e-01,-6.451529264450073242e-02
5.663585662841796875e-01,7.527965307235717773e-01,-8.365783799035853008e-08,5.280443429946899414e-01,7.384072542190551758e-01,3.005363105330616236e-04,4.842554926872253418e-01,7.080312371253967285e-01,-8.138137869536876678e-03,4.470247030258178711e-01,6.925287842750549316e-01,-1.816697418689727783e-02,4.212602376937866211e-01,6.973178386688232422e-01,-2.995420992374420166e-02,4.757485687732696533e-01,6.242183446884155273e-01,-1.556848455220460892e-02,4.141476750373840332e-01,6.186901330947875977e-01,-3.434693068265914917e-02,3.720826506614685059e-01,6.068198084831237793e-01,-4.373053833842277527e-02,3.419324755668640137e-01,5.928958058357238770e-01,-5.020060390233993530e-02,4.795192182064056396e-01,6.280134320259094238e-01,-2.740689925849437714e-02,3.978364467620849609e-01,6.871160864830017090e-01,-5.044585466384887695e-02,4.119138121604919434e-01,7.288132905960083008e-01,-5.034176260232925415e-02,4.367261528968811035e-01,7.381273508071899414e-01,-4.542542994022369385e-02,4.859947860240936279e-01,6.542230248451232910e-01,-3.955763205885887146e-02,4.166809916496276855e-01,7.260232567787170410e-01,-6.270594149827957153e-02,4.401457905769348145e-01,7.620801329612731934e-01,-5.366731435060501099e-02,4.653175175189971924e-01,7.593620419502258301e-01,-4.260112717747688293e-02,4.951766431331634521e-01,6.912159323692321777e-01,-5.172329023480415344e-02,4.490621387958526611e-01,7.615538835525512695e-01,-7.271268218755722046e-02,4.681501984596252441e-01,7.905090451240539551e-01,-6.931608915328979492e-02,4.903971850872039795e-01,7.877119183540344238e-01,-6.195277720689773560e-02
5.705931782722473145e-01,7.852995395660400391e-01,-1.717132391831910354e-07,5.101213455200195312e-01,8.019796013832092285e-01,-4.173500463366508484e-03,4.569962024688720703e-01,7.745141983032226562e-01,-1.516885031014680862e-02,4.175836443901062012e-01,7.497363686561584473e-01,-2.740359120070934296e-02,3.943011164665222168e-01,7.460039258003234863e-01,-4.022686183452606201e-02,4.581359922885894775e-01,6.471003890037536621e-01,-2.103785611689090729e-02,3.845263719558715820e-01,6.374691724777221680e-01,-4.570300132036209106e-02,3.341050148010253906e-01,6.201770901679992676e-01,-6.469395011663436890e-02,2.907366752624511719e-01,6.005160212516784668e-01,-8.137458562850952148e-02,4.664957821369171143e-01,6.424191594123840332e-01,-3.218070417642593384e-02,3.797453045845031738e-01,7.219545245170593262e-01,-5.798852816224098206e-02,4.081519842147827148e-01,7.613798379898071289e-01,-5.847599357366561890e-02,4.398146867752075195e-01,7.549750804901123047e-01,-5.714759975671768188e-02,4.759771525859832764e-01,6.668261885643005371e-01,-4.463413357734680176e-02,3.992704451084136963e-01,7.562734484672546387e-01,-6.682373583316802979e-02,4.331190586090087891e-01,7.891721129417419434e-01,-5.369402468204498291e-02,4.651575088500976562e-01,7.757738828659057617e-01,-4.442889615893363953e-02,4.871205687522888184e-01,7.073348164558410645e-01,-5.888847634196281433e-02,4.402740001678466797e-01,7.955245971679687500e-01,-8.333215862512588501e-02,4.658502340316772461e-01,8.256431818008422852e-01,-8.168611675500869751e-02,4.912523329257965088e-01,8.171210885047912598e-01,-7.741394639015197754e-02
6.003611683845520020e-01,8.246593475341796875e-01,-3.685728415803168900e-07,5.132684111595153809e-01,8.466930985450744629e-01,-1.793591654859483242e-03,4.530110061168670654e-01,8.266693949699401855e-01,-1.390245556831359863e-02,4.015739858150482178e-01,8.130559325218200684e-01,-3.017933666706085205e-02,3.608950972557067871e-01,8.124704360961914062e-01,-4.679831489920616150e-02,4.427578151226043701e-01,6.734329462051391602e-01,-9.310776367783546448e-03,3.642438054084777832e-01,6.613470315933227539e-01,-3.232105821371078491e-02,3.164125978946685791e-01,6.435275673866271973e-01,-4.922878369688987732e-02,2.747281193733215332e-01,6.250799894332885742e-01,-6.357864290475845337e-02,4.550462663173675537e-01,6.654244065284729004e-01,-2.280054613947868347e-02,3.720164597034454346e-01,7.651234269142150879e-01,-5.658749118447303772e-02,4.062286615371704102e-01,8.150421380996704102e-01,-6.170352175831794739e-02,4.418934583663940430e-01,8.194753527641296387e-01,-6.063935160636901855e-02,4.679099321365356445e-01,6.857317090034484863e-01,-3.778615593910217285e-02,3.970906734466552734e-01,7.923759222030639648e-01,-6.671293824911117554e-02,4.344787299633026123e-01,8.304579854011535645e-01,-5.503520369529724121e-02,4.681749343872070312e-01,8.269315958023071289e-01,-4.346114024519920349e-02,4.813819229602813721e-01,7.228702902793884277e-01,-5.445261672139167786e-02,4.376026093959808350e-01,8.167532682418823242e-01,-7.856366783380508423e-02,4.639566242694854736e-01,8.506680130958557129e-01,-7.531207054853439331e-02,4.907118082046508789e-01,8.472993373870849609e-01,-6.828013807535171509e-02
5.403267145156860352e-01,7.851067185401916504e-01,-3.103905399370887608e-08,5.137358307838439941e-01,7.564104795455932617e-01,-6.473609118984313682e-06,4.697398543357849121e-01,7.341380119323730469e-01,-2.787842182442545891e-03,4.335677921772003174e-01,7.316244244575500488e-01,-6.080754101276397705e-03,4.084746539592742920e-01,7.431405186653137207e-01,-1.092945784330368042e-02,4.566413164138793945e-01,6.817083954811096191e-01,-1.915417797863483429e-02,3.978899717330932617e-01,6.773296594619750977e-01,-3.049012459814548492e-02,3.566518723964691162e-01,6.734828352928161621e-01,-3.679930046200752258e-02,3.253782391548156738e-01,6.713968515396118164e-01,-4.179738834500312805e-02,4.611157774925231934e-01,6.917369365692138672e-01,-2.599433250725269318e-02,4.032628536224365234e-01,7.300981283187866211e-01,-3.857869654893875122e-02,3.815209269523620605e-01,7.663297057151794434e-01,-4.262072592973709106e-02,3.716480731964111328e-01,7.938430309295654297e-01,-4.504176974296569824e-02,4.697492122650146484e-01,7.199246883392333984e-01,-3.176982700824737549e-02,4.185934960842132568e-01,7.632321715354919434e-01,-4.494116455316543579e-02,3.990523219108581543e-01,8.011131882667541504e-01,-4.574157297611236572e-02,3.893894851207733154e-01,8.274485468864440918e-01,-4.522535949945449829e-02,4.809511601924896240e-01,7.594212293624877930e-01,-3.703102469444274902e-02,4.480662345886230469e-01,8.001693487167358398e-01,-5.027826130390167236e-02,4.363349676132202148e-01,8.271675705909729004e-01,-5.162387713789939880e-02,4.320628643035888672e-01,8.469332456588745117e-01,-5.027398839592933655e-02
5.599172115325927734e-01,8.034389019012451172e-01,-8.243803506502445089e-08,5.207814574241638184e-01,7.835846543312072754e-01,1.883274991996586323e-03,4.661105871200561523e-01,7.752850651741027832e-01,-9.113671258091926575e-03,4.170984625816345215e-01,8.069704174995422363e-01,-2.212215401232242584e-02,3.831820785999298096e-01,8.447583913803100586e-01,-3.765354305505752563e-02,4.477784931659698486e-01,7.088575363159179688e-01,-2.148110419511795044e-02,3.741564154624938965e-01,7.110918760299682617e-01,-3.990808501839637756e-02,3.253886103630065918e-01,7.025061249732971191e-01,-5.228338390588760376e-02,2.862566113471984863e-01,6.914775967597961426e-01,-6.312099844217300415e-02,4.485090076923370361e-01,7.180805206298828125e-01,-3.256915882229804993e-02,3.729693591594696045e-01,7.954425215721130371e-01,-5.198248475790023804e-02,3.944785594940185547e-01,8.258095383644104004e-01,-5.111714452505111694e-02,4.203724265098571777e-01,8.234830498695373535e-01,-4.919514060020446777e-02,4.549770057201385498e-01,7.472340464591979980e-01,-4.296341165900230408e-02,3.924843370914459229e-01,8.330655694007873535e-01,-5.779311805963516235e-02,4.227143824100494385e-01,8.553059101104736328e-01,-4.769478738307952881e-02,4.490009248256683350e-01,8.452774286270141602e-01,-4.106441140174865723e-02,4.663848876953125000e-01,7.851271033287048340e-01,-5.375295132398605347e-02,4.312255680561065674e-01,8.646360039710998535e-01,-7.087860256433486938e-02,4.564944803714752197e-01,8.846998214721679688e-01,-6.810367107391357422e-02,4.790880084037780762e-01,8.772557377815246582e-01,-6.371831148862838745e-02
5.949720144271850586e-01,8.773068189620971680e-01,-2.829466154707915848e-07,5.112172365188598633e-01,9.013066887855529785e-01,-4.658454097807407379e-03,4.463351070880889893e-01,8.840388059616088867e-01,-1.610482297837734222e-02,3.951293230056762695e-01,8.731616735458374023e-01,-3.062016703188419342e-02,3.561974763870239258e-01,8.776028752326965332e-01,-4.458470270037651062e-02,4.300424456596374512e-01,7.390841841697692871e-01,-9.511984884738922119e-03,3.512453138828277588e-01,7.335746288299560547e-01,-3.010774776339530945e-02,3.029702901840209961e-01,7.218735814094543457e-01,-4.415285959839820862e-02,2.627787888050079346e-01,7.084859609603881836e-01,-5.622200295329093933e-02,4.404180347919464111e-01,7.355940341949462891e-01,-2.088130638003349304e-02,3.641283214092254639e-01,8.282957077026367188e-01,-5.169815197587013245e-02,3.931265771389007568e-01,8.674977421760559082e-01,-5.626823008060455322e-02,4.232222437858581543e-01,8.649228811264038086e-01,-5.537468567490577698e-02,4.520907402038574219e-01,7.575107812881469727e-01,-3.377977013587951660e-02,3.908980488777160645e-01,8.615379333496093750e-01,-5.982144922018051147e-02,4.233242571353912354e-01,8.897192478179931641e-01,-4.945451393723487854e-02,4.498541057109832764e-01,8.791806697845458984e-01,-3.969655558466911316e-02,4.657201468944549561e-01,7.949070930480957031e-01,-4.862710461020469666e-02,4.317443370819091797e-01,8.871249556541442871e-01,-6.938195973634719849e-02,4.582915306091308594e-01,9.132385849952697754e-01,-6.589413434267044067e-02,4.814390540122985840e-01,9.038230180740356445e-01,-5.962213501334190369e-02
4.568473696708679199e-01,7.729243636131286621e-01,1.701811100929262466e-07,4.322423636913299561e-01,7.601820826530456543e-01,-6.758654490113258362e-03,3.999515771865844727e-01,7.740440964698791504e-01,-1.804239675402641296e-02,3.758163452148437500e-01,7.925946712493896484e-01,-2.843516506254673004e-02,3.578328490257263184e-01,8.127384185791015625e-01,-4.081413149833679199e-02,3.715819418430328369e-01,7.613746523857116699e-01,-3.701803833246231079e-02,3.189035356044769287e-01,7.539657354354858398e-01,-5.606119707226753235e-02,2.856319248676300049e-01,7.484880089759826660e-01,-6.639577448368072510e-02,2.610818445682525635e-01,7.427582144737243652e-01,-7.368940114974975586e-02,3.839252293109893799e-01,7.892768979072570801e-01,-4.301495477557182312e-02,3.525873720645904541e-01,8.395377397537231445e-01,-6.387297064065933228e-02,3.676575422286987305e-01,8.443626165390014648e-01,-6.698293238878250122e-02,3.812950551509857178e-01,8.345779180526733398e-01,-6.765971332788467407e-02,4.060478806495666504e-01,8.205463886260986328e-01,-4.815402626991271973e-02,3.775134086608886719e-01,8.735106587409973145e-01,-6.677759438753128052e-02,3.919570744037628174e-01,8.716098070144653320e-01,-5.935944616794586182e-02,4.027546644210815430e-01,8.592586517333984375e-01,-5.251519381999969482e-02,4.323462843894958496e-01,8.471628427505493164e-01,-5.311254039406776428e-02,4.196197986602783203e-01,8.897816538810729980e-01,-6.991656124591827393e-02,4.268054366111755371e-01,8.870592713356018066e-01,-6.610829383134841919e-02,4.317101240158081055e-01,8.752221465110778809e-01,-6.064102798700332642e-02
4.773199856281280518e-01,7.911059856414794922e-01,1.052963867209655291e-07,4.488643705844879150e-01,7.674718499183654785e-01,-5.772447679191827774e-03,4.094509482383728027e-01,7.810886502265930176e-01,-1.232692506164312363e-02,3.771158158779144287e-01,8.119220137596130371e-01,-1.806993782520294189e-02,3.545114696025848389e-01,8.342995047569274902e-01,-2.519836463034152985e-02,3.876079618930816650e-01,7.793338894844055176e-01,-2.459903992712497711e-02,3.449089229106903076e-01,7.733503580093383789e-01,-4.026769474148750305e-02,3.156376183032989502e-01,7.697306275367736816e-01,-4.864282906055450439e-02,2.936444878578186035e-01,7.638013958930969238e-01,-5.427062883973121643e-02,3.966227769851684570e-01,8.084241747856140137e-01,-2.873747050762176514e-02,3.622741997241973877e-01,8.629199862480163574e-01,-4.537759721279144287e-02,3.718301355838775635e-01,8.676360249519348145e-01,-4.778522253036499023e-02,3.817607164382934570e-01,8.576655387878417969e-01,-4.744983837008476257e-02,4.157644212245941162e-01,8.384343385696411133e-01,-3.261944279074668884e-02,3.836902379989624023e-01,8.942484855651855469e-01,-4.880942031741142273e-02,3.953701853752136230e-01,8.949357867240905762e-01,-4.335543513298034668e-02,4.036589264869689941e-01,8.838521242141723633e-01,-3.702021762728691101e-02,4.403954446315765381e-01,8.638089895248413086e-01,-3.626436740159988403e-02,4.266478717327117920e-01,9.117501378059387207e-01,-5.057708173990249634e-02,4.303046464920043945e-01,9.178851246833801270e-01,-4.911284148693084717e-02,4.316219091415405273e-01,9.143328666687011719e-01,-4.521827772259712219e-02
4.873578846454620361e-01,8.283590078353881836e-01,1.175147374965490599e-07,4.663082957267761230e-01,7.960225939750671387e-01,-3.897262271493673325e-03,4.312916100025177002e-01,7.908608317375183105e-01,-9.788416326045989990e-03,4.052242338657379150e-01,8.164718747138977051e-01,-1.494168303906917572e-02,3.918257653713226318e-01,8.459984660148620605e-01,-2.161596156656742096e-02,4.030390381813049316e-01,7.932526469230651855e-01,-2.358680404722690582e-02,3.578579127788543701e-01,7.947681546211242676e-01,-3.669829294085502625e-02,3.267449140548706055e-01,7.947598099708557129e-01,-4.348769411444664001e-02,3.042255640029907227e-01,7.912084460258483887e-01,-4.815296083688735962e-02,4.052082002162933350e-01,8.220610022544860840e-01,-2.803067862987518311e-02,3.653853237628936768e-01,8.719466328620910645e-01,-4.161078855395317078e-02,3.730464279651641846e-01,8.840588927268981934e-01,-4.375076293945312500e-02,3.850277662277221680e-01,8.817520141601562500e-01,-4.388142377138137817e-02,4.190349578857421875e-01,8.549922704696655273e-01,-3.165953233838081360e-02,3.833322823047637939e-01,9.077185392379760742e-01,-4.483528062701225281e-02,3.936293125152587891e-01,9.151290059089660645e-01,-4.092279076576232910e-02,4.041068851947784424e-01,9.101591110229492188e-01,-3.681404516100883484e-02,4.402591586112976074e-01,8.872282505035400391e-01,-3.487217798829078674e-02,4.250950813293457031e-01,9.305799603462219238e-01,-4.780608415603637695e-02,4.307857155799865723e-01,9.400418996810913086e-01,-4.694571346044540405e-02,4.364577829837799072e-01,9.394598007202148438e-01,-4.412410035729408264e-02
4.942362308502197266e-01,8.534864783287048340e-01,9.386119614873678074e-08,4.687587022781372070e-01,8.161212801933288574e-01,-5.339884199202060699e-03,4.320164024829864502e-01,8.045355081558227539e-01,-1.216181367635726929e-02,4.031241536140441895e-01,8.272922635078430176e-01,-1.791244745254516602e-02,3.870904445648193359e-01,8.566451668739318848e-01,-2.547939307987689972e-02,4.036899805068969727e-01,8.021386265754699707e-01,-2.782665379345417023e-02,3.578826785087585449e-01,8.060787320137023926e-01,-4.222501814365386963e-02,3.226485252380371094e-01,8.104773759841918945e-01,-4.991602152585983276e-02,2.965652048587799072e-01,8.122619986534118652e-01,-5.553139001131057739e-02,4.089359045028686523e-01,8.261606693267822266e-01,-3.221355378627777100e-02,3.676715493202209473e-01,8.825652003288269043e-01,-4.627654701471328735e-02,3.614384233951568604e-01,9.071571230888366699e-01,-4.897188395261764526e-02,3.622145950794219971e-01,9.174653291702270508e-01,-4.997159913182258606e-02,4.242793917655944824e-01,8.559098243713378906e-01,-3.584949672222137451e-02,3.891929388046264648e-01,9.154218435287475586e-01,-4.976738616824150085e-02,3.789472281932830811e-01,9.438716769218444824e-01,-4.847056791186332703e-02,3.724849224090576172e-01,9.584366679191589355e-01,-4.678656160831451416e-02,4.453633427619934082e-01,8.863173127174377441e-01,-3.920094668865203857e-02,4.284124672412872314e-01,9.352073073387145996e-01,-5.298796296119689941e-02,4.222478568553924561e-01,9.591838717460632324e-01,-5.355007201433181763e-02,4.173160195350646973e-01,9.743567109107971191e-01,-5.196965858340263367e-02
5.023260712623596191e-01,8.734175562858581543e-01,3.704793982706178213e-08,4.720898270606994629e-01,8.335691690444946289e-01,-1.782578998245298862e-03,4.346660375595092773e-01,8.191617727279663086e-01,-7.970314472913742065e-03,4.048747122287750244e-01,8.292679786682128906e-01,-1.472860015928745270e-02,3.849863708019256592e-01,8.435505032539367676e-01,-2.390634082257747650e-02,4.022274613380432129e-01,8.267696499824523926e-01,-2.612582035362720490e-02,3.535126745700836182e-01,8.307059407234191895e-01,-4.474571347236633301e-02,3.169584572315216064e-01,8.326709866523742676e-01,-5.598653107881546021e-02,2.892662286758422852e-01,8.353406786918640137e-01,-6.347498297691345215e-02,4.092841148376464844e-01,8.480001091957092285e-01,-3.284537047147750854e-02,3.631399571895599365e-01,9.169355630874633789e-01,-5.075659975409507751e-02,3.649974763393402100e-01,9.414852857589721680e-01,-5.339773744344711304e-02,3.719219863414764404e-01,9.461602568626403809e-01,-5.360320582985877991e-02,4.258582592010498047e-01,8.788662552833557129e-01,-3.889051824808120728e-02,3.898850083351135254e-01,9.525284171104431152e-01,-5.567914247512817383e-02,3.921635448932647705e-01,9.685416817665100098e-01,-5.131622031331062317e-02,3.966480791568756104e-01,9.652940630912780762e-01,-4.622087255120277405e-02,4.474541544914245605e-01,9.107440114021301270e-01,-4.458242282271385193e-02,4.259483814239501953e-01,9.715327620506286621e-01,-5.852400884032249451e-02,4.280516803264617920e-01,9.829491376876831055e-01,-5.530336126685142517e-02,4.308715164661407471e-01,9.795297384262084961e-01,-5.011912435293197632e-02
5.247756838798522949e-01,8.982087969779968262e-01,-1.780527014716426493e-08,4.899502694606781006e-01,8.621619939804077148e-01,-7.127364515326917171e-04,4.421929121017456055e-01,8.577017188072204590e-01,-3.965911455452442169e-03,4.086242914199829102e-01,8.807051181793212891e-01,-8.022196590900421143e-03,3.901124596595764160e-01,9.122211933135986328e-01,-1.373081188648939133e-02,4.197404384613037109e-01,8.483459949493408203e-01,-1.482098270207643509e-02,3.667634427547454834e-01,8.600092530250549316e-01,-2.659248746931552887e-02,3.316161036491394043e-01,8.667300343513488770e-01,-3.347796574234962463e-02,3.054168224334716797e-01,8.715742230415344238e-01,-3.851165249943733215e-02,4.222194254398345947e-01,8.759106993675231934e-01,-2.011818625032901764e-02,3.778975009918212891e-01,9.370125532150268555e-01,-3.387847542762756348e-02,3.734397888183593750e-01,9.650143980979919434e-01,-3.784556314349174500e-02,3.738586902618408203e-01,9.758152365684509277e-01,-3.937740623950958252e-02,4.319702386856079102e-01,9.093248844146728516e-01,-2.465624362230300903e-02,3.970947861671447754e-01,9.695762395858764648e-01,-3.703386336565017700e-02,4.021406769752502441e-01,9.854426980018615723e-01,-3.444903716444969177e-02,4.072049260139465332e-01,9.836392402648925781e-01,-3.106581047177314758e-02,4.470009505748748779e-01,9.431182742118835449e-01,-2.893839217722415924e-02,4.268850088119506836e-01,9.937036633491516113e-01,-3.786821663379669189e-02,4.357243180274963379e-01,1.001380205154418945e+00,-3.402042016386985779e-02,4.451789855957031250e-01,9.950533509254455566e-01,-2.902046963572502136e-02
5.954266786575317383e-01,9.416230916976928711e-01,-1.764172878893077723e-07,5.330398082733154297e-01,9.016645550727844238e-01,1.525050774216651917e-02,4.664200544357299805e-01,8.912568092346191406e-01,1.699908077716827393e-02,4.196534156799316406e-01,9.048638343811035156e-01,1.292976457625627518e-02,3.930469453334808350e-01,9.406915307044982910e-01,6.823261268436908722e-03,4.161961078643798828e-01,8.764061331748962402e-01,8.283915929496288300e-03,3.370505273342132568e-01,9.028194546699523926e-01,4.277994157746434212e-04,2.993886470794677734e-01,9.210206866264343262e-01,-5.157602019608020782e-03,2.722600400447845459e-01,9.364834427833557129e-01,-8.778054267168045044e-03,4.183937013149261475e-01,9.122916460037231445e-01,-4.207270219922065735e-03,3.614876866340637207e-01,9.940335750579833984e-01,-1.031765248626470566e-02,3.566306829452514648e-01,1.040573835372924805e+00,-1.331262290477752686e-02,3.579949438571929932e-01,1.066439628601074219e+00,-1.583913527429103851e-02,4.317868351936340332e-01,9.547553658485412598e-01,-1.567707024514675140e-02,3.920294642448425293e-01,1.029703974723815918e+00,-1.792287454009056091e-02,3.954814076423645020e-01,1.064689636230468750e+00,-1.553522609174251556e-02,4.019315838813781738e-01,1.082386970520019531e+00,-1.534669753164052963e-02,4.511702656745910645e-01,9.968822598457336426e-01,-2.634880691766738892e-02,4.277729988098144531e-01,1.052348613739013672e+00,-2.582803368568420410e-02,4.328090548515319824e-01,1.077131271362304688e+00,-2.074594795703887939e-02,4.386593997478485107e-01,1.092771887779235840e+00,-1.628121919929981232e-02
5.829200744628906250e-01,9.535431265830993652e-01,6.176219979892039191e-09,5.197725296020507812e-01,9.218463897705078125e-01,8.476062677800655365e-03,4.514476954936981201e-01,9.198058247566223145e-01,9.447909891605377197e-03,4.081185758113861084e-01,9.405462145805358887e-01,6.238017231225967407e-03,3.858222067356109619e-01,9.788491725921630859e-01,1.849632710218429565e-03,4.104009866714477539e-01,9.163364768028259277e-01,8.278181776404380798e-03,3.372871279716491699e-01,9.443413615226745605e-01,2.719879848882555962e-03,2.976567745208740234e-01,9.687466025352478027e-01,-3.996062092483043671e-03,2.696887850761413574e-01,9.875420928001403809e-01,-9.516411460936069489e-03,4.145661890506744385e-01,9.543201327323913574e-01,-1.720581436529755592e-03,3.522455096244812012e-01,1.015457510948181152e+00,-5.721697118133306503e-03,3.385617136955261230e-01,1.048594355583190918e+00,-1.149160880595445633e-02,3.343334496021270752e-01,1.068122982978820801e+00,-1.649600639939308167e-02,4.292927086353302002e-01,9.940521121025085449e-01,-1.106652989983558655e-02,3.791397809982299805e-01,1.050450205802917480e+00,-9.476748295128345490e-03,3.803052306175231934e-01,1.071852684020996094e+00,-5.431131459772586823e-03,3.872359395027160645e-01,1.079229831695556641e+00,-4.894439131021499634e-03,4.500398635864257812e-01,1.029588580131530762e+00,-2.053267322480678558e-02,4.158267974853515625e-01,1.074351310729980469e+00,-1.684075035154819489e-02,4.164417386054992676e-01,1.089010000228881836e+00,-8.831677027046680450e-03,4.217973947525024414e-01,1.093765497207641602e+00,-2.987757325172424316e-03
