2.257088273763656616e-01,6.617202162742614746e-01,-1.233756652396778009e-08,2.061697840690612793e-01,6.113680601119995117e-01,-1.796274632215499878e-02,1.865221112966537476e-01,5.671968460083007812e-01,-1.148924790322780609e-02,1.668536663055419922e-01,5.461746454238891602e-01,-2.118593780323863029e-03,1.548803001642227173e-01,5.326783657073974609e-01,9.905420243740081787e-03,2.132415175437927246e-01,5.264467000961303711e-01,1.958435401320457458e-02,1.956660896539688110e-01,4.889428913593292236e-01,2.332813851535320282e-02,1.817641109228134155e-01,4.656285643577575684e-01,2.185689099133014679e-02,1.714254617691040039e-01,4.485273361206054688e-01,2.035587653517723083e-02,1.995317041873931885e-01,5.479678511619567871e-01,2.874533645808696747e-02,1.691895872354507446e-01,5.250836014747619629e-01,2.449358813464641571e-02,1.684841960668563843e-01,5.433331727981567383e-01,1.440416462719440460e-02,1.766356080770492554e-01,5.570694804191589355e-01,1.207808312028646469e-02,1.887695342302322388e-01,5.689693689346313477e-01,3.467055782675743103e-02,1.637482345104217529e-01,5.507913827896118164e-01,2.573618665337562561e-02,1.661168932914733887e-01,5.689792633056640625e-01,1.362617779523134232e-02,1.745761930942535400e-01,5.771241784095764160e-01,1.096572726964950562e-02,1.835804432630538940e-01,5.881659388542175293e-01,3.939865902066230774e-02,1.622748374938964844e-01,5.774498581886291504e-01,3.214204311370849609e-02,1.651256680488586426e-01,5.892422795295715332e-01,2.655384317040443420e-02,1.760789453983306885e-01,5.981472134590148926e-01,2.646424435079097748e-02
2.247936874628067017e-01,6.602797508239746094e-01,-5.260327995415536861e-08,2.074222415685653687e-01,6.166131496429443359e-01,-1.611869782209396362e-02,1.892922818660736084e-01,5.715833902359008789e-01,-1.252974011003971100e-02,1.694611757993698120e-01,5.476495027542114258e-01,-6.558873690664768219e-03,1.559823006391525269e-01,5.348730087280273438e-01,1.703130546957254410e-03,2.118563801050186157e-01,5.281838178634643555e-01,1.472512073814868927e-02,1.937722265720367432e-01,4.909301698207855225e-01,1.551716960966587067e-02,1.794907450675964355e-01,4.673699140548706055e-01,1.262834109365940094e-02,1.682491600513458252e-01,4.512409269809722900e-01,1.030451711267232895e-02,1.984113156795501709e-01,5.459897518157958984e-01,2.223753184080123901e-02,1.652182042598724365e-01,5.262867808341979980e-01,1.435862015932798386e-02,1.649923175573348999e-01,5.474153757095336914e-01,5.146480165421962738e-03,1.740386039018630981e-01,5.631772875785827637e-01,3.779380815103650093e-03,1.882946491241455078e-01,5.648710727691650391e-01,2.702439203858375549e-02,1.605650782585144043e-01,5.501477122306823730e-01,1.578486710786819458e-02,1.625019758939743042e-01,5.707284212112426758e-01,6.769057828933000565e-03,1.719108670949935913e-01,5.814212560653686523e-01,6.311965640634298325e-03,1.832015216350555420e-01,5.826150774955749512e-01,3.073974512517452240e-02,1.601637899875640869e-01,5.732980370521545410e-01,2.187844924628734589e-02,1.613039523363113403e-01,5.872323513031005859e-01,1.753726601600646973e-02,1.713798195123672485e-01,5.967078804969787598e-01,1.852769590914249420e-02
2.251146733760833740e-01,6.603491306304931641e-01,-5.852020379393252369e-08,2.083307653665542603e-01,6.166414022445678711e-01,-1.567240804433822632e-02,1.897581070661544800e-01,5.728572607040405273e-01,-1.157348044216632843e-02,1.693640947341918945e-01,5.492133498191833496e-01,-5.034939385950565338e-03,1.555097103118896484e-01,5.347823500633239746e-01,3.807803383097052574e-03,2.112837880849838257e-01,5.304373502731323242e-01,1.491251401603221893e-02,1.933584958314895630e-01,4.930108189582824707e-01,1.624847389757633209e-02,1.790107190608978271e-01,4.683285355567932129e-01,1.352316141128540039e-02,1.677655428647994995e-01,4.517061114311218262e-01,1.122660934925079346e-02,1.974062621593475342e-01,5.488278865814208984e-01,2.245013043284416199e-02,1.647523939609527588e-01,5.287194252014160156e-01,1.559462584555149078e-02,1.634350419044494629e-01,5.497802495956420898e-01,6.485105026513338089e-03,1.716798543930053711e-01,5.660396218299865723e-01,4.906874615699052811e-03,1.871163547039031982e-01,5.679694414138793945e-01,2.733749710023403168e-02,1.600517630577087402e-01,5.521296858787536621e-01,1.709591411054134369e-02,1.611026525497436523e-01,5.725333094596862793e-01,7.933602668344974518e-03,1.699706017971038818e-01,5.834220647811889648e-01,7.040109951049089432e-03,1.823345720767974854e-01,5.859141349792480469e-01,3.119564428925514221e-02,1.594218462705612183e-01,5.765132904052734375e-01,2.326019480824470520e-02,1.601508408784866333e-01,5.894279479980468750e-01,1.893782615661621094e-02,1.701428741216659546e-01,5.983520746231079102e-01,1.965940929949283600e-02
2.204173356294631958e-01,6.597903370857238770e-01,-5.237870936980471015e-08,2.076306939125061035e-01,6.158602833747863770e-01,-1.671299710869789124e-02,1.891526132822036743e-01,5.716019272804260254e-01,-1.590968109667301178e-02,1.674502193927764893e-01,5.481958389282226562e-01,-1.332311332225799561e-02,1.538532376289367676e-01,5.370981097221374512e-01,-8.555030450224876404e-03,2.126251906156539917e-01,5.303078293800354004e-01,9.988366626203060150e-03,1.934762448072433472e-01,4.923024475574493408e-01,6.752309855073690414e-03,1.787874549627304077e-01,4.684874117374420166e-01,1.590541796758770943e-03,1.672806590795516968e-01,4.516145288944244385e-01,-2.307398710399866104e-03,1.973758637905120850e-01,5.470491051673889160e-01,1.586874388158321381e-02,1.642414331436157227e-01,5.292081236839294434e-01,2.993705216795206070e-03,1.645627468824386597e-01,5.518154501914978027e-01,-7.450913544744253159e-03,1.741521209478378296e-01,5.675142407417297363e-01,-9.206235408782958984e-03,1.858056187629699707e-01,5.646300315856933594e-01,1.908305287361145020e-02,1.580440104007720947e-01,5.507384538650512695e-01,4.050228279083967209e-03,1.606918871402740479e-01,5.722813606262207031e-01,-3.544022096320986748e-03,1.709431409835815430e-01,5.832772254943847656e-01,-2.502923598513007164e-03,1.799586862325668335e-01,5.821179151535034180e-01,2.109729312360286713e-02,1.571195423603057861e-01,5.732582211494445801e-01,1.018841192126274109e-02,1.591778099536895752e-01,5.883166193962097168e-01,7.062225136905908585e-03,1.701573729515075684e-01,5.984114408493041992e-01,9.236011654138565063e-03
2.187087833881378174e-01,6.594238877296447754e-01,-7.075291108549208730e-08,2.068452239036560059e-01,6.144392490386962891e-01,-1.629613526165485382e-02,1.886906623840332031e-01,5.695559382438659668e-01,-1.470893807709217072e-02,1.669600456953048706e-01,5.480492115020751953e-01,-1.118113752454519272e-02,1.536297500133514404e-01,5.397846698760986328e-01,-5.330515559762716293e-03,2.111509740352630615e-01,5.317557454109191895e-01,9.449815377593040466e-03,1.928464323282241821e-01,4.943010807037353516e-01,4.957925993949174881e-03,1.787700951099395752e-01,4.701980650424957275e-01,-6.172735011205077171e-04,1.681657582521438599e-01,4.527354240417480469e-01,-4.540092311799526215e-03,1.959903538227081299e-01,5.481699109077453613e-01,1.467918977141380310e-02,1.631737202405929565e-01,5.311676263809204102e-01,1.169861177913844585e-03,1.650177240371704102e-01,5.530091524124145508e-01,-8.477333933115005493e-03,1.759656965732574463e-01,5.670745372772216797e-01,-9.634655900299549103e-03,1.846462339162826538e-01,5.660018920898437500e-01,1.708509586751461029e-02,1.568990796804428101e-01,5.544252395629882812e-01,1.049783197231590748e-03,1.614065021276473999e-01,5.750728249549865723e-01,-6.057139486074447632e-03,1.727688759565353394e-01,5.834413170814514160e-01,-4.518719855695962906e-03,1.793656945228576660e-01,5.844478607177734375e-01,1.825426891446113586e-02,1.565996855497360229e-01,5.769990086555480957e-01,6.329310126602649689e-03,1.596813797950744629e-01,5.915901064872741699e-01,3.285969374701380730e-03,1.708678454160690308e-01,6.001979112625122070e-01,5.566120613366365433e-03
2.183697968721389771e-01,6.592186689376831055e-01,-5.596923458028868481e-08,2.073181718587875366e-01,6.164917945861816406e-01,-1.855610869824886322e-02,1.903151720762252808e-01,5.728244781494140625e-01,-1.766319572925567627e-02,1.687164157629013062e-01,5.500110387802124023e-01,-1.434528548270463943e-02,1.549807786941528320e-01,5.378463864326477051e-01,-8.542092517018318176e-03,2.116639614105224609e-01,5.326467752456665039e-01,8.237753063440322876e-03,1.942246109247207642e-01,4.955099523067474365e-01,3.512135008350014687e-03,1.801299154758453369e-01,4.707925319671630859e-01,-2.087946981191635132e-03,1.691502034664154053e-01,4.530251920223236084e-01,-5.956033244729042053e-03,1.965289413928985596e-01,5.493960976600646973e-01,1.435561385005712509e-02,1.628806889057159424e-01,5.307642221450805664e-01,2.545667521189898252e-04,1.651639044284820557e-01,5.532679557800292969e-01,-9.343557991087436676e-03,1.769170910120010376e-01,5.678039193153381348e-01,-1.003604475408792496e-02,1.849955469369888306e-01,5.675951242446899414e-01,1.737121492624282837e-02,1.576329320669174194e-01,5.546292066574096680e-01,1.057890694937668741e-04,1.627635359764099121e-01,5.756111145019531250e-01,-7.192452903836965561e-03,1.745593845844268799e-01,5.831426382064819336e-01,-5.225341767072677612e-03,1.792916059494018555e-01,5.859933495521545410e-01,1.904183998703956604e-02,1.571768224239349365e-01,5.774033665657043457e-01,6.105009000748395920e-03,1.609904468059539795e-01,5.915660262107849121e-01,2.815155778080224991e-03,1.727163046598434448e-01,5.992102026939392090e-01,5.273491609841585159e-03
2.160545438528060913e-01,6.571965217590332031e-01,-5.399604319222817139e-08,2.075671851634979248e-01,6.180500984191894531e-01,-2.039893530309200287e-02,1.922671049833297729e-01,5.748167634010314941e-01,-2.095222100615501404e-02,1.713192462921142578e-01,5.508562922477722168e-01,-1.867246441543102264e-02,1.561473160982131958e-01,5.361045598983764648e-01,-1.381863560527563095e-02,2.115278691053390503e-01,5.323805809020996094e-01,3.810103517025709152e-03,1.955869793891906738e-01,4.939770102500915527e-01,-3.616225672885775566e-03,1.817297041416168213e-01,4.689083993434906006e-01,-1.031871326267719269e-02,1.705361008644104004e-01,4.515309035778045654e-01,-1.447857357561588287e-02,1.966900974512100220e-01,5.472690463066101074e-01,1.009917072951793671e-02,1.633826494216918945e-01,5.281617641448974609e-01,-6.481688469648361206e-03,1.678291559219360352e-01,5.524371862411499023e-01,-1.561543531715869904e-02,1.815360784530639648e-01,5.678256750106811523e-01,-1.533733773976564407e-02,1.852396130561828613e-01,5.646193027496337891e-01,1.310914102941751480e-02,1.582505702972412109e-01,5.527501702308654785e-01,-6.333850789815187454e-03,1.650947332382202148e-01,5.755066871643066406e-01,-1.228033378720283508e-02,1.777935028076171875e-01,5.831274986267089844e-01,-8.793753571808338165e-03,1.794611513614654541e-01,5.827861428260803223e-01,1.462620683014392853e-02,1.579802334308624268e-01,5.757238864898681641e-01,2.571444929344579577e-05,1.630362123250961304e-01,5.909691452980041504e-01,-2.716979710385203362e-03,1.750313043594360352e-01,5.988252758979797363e-01,6.040225853212177753e-04
2.206451594829559326e-01,6.582980751991271973e-01,-5.424031002121409983e-08,2.099354267120361328e-01,6.197804808616638184e-01,-2.091785147786140442e-02,1.934542655944824219e-01,5.761521458625793457e-01,-2.117983624339103699e-02,1.726168692111968994e-01,5.512469410896301270e-01,-1.830202341079711914e-02,1.580147445201873779e-01,5.347803235054016113e-01,-1.279503945261240005e-02,2.131059765815734863e-01,5.325962901115417480e-01,4.090764559805393219e-03,1.959105134010314941e-01,4.951887428760528564e-01,-2.156560076400637627e-03,1.827916949987411499e-01,4.698388874530792236e-01,-8.050546050071716309e-03,1.728315353393554688e-01,4.515659213066101074e-01,-1.181448623538017273e-02,1.983849257230758667e-01,5.485598444938659668e-01,1.107236742973327637e-02,1.647497564554214478e-01,5.272609591484069824e-01,-4.626584239304065704e-03,1.692048907279968262e-01,5.515568256378173828e-01,-1.377249602228403091e-02,1.827495545148849487e-01,5.671127438545227051e-01,-1.352065615355968475e-02,1.874140799045562744e-01,5.665962100028991699e-01,1.481452956795692444e-02,1.604917049407958984e-01,5.534819960594177246e-01,-4.553598351776599884e-03,1.678742915391921997e-01,5.764873027801513672e-01,-1.146328169852495193e-02,1.811440140008926392e-01,5.849551558494567871e-01,-8.543688803911209106e-03,1.827188581228256226e-01,5.852923989295959473e-01,1.713391952216625214e-02,1.614688336849212646e-01,5.775750279426574707e-01,2.038944046944379807e-03,1.670049279928207397e-01,5.937166213989257812e-01,-1.539340824820101261e-03,1.796007007360458374e-01,6.031733155250549316e-01,1.313949236646294594e-03
2.242840081453323364e-01,6.579281687736511230e-01,-4.367272055105786421e-08,2.135391831398010254e-01,6.181492805480957031e-01,-2.163295447826385498e-02,1.969195753335952759e-01,5.750911831855773926e-01,-2.093622088432312012e-02,1.776585876941680908e-01,5.505514740943908691e-01,-1.633622683584690094e-02,1.632820218801498413e-01,5.344463586807250977e-01,-9.043631143867969513e-03,2.168015986680984497e-01,5.344868302345275879e-01,3.212985349819064140e-03,2.013474255800247192e-01,4.943612217903137207e-01,-1.482235849834978580e-03,1.881176382303237915e-01,4.669637680053710938e-01,-6.940564606338739395e-03,1.776462197303771973e-01,4.467518627643585205e-01,-1.070607639849185944e-02,2.020628303289413452e-01,5.506535768508911133e-01,1.140849757939577103e-02,1.705667674541473389e-01,5.288941264152526855e-01,-1.338912057690322399e-03,1.725723892450332642e-01,5.511039495468139648e-01,-1.001313887536525726e-02,1.838908046483993530e-01,5.675210952758789062e-01,-1.031362637877464294e-02,1.906352192163467407e-01,5.687699913978576660e-01,1.642685569822788239e-02,1.655558943748474121e-01,5.542229413986206055e-01,6.107903318479657173e-04,1.714791804552078247e-01,5.747944712638854980e-01,-6.608609110116958618e-03,1.828804016113281250e-01,5.823134779930114746e-01,-5.075193475931882858e-03,1.858649700880050659e-01,5.873610973358154297e-01,1.985878124833106995e-02,1.657767444849014282e-01,5.809945464134216309e-01,8.019217289984226227e-03,1.702683866024017334e-01,5.949524044990539551e-01,4.571385215967893600e-03,1.807644069194793701e-01,6.026779413223266602e-01,6.561361253261566162e-03
2.258956730365753174e-01,6.581780314445495605e-01,-3.226141842560537043e-08,2.178218364715576172e-01,6.181045174598693848e-01,-2.135634422302246094e-02,2.033823281526565552e-01,5.752409696578979492e-01,-2.327616885304450989e-02,1.854139864444732666e-01,5.484424829483032227e-01,-2.232547290623188019e-02,1.723519563674926758e-01,5.305634737014770508e-01,-1.904745772480964661e-02,2.240767180919647217e-01,5.338145494461059570e-01,4.291470977477729321e-04,2.083441019058227539e-01,4.930067360401153564e-01,-7.414040621370077133e-03,1.943336725234985352e-01,4.658409059047698975e-01,-1.466451026499271393e-02,1.833487600088119507e-01,4.455770850181579590e-01,-1.946778967976570129e-02,2.097721248865127563e-01,5.483268499374389648e-01,7.289659697562456131e-03,1.797936260700225830e-01,5.271075367927551270e-01,-8.768909610807895660e-03,1.816166639328002930e-01,5.508900284767150879e-01,-1.790181174874305725e-02,1.932358294725418091e-01,5.665981769561767578e-01,-1.830891147255897522e-02,1.980577856302261353e-01,5.656663179397583008e-01,1.109559088945388794e-02,1.726287752389907837e-01,5.514226555824279785e-01,-6.780379451811313629e-03,1.773131191730499268e-01,5.735604763031005859e-01,-1.164481695741415024e-02,1.891538351774215698e-01,5.825140476226806641e-01,-8.376320824027061462e-03,1.919376999139785767e-01,5.845752954483032227e-01,1.321251410990953445e-02,1.710607707500457764e-01,5.767416954040527344e-01,8.060325053520500660e-04,1.753313690423965454e-01,5.921775698661804199e-01,-4.654776130337268114e-04,1.867551207542419434e-01,6.008890271186828613e-01,3.221419639885425568e-03
2.377567887306213379e-01,6.626659631729125977e-01,-7.612812602530993900e-09,2.297946810722351074e-01,6.247965097427368164e-01,-1.923341676592826843e-02,2.151894122362136841e-01,5.810409188270568848e-01,-2.264080569148063660e-02,1.968021243810653687e-01,5.519195199012756348e-01,-2.401301823556423187e-02,1.804462075233459473e-01,5.339998602867126465e-01,-2.348507195711135864e-02,2.294859439134597778e-01,5.371561646461486816e-01,-4.807798632100457326e-06,2.161418497562408447e-01,4.940984547138214111e-01,-8.829450234770774841e-03,2.036159932613372803e-01,4.650409817695617676e-01,-1.644230075180530548e-02,1.933687776327133179e-01,4.437922239303588867e-01,-2.157720364630222321e-02,2.151561677455902100e-01,5.519342422485351562e-01,4.811184480786323547e-03,1.866684406995773315e-01,5.301927328109741211e-01,-1.175993494689464569e-02,1.885086447000503540e-01,5.522589087486267090e-01,-2.038866467773914337e-02,1.990078091621398926e-01,5.682060122489929199e-01,-2.087067440152168274e-02,2.040988504886627197e-01,5.711236596107482910e-01,6.862160749733448029e-03,1.816132068634033203e-01,5.578428506851196289e-01,-1.089593768119812012e-02,1.864945441484451294e-01,5.773928165435791016e-01,-1.386237703263759613e-02,1.972266733646392822e-01,5.870271325111389160e-01,-9.853054769337177277e-03,1.980947405099868774e-01,5.928712487220764160e-01,7.246606517583131790e-03,1.799181848764419556e-01,5.843867063522338867e-01,-5.172293633222579956e-03,1.834488809108734131e-01,5.987427234649658203e-01,-5.159754771739244461e-03,1.929651349782943726e-01,6.079252362251281738e-01,-7.765533518977463245e-04
2.449236810207366943e-01,6.626693010330200195e-01,-2.487020189789745928e-08,2.379685491323471069e-01,6.232948303222656250e-01,-2.142241224646568298e-02,2.247256487607955933e-01,5.797905921936035156e-01,-2.400195971131324768e-02,2.078482508659362793e-01,5.506509542465209961e-01,-2.374207787215709686e-02,1.943491101264953613e-01,5.293408036231994629e-01,-2.103399112820625305e-02,2.429843395948410034e-01,5.330839157104492188e-01,7.304904283955693245e-04,2.281634509563446045e-01,4.905784726142883301e-01,-7.848914712667465210e-03,2.150220125913619995e-01,4.614453613758087158e-01,-1.619843393564224243e-02,2.039832025766372681e-01,4.401817321777343750e-01,-2.166949212551116943e-02,2.283151149749755859e-01,5.486503243446350098e-01,7.341874297708272934e-03,1.991555541753768921e-01,5.251981616020202637e-01,-9.435436688363552094e-03,2.016378641128540039e-01,5.484856963157653809e-01,-1.993295550346374512e-02,2.129035890102386475e-01,5.648291110992431641e-01,-2.117198146879673004e-02,2.161418348550796509e-01,5.660609602928161621e-01,1.096099801361560822e-02,1.929121613502502441e-01,5.507321953773498535e-01,-6.749549880623817444e-03,1.983968913555145264e-01,5.717712044715881348e-01,-1.191675569862127304e-02,2.098932564258575439e-01,5.817525982856750488e-01,-8.891601115465164185e-03,2.095086127519607544e-01,5.851948261260986328e-01,1.281844545155763626e-02,1.899455487728118896e-01,5.759258866310119629e-01,7.820039172656834126e-04,1.950804740190505981e-01,5.909537076950073242e-01,3.760539038921706378e-05,2.066147029399871826e-01,6.011517643928527832e-01,4.261565394699573517e-03
2.518166899681091309e-01,6.586418747901916504e-01,-4.642075879246476688e-08,2.475181818008422852e-01,6.159551143646240234e-01,-1.604373008012771606e-02,2.357918322086334229e-01,5.724277496337890625e-01,-1.736326143145561218e-02,2.185987383127212524e-01,5.454850792884826660e-01,-1.709065400063991547e-02,2.041880935430526733e-01,5.279944539070129395e-01,-1.460512168705463409e-02,2.558581829071044922e-01,5.300656557083129883e-01,3.440627129748463631e-03,2.413429021835327148e-01,4.858930706977844238e-01,-5.130048841238021851e-03,2.268754839897155762e-01,4.574239552021026611e-01,-1.362522877752780914e-02,2.147224694490432739e-01,4.370786547660827637e-01,-1.937007158994674683e-02,2.402288019657135010e-01,5.441922545433044434e-01,7.233230397105216980e-03,2.115058004856109619e-01,5.222504138946533203e-01,-7.260801270604133606e-03,2.132693529129028320e-01,5.447769761085510254e-01,-1.624637469649314880e-02,2.246404141187667847e-01,5.592092275619506836e-01,-1.796667091548442841e-02,2.270911633968353271e-01,5.610799193382263184e-01,8.325399830937385559e-03,2.031151205301284790e-01,5.452070236206054688e-01,-7.296326104551553726e-03,2.075451612472534180e-01,5.667344927787780762e-01,-1.043026521801948547e-02,2.185417413711547852e-01,5.764982700347900391e-01,-7.393943611532449722e-03,2.192797958850860596e-01,5.802061557769775391e-01,7.968984544277191162e-03,1.992453634738922119e-01,5.695116519927978516e-01,-1.975044142454862595e-03,2.035309523344039917e-01,5.848791599273681641e-01,-9.307828149758279324e-04,2.144376933574676514e-01,5.944802165031433105e-01,3.556501818820834160e-03
2.629522383213043213e-01,6.546778678894042969e-01,-4.349091753397260618e-08,2.601661384105682373e-01,6.122713088989257812e-01,-1.951457187533378601e-02,2.492691576480865479e-01,5.667654871940612793e-01,-2.148673124611377716e-02,2.320988923311233521e-01,5.374900698661804199e-01,-2.101261727511882782e-02,2.187213748693466187e-01,5.170751214027404785e-01,-1.809676550328731537e-02,2.663495242595672607e-01,5.256749391555786133e-01,8.766972459852695465e-04,2.519128918647766113e-01,4.818315505981445312e-01,-7.069006562232971191e-03,2.377799451351165771e-01,4.534192681312561035e-01,-1.443484053015708923e-02,2.260437756776809692e-01,4.337536394596099854e-01,-1.918248459696769714e-02,2.501181662082672119e-01,5.398638248443603516e-01,6.801710464060306549e-03,2.232953310012817383e-01,5.170333981513977051e-01,-7.218005135655403137e-03,2.249244302511215210e-01,5.375551581382751465e-01,-1.528022997081279755e-02,2.356120198965072632e-01,5.530965924263000488e-01,-1.607692427933216095e-02,2.370321750640869141e-01,5.569378733634948730e-01,9.751155041158199310e-03,2.143635749816894531e-01,5.408255457878112793e-01,-5.801404360681772232e-03,2.189218550920486450e-01,5.610635280609130859e-01,-9.385583922266960144e-03,2.299894690513610840e-01,5.710324645042419434e-01,-6.368169561028480530e-03,2.292682528495788574e-01,5.765680074691772461e-01,1.096193306148052216e-02,2.101612985134124756e-01,5.653399229049682617e-01,8.079433464445173740e-04,2.142967879772186279e-01,5.795513391494750977e-01,8.461043471470475197e-04,2.250917702913284302e-01,5.890949368476867676e-01,4.750256426632404327e-03
2.717942595481872559e-01,6.490207910537719727e-01,-3.344513643810387293e-08,2.723754644393920898e-01,6.105219721794128418e-01,-2.068193443119525909e-02,2.642108798027038574e-01,5.675971508026123047e-01,-2.559495903551578522e-02,2.493863105773925781e-01,5.350775718688964844e-01,-2.800208143889904022e-02,2.363371700048446655e-01,5.144276022911071777e-01,-2.807351388037204742e-02,2.774157226085662842e-01,5.203424692153930664e-01,-3.848922671750187874e-03,2.642438113689422607e-01,4.766326546669006348e-01,-1.502171624451875687e-02,2.503575384616851807e-01,4.490411579608917236e-01,-2.450057491660118103e-02,2.390775233507156372e-01,4.290049672126770020e-01,-3.054816648364067078e-02,2.606383860111236572e-01,5.334141254425048828e-01,1.682954607531428337e-03,2.354066520929336548e-01,5.097954273223876953e-01,-1.528971176594495773e-02,2.386917471885681152e-01,5.326272249221801758e-01,-2.382030151784420013e-02,2.506333589553833008e-01,5.483536720275878906e-01,-2.474404126405715942e-02,2.467792928218841553e-01,5.490732789039611816e-01,4.262513946741819382e-03,2.263696491718292236e-01,5.326008796691894531e-01,-1.289511658251285553e-02,2.317237257957458496e-01,5.541017055511474609e-01,-1.464319135993719101e-02,2.432866841554641724e-01,5.652002096176147461e-01,-1.036883052438497543e-02,2.378235608339309692e-01,5.672931075096130371e-01,4.875919781625270844e-03,2.209124416112899780e-01,5.551323890686035156e-01,-6.008488591760396957e-03,2.257946878671646118e-01,5.704787373542785645e-01,-4.787689540535211563e-03,2.363078743219375610e-01,5.812366008758544922e-01,2.148725434381049126e-05
2.921667993068695068e-01,6.461814641952514648e-01,-4.953560051035310607e-08,2.920306324958801270e-01,6.039038300514221191e-01,-1.622154377400875092e-02,2.812788486480712891e-01,5.576229095458984375e-01,-1.769484207034111023e-02,2.628629803657531738e-01,5.261414647102355957e-01,-1.725351437926292419e-02,2.482217699289321899e-01,5.072712302207946777e-01,-1.457905210554599762e-02,2.948912382125854492e-01,5.154854655265808105e-01,2.682678401470184326e-03,2.814301550388336182e-01,4.729153513908386230e-01,-5.359364673495292664e-03,2.681974768638610840e-01,4.451254606246948242e-01,-1.288773678243160248e-02,2.576876580715179443e-01,4.244360923767089844e-01,-1.808453351259231567e-02,2.767212092876434326e-01,5.299454331398010254e-01,6.722831167280673981e-03,2.509332895278930664e-01,5.042685866355895996e-01,-6.519788876175880432e-03,2.554068565368652344e-01,5.244383215904235840e-01,-1.371165737509727478e-02,2.673922777175903320e-01,5.391365885734558105e-01,-1.439836807548999786e-02,2.621461749076843262e-01,5.475822091102600098e-01,8.075057528913021088e-03,2.404312491416931152e-01,5.279933214187622070e-01,-6.243431475013494492e-03,2.468486279249191284e-01,5.483170151710510254e-01,-8.001962676644325256e-03,2.578938603401184082e-01,5.586637258529663086e-01,-4.411908332258462906e-03,2.533688247203826904e-01,5.683971643447875977e-01,7.822757586836814880e-03,2.358053922653198242e-01,5.538110136985778809e-01,-1.111659570597112179e-03,2.416319698095321655e-01,5.689730644226074219e-01,4.170006432104855776e-04,2.517856955528259277e-01,5.792446136474609375e-01,4.869268275797367096e-03
3.089795708656311035e-01,6.426878571510314941e-01,-2.828844358759852184e-08,3.083623945713043213e-01,5.980266332626342773e-01,-1.631712354719638824e-02,2.980961799621582031e-01,5.530301332473754883e-01,-1.941194199025630951e-02,2.808452546596527100e-01,5.222847461700439453e-01,-2.067236416041851044e-02,2.672834098339080811e-01,5.007523298263549805e-01,-1.993738487362861633e-02,3.125957846641540527e-01,5.130725502967834473e-01,-1.172891585156321526e-03,2.986421585083007812e-01,4.681130647659301758e-01,-1.038481201976537704e-02,2.847627401351928711e-01,4.399310946464538574e-01,-1.810286194086074829e-02,2.736385464668273926e-01,4.177713990211486816e-01,-2.339602261781692505e-02,2.952085435390472412e-01,5.264925360679626465e-01,2.714983420446515083e-03,2.671773135662078857e-01,5.023589134216308594e-01,-1.145623065531253815e-02,2.708844840526580811e-01,5.245401859283447266e-01,-1.793681271374225616e-02,2.833790183067321777e-01,5.383929610252380371e-01,-1.840993389487266541e-02,2.804442048072814941e-01,5.426992774009704590e-01,4.005858674645423889e-03,2.573705613613128662e-01,5.251737236976623535e-01,-1.049764174968004227e-02,2.628465294837951660e-01,5.462010502815246582e-01,-1.058893091976642609e-02,2.741765379905700684e-01,5.553603172302246094e-01,-6.236684974282979965e-03,2.702193558216094971e-01,5.609015226364135742e-01,3.685008734464645386e-03,2.514079809188842773e-01,5.469821095466613770e-01,-4.994357470422983170e-03,2.565335929393768311e-01,5.630303621292114258e-01,-2.409718465059995651e-03,2.666651904582977295e-01,5.724079012870788574e-01,2.547387499362230301e-03
3.218627572059631348e-01,6.359744071960449219e-01,-3.169143836245780221e-09,3.274697661399841309e-01,5.912545323371887207e-01,-1.452219299972057343e-02,3.202364742755889893e-01,5.452415347099304199e-01,-1.628167368471622467e-02,3.035212755203247070e-01,5.150076150894165039e-01,-1.637882366776466370e-02,2.868852019309997559e-01,5.011771917343139648e-01,-1.449246611446142197e-02,3.281441330909729004e-01,5.026580095291137695e-01,3.825364401564002037e-03,3.157396018505096436e-01,4.588567018508911133e-01,-1.815377618186175823e-03,3.026245534420013428e-01,4.329163134098052979e-01,-7.823080755770206451e-03,2.918908596038818359e-01,4.138132929801940918e-01,-1.222242414951324463e-02,3.088847100734710693e-01,5.160744190216064453e-01,7.978959940373897552e-03,2.850149273872375488e-01,4.931933879852294922e-01,-1.735809375531971455e-03,2.910906970500946045e-01,5.166572332382202148e-01,-7.375176064670085907e-03,3.031126260757446289e-01,5.321267247200012207e-01,-7.959213107824325562e-03,2.927601635456085205e-01,5.329235792160034180e-01,9.599057026207447052e-03,2.742027342319488525e-01,5.183417201042175293e-01,2.937015669886022806e-04,2.815119028091430664e-01,5.401693582534790039e-01,-5.678560228261630982e-06,2.918545007705688477e-01,5.502827763557434082e-01,2.877913182601332664e-03,2.817740738391876221e-01,5.515106916427612305e-01,9.635658934712409973e-03,2.666808068752288818e-01,5.400021672248840332e-01,5.736712366342544556e-03,2.730991542339324951e-01,5.562790632247924805e-01,8.688797242939472198e-03,2.824498713016510010e-01,5.658107995986938477e-01,1.282615773379802704e-02
3.420312404632568359e-01,6.365835666656494141e-01,-3.503984657982073259e-08,3.443558514118194580e-01,5.901057124137878418e-01,-1.012955978512763977e-02,3.349154591560363770e-01,5.436912178993225098e-01,-1.286651100963354111e-02,3.175928592681884766e-01,5.119672417640686035e-01,-1.521752122789621353e-02,3.009783625602722168e-01,4.930726289749145508e-01,-1.604266837239265442e-02,3.470752239227294922e-01,5.063630342483520508e-01,1.248176326043903828e-03,3.346798121929168701e-01,4.587447047233581543e-01,-7.758409716188907623e-03,3.210453987121582031e-01,4.298530220985412598e-01,-1.510091125965118408e-02,3.092494606971740723e-01,4.090425372123718262e-01,-2.014800719916820526e-02,3.293491899967193604e-01,5.198276042938232422e-01,1.948368153534829617e-03,3.056686520576477051e-01,4.930228292942047119e-01,-1.099498569965362549e-02,3.089187145233154297e-01,5.123830437660217285e-01,-1.673038303852081299e-02,3.180373907089233398e-01,5.262355804443359375e-01,-1.741005294024944305e-02,3.138809502124786377e-01,5.369678735733032227e-01,7.706011529080569744e-04,2.953598797321319580e-01,5.174710154533386230e-01,-1.117788348346948624e-02,3.009015023708343506e-01,5.358127951622009277e-01,-9.574715048074722290e-03,3.092384934425354004e-01,5.455911755561828613e-01,-5.164453759789466858e-03,3.024147152900695801e-01,5.567580461502075195e-01,-1.534815528430044651e-03,2.885261476039886475e-01,5.402887463569641113e-01,-7.447142619639635086e-03,2.934356033802032471e-01,5.552082657814025879e-01,-2.999313874170184135e-03,3.007096052169799805e-01,5.644936561584472656e-01,2.483116229996085167e-03
3.606035709381103516e-01,6.323424577713012695e-01,-4.084128590875479858e-08,3.639054894447326660e-01,5.843807458877563477e-01,-1.056862436234951019e-02,3.549861311912536621e-01,5.386413931846618652e-01,-1.335252169519662857e-02,3.386171460151672363e-01,5.064910650253295898e-01,-1.609945669770240784e-02,3.226357400417327881e-01,4.866194128990173340e-01,-1.738376356661319733e-02,3.673592805862426758e-01,5.023707151412963867e-01,3.100635483860969543e-03,3.548705279827117920e-01,4.548058807849884033e-01,-5.754748359322547913e-03,3.412477076053619385e-01,4.263439774513244629e-01,-1.266890950500965118e-02,3.297729194164276123e-01,4.059815108776092529e-01,-1.725238189101219177e-02,3.500665426254272461e-01,5.140261054039001465e-01,3.599905176088213921e-03,3.248665332794189453e-01,4.884825646877288818e-01,-1.069538760930299759e-02,3.271627426147460938e-01,5.093727111816406250e-01,-1.705963164567947388e-02,3.368015289306640625e-01,5.247740149497985840e-01,-1.734872348606586456e-02,3.346446752548217773e-01,5.292181968688964844e-01,2.031893702223896980e-03,3.148282170295715332e-01,5.133231282234191895e-01,-1.155448891222476959e-02,3.195570111274719238e-01,5.336366891860961914e-01,-1.059484668076038361e-02,3.287243247032165527e-01,5.449154376983642578e-01,-5.769249517470598221e-03,3.224636912345886230e-01,5.475984811782836914e-01,-7.311092922464013100e-04,3.068562746047973633e-01,5.353108644485473633e-01,-8.140352554619312286e-03,3.116344213485717773e-01,5.514038205146789551e-01,-4.593590274453163147e-03,3.197450935840606689e-01,5.613011717796325684e-01,8.513251668773591518e-04
3.808708190917968750e-01,6.351861953735351562e-01,-6.606983760093498859e-08,3.850084245204925537e-01,5.835500955581665039e-01,-2.073038369417190552e-03,3.781734108924865723e-01,5.374229550361633301e-01,-3.616848262026906013e-03,3.634150028228759766e-01,5.058311820030212402e-01,-6.916784215718507767e-03,3.486881554126739502e-01,4.887735545635223389e-01,-9.531981311738491058e-03,3.930691182613372803e-01,5.044258832931518555e-01,7.789722643792629242e-03,3.802324831485748291e-01,4.551940560340881348e-01,4.387075605336576700e-04,3.659489750862121582e-01,4.252863526344299316e-01,-5.892166402190923691e-03,3.533526659011840820e-01,4.041484296321868896e-01,-1.043878775089979172e-02,3.757712244987487793e-01,5.153893828392028809e-01,3.776582656428217888e-03,3.473019301891326904e-01,4.836337864398956299e-01,-9.327655658125877380e-03,3.501202762126922607e-01,5.059583783149719238e-01,-1.518482249230146408e-02,3.612138926982879639e-01,5.265412330627441406e-01,-1.557144802063703537e-02,3.592126369476318359e-01,5.302455425262451172e-01,-1.361024682410061359e-03,3.363864719867706299e-01,5.058306455612182617e-01,-1.297521125525236130e-02,3.417705297470092773e-01,5.259838700294494629e-01,-1.066938973963260651e-02,3.524412810802459717e-01,5.424144864082336426e-01,-5.633080378174781799e-03,3.453110158443450928e-01,5.479512214660644531e-01,-6.967957131564617157e-03,3.280589580535888672e-01,5.257331132888793945e-01,-1.286302413791418076e-02,3.329580426216125488e-01,5.422114729881286621e-01,-7.896026596426963806e-03,3.420957624912261963e-01,5.572496652603149414e-01,-1.931218197569251060e-03
4.080952703952789307e-01,6.333210468292236328e-01,-6.825569442980849999e-08,4.157121479511260986e-01,5.804153680801391602e-01,-1.365432515740394592e-03,4.077499508857727051e-01,5.314440727233886719e-01,-3.900191513821482658e-03,3.881027996540069580e-01,5.008252263069152832e-01,-8.066232316195964813e-03,3.700247108936309814e-01,4.863828718662261963e-01,-1.196143403649330139e-02,4.177509844303131104e-01,5.016788840293884277e-01,2.749270992353558540e-03,4.018278121948242188e-01,4.520973563194274902e-01,-6.560650188475847244e-03,3.873200416564941406e-01,4.214881062507629395e-01,-1.350245811045169830e-02,3.745759725570678711e-01,3.993883728981018066e-01,-1.846441812813282013e-02,4.000062346458435059e-01,5.145571827888488770e-01,-2.395246643573045731e-03,3.693626523017883301e-01,4.809323847293853760e-01,-1.726621761918067932e-02,3.731389343738555908e-01,5.046513080596923828e-01,-2.219700068235397339e-02,3.846467435359954834e-01,5.252069234848022461e-01,-2.201607450842857361e-02,3.826824426651000977e-01,5.310181975364685059e-01,-8.365946821868419647e-03,3.580258488655090332e-01,5.038459897041320801e-01,-2.161850780248641968e-02,3.637447953224182129e-01,5.263823270797729492e-01,-1.799538917839527130e-02,3.740538060665130615e-01,5.425759553909301758e-01,-1.205291971564292908e-02,3.679844439029693604e-01,5.504018068313598633e-01,-1.465103682130575180e-02,3.503955602645874023e-01,5.276208519935607910e-01,-2.200175076723098755e-02,3.557586073875427246e-01,5.459499955177307129e-01,-1.673961803317070007e-02,3.641203045845031738e-01,5.598385930061340332e-01,-1.061512064188718796e-02
4.312728047370910645e-01,6.402125954627990723e-01,-7.381559896657563513e-08,4.395490586757659912e-01,5.873479843139648438e-01,-3.984602633863687515e-03,4.308089613914489746e-01,5.365948677062988281e-01,-6.249887403100728989e-03,4.129499495029449463e-01,5.050120353698730469e-01,-9.541941806674003601e-03,3.966580927371978760e-01,4.865202903747558594e-01,-1.216306164860725403e-02,4.409925043582916260e-01,5.050969123840332031e-01,1.271679531782865524e-03,4.260773062705993652e-01,4.534682035446166992e-01,-8.553120307624340057e-03,4.115545749664306641e-01,4.210464358329772949e-01,-1.575717516243457794e-02,3.988620936870574951e-01,3.977129161357879639e-01,-2.059374377131462097e-02,4.223311245441436768e-01,5.165358781814575195e-01,-2.336247358471155167e-03,3.949351906776428223e-01,4.826570451259613037e-01,-1.759424991905689240e-02,3.977755308151245117e-01,5.058692693710327148e-01,-2.278094738721847534e-02,4.086641967296600342e-01,5.270039439201354980e-01,-2.235961332917213440e-02,4.040627479553222656e-01,5.313516259193420410e-01,-7.062271703034639359e-03,3.824730217456817627e-01,5.024789571762084961e-01,-2.028916031122207642e-02,3.878517746925354004e-01,5.243019461631774902e-01,-1.698092557489871979e-02,3.978573083877563477e-01,5.404971837997436523e-01,-1.102123688906431198e-02,3.889139294624328613e-01,5.496258139610290527e-01,-1.240667887032032013e-02,3.728774785995483398e-01,5.252248048782348633e-01,-1.941938884556293488e-02,3.784303367137908936e-01,5.428863763809204102e-01,-1.415018364787101746e-02,3.867167532444000244e-01,5.574579238891601562e-01,-7.860288955271244049e-03
4.490921795368194580e-01,6.360813975334167480e-01,-1.903617885545827448e-08,4.642791450023651123e-01,5.875782370567321777e-01,-8.349289186298847198e-03,4.613081216812133789e-01,5.369002819061279297e-01,-1.206632331013679504e-02,4.441550672054290771e-01,5.000709295272827148e-01,-1.651944778859615326e-02,4.238528013229370117e-01,4.818322956562042236e-01,-2.026540972292423248e-02,4.605141282081604004e-01,5.002851486206054688e-01,1.244391314685344696e-03,4.478592574596405029e-01,4.497584402561187744e-01,-8.313668891787528992e-03,4.350938200950622559e-01,4.185321927070617676e-01,-1.593480072915554047e-02,4.237218797206878662e-01,3.959518671035766602e-01,-2.127412520349025726e-02,4.398394525051116943e-01,5.110609531402587891e-01,-6.057638674974441528e-04,4.208176434040069580e-01,4.769770205020904541e-01,-1.682314276695251465e-02,4.293667078018188477e-01,4.984624981880187988e-01,-2.361527830362319946e-02,4.400861263275146484e-01,5.205675959587097168e-01,-2.395142801105976105e-02,4.213920235633850098e-01,5.263770818710327148e-01,-3.928122576326131821e-03,4.073947966098785400e-01,4.983910322189331055e-01,-1.808273978531360626e-02,4.172190427780151367e-01,5.194304585456848145e-01,-1.515306439250707626e-02,4.261161684989929199e-01,5.376772284507751465e-01,-9.153460152447223663e-03,4.058997333049774170e-01,5.457153916358947754e-01,-8.391047827899456024e-03,3.977522850036621094e-01,5.229392647743225098e-01,-1.608253270387649536e-02,4.063123464584350586e-01,5.382611155509948730e-01,-1.128280535340309143e-02,4.134033024311065674e-01,5.525005459785461426e-01,-5.243202205747365952e-03
4.689286649227142334e-01,6.351221799850463867e-01,-1.395005533311177714e-08,4.877021610736846924e-01,5.864992737770080566e-01,-9.474139660596847534e-03,4.889916181564331055e-01,5.352001190185546875e-01,-1.265603024512529373e-02,4.756232500076293945e-01,4.979584813117980957e-01,-1.618256606161594391e-02,4.557137191295623779e-01,4.782146811485290527e-01,-1.876365952193737030e-02,4.828223288059234619e-01,4.999673962593078613e-01,1.953567989403381944e-04,4.720500111579895020e-01,4.493680894374847412e-01,-9.031901136040687561e-03,4.605878889560699463e-01,4.178822636604309082e-01,-1.657790318131446838e-02,4.495724737644195557e-01,3.933113217353820801e-01,-2.205089852213859558e-02,4.617543220520019531e-01,5.091605782508850098e-01,-1.238005817867815495e-03,4.495172500610351562e-01,4.752340018749237061e-01,-1.604180224239826202e-02,4.574579298496246338e-01,4.953584074974060059e-01,-2.239973843097686768e-02,4.644650816917419434e-01,5.155678987503051758e-01,-2.304541133344173431e-02,4.424122273921966553e-01,5.228249430656433105e-01,-4.355915356427431107e-03,4.342755973339080811e-01,4.952676296234130859e-01,-1.696404255926609039e-02,4.439469277858734131e-01,5.150636434555053711e-01,-1.370164286345243454e-02,4.498417079448699951e-01,5.309493541717529297e-01,-8.258975110948085785e-03,4.256951510906219482e-01,5.406645536422729492e-01,-8.899264037609100342e-03,4.231356084346771240e-01,5.178683996200561523e-01,-1.489152573049068451e-02,4.318917095661163330e-01,5.321059823036193848e-01,-9.413708932697772980e-03,4.360067546367645264e-01,5.453243255615234375e-01,-3.530788933858275414e-03
4.893424808979034424e-01,6.310102343559265137e-01,-2.262533449481907155e-08,5.093907117843627930e-01,5.843338370323181152e-01,-9.450797922909259796e-03,5.132560729980468750e-01,5.328537225723266602e-01,-1.233017165213823318e-02,4.980345368385314941e-01,4.967664182186126709e-01,-1.572212018072605133e-02,4.774984717369079590e-01,4.780059456825256348e-01,-1.823681220412254333e-02,5.052046179771423340e-01,4.963034391403198242e-01,1.111383666284382343e-03,4.954164624214172363e-01,4.460287690162658691e-01,-8.517240174114704132e-03,4.850534796714782715e-01,4.151615202426910400e-01,-1.594359427690505981e-02,4.748825132846832275e-01,3.915827274322509766e-01,-2.111146599054336548e-02,4.844627380371093750e-01,5.058758854866027832e-01,-6.837393157184123993e-04,4.741555452346801758e-01,4.727950096130371094e-01,-1.665857061743736267e-02,4.809121489524841309e-01,4.957515895366668701e-01,-2.331203781068325043e-02,4.874074161052703857e-01,5.170872211456298828e-01,-2.359359525144100189e-02,4.655582904815673828e-01,5.197365283966064453e-01,-4.240809939801692963e-03,4.588202536106109619e-01,4.946296811103820801e-01,-1.876194030046463013e-02,4.671991467475891113e-01,5.178014039993286133e-01,-1.564837060868740082e-02,4.728345572948455811e-01,5.341414809226989746e-01,-9.561890736222267151e-03,4.484958946704864502e-01,5.377099514007568359e-01,-9.129384532570838928e-03,4.464448392391204834e-01,5.164843201637268066e-01,-1.658465713262557983e-02,4.540735483169555664e-01,5.330371260643005371e-01,-1.119709666818380356e-02,4.578827619552612305e-01,5.459948182106018066e-01,-4.947436973452568054e-03
5.102395415306091309e-01,6.283251643180847168e-01,-3.647014423791006266e-08,5.332380533218383789e-01,5.852559208869934082e-01,-8.801417425274848938e-03,5.381626486778259277e-01,5.374907255172729492e-01,-1.257978845387697220e-02,5.263316631317138672e-01,5.004714131355285645e-01,-1.731478795409202576e-02,5.088869929313659668e-01,4.770935773849487305e-01,-2.144059166312217712e-02,5.276117920875549316e-01,4.959627389907836914e-01,4.551152233034372330e-05,5.180464386940002441e-01,4.466961622238159180e-01,-1.034681592136621475e-02,5.078532695770263672e-01,4.148954749107360840e-01,-1.817138865590095520e-02,4.974883794784545898e-01,3.909449577331542969e-01,-2.359327115118503571e-02,5.077155828475952148e-01,5.049412846565246582e-01,-2.295959973707795143e-03,4.997331202030181885e-01,4.716733992099761963e-01,-1.934548467397689819e-02,5.062383413314819336e-01,4.949974715709686279e-01,-2.591690234839916229e-02,5.109565854072570801e-01,5.173685550689697266e-01,-2.597131952643394470e-02,4.892186224460601807e-01,5.184686183929443359e-01,-6.286685820668935776e-03,4.849421381950378418e-01,4.941167831420898438e-01,-2.213692851364612579e-02,4.935514628887176514e-01,5.182047486305236816e-01,-1.857480034232139587e-02,4.980624616146087646e-01,5.355007648468017578e-01,-1.185612101107835770e-02,4.719762504100799561e-01,5.357106328010559082e-01,-1.146186795085668564e-02,4.714623391628265381e-01,5.142930150032043457e-01,-2.005130052566528320e-02,4.795372486114501953e-01,5.319012999534606934e-01,-1.456424035131931305e-02,4.830575287342071533e-01,5.451136231422424316e-01,-8.043761365115642548e-03
5.298653841018676758e-01,6.284171938896179199e-01,-2.286837741394265322e-08,5.554732680320739746e-01,5.907632112503051758e-01,-1.122855301946401596e-02,5.621795654296875000e-01,5.409944057464599609e-01,-1.470185723155736923e-02,5.478287935256958008e-01,5.020936131477355957e-01,-1.843140646815299988e-02,5.286150574684143066e-01,4.785812497138977051e-01,-2.152292430400848389e-02,5.485321879386901855e-01,4.987469017505645752e-01,-8.659316808916628361e-04,5.401071310043334961e-01,4.503381252288818359e-01,-1.085103768855333328e-02,5.311561822891235352e-01,4.183286130428314209e-01,-1.815483719110488892e-02,5.218445062637329102e-01,3.937657475471496582e-01,-2.337742969393730164e-02,5.277978181838989258e-01,5.073860883712768555e-01,-2.050192793831229210e-03,5.218647122383117676e-01,4.711585342884063721e-01,-1.881502941250801086e-02,5.311192870140075684e-01,4.961404204368591309e-01,-2.517722547054290771e-02,5.366868376731872559e-01,5.200324058532714844e-01,-2.510357275605201721e-02,5.092165470123291016e-01,5.208966135978698730e-01,-5.103481467813253403e-03,5.073227882385253906e-01,4.929631352424621582e-01,-2.188646793365478516e-02,5.168725252151489258e-01,5.192831158638000488e-01,-1.846913807094097137e-02,5.206368565559387207e-01,5.382980704307556152e-01,-1.165117416530847549e-02,4.914800226688385010e-01,5.381506681442260742e-01,-9.400327689945697784e-03,4.932322502136230469e-01,5.135113000869750977e-01,-1.941490545868873596e-02,5.021518468856811523e-01,5.325264334678649902e-01,-1.428015064448118210e-02,5.046212077140808105e-01,5.476745963096618652e-01,-7.917201146483421326e-03
5.498657226562500000e-01,6.266852617263793945e-01,-2.964128320570580399e-08,5.752885937690734863e-01,5.900342464447021484e-01,-1.039599534124135971e-02,5.818429589271545410e-01,5.414332747459411621e-01,-1.376285403966903687e-02,5.684334635734558105e-01,5.060721635818481445e-01,-1.737914793193340302e-02,5.473173260688781738e-01,4.872885048389434814e-01,-2.038501016795635223e-02,5.685482025146484375e-01,4.979659914970397949e-01,-2.489257836714386940e-03,5.606192350387573242e-01,4.494543671607971191e-01,-1.295789983123540878e-02,5.528457760810852051e-01,4.169202148914337158e-01,-2.075480110943317413e-02,5.440081357955932617e-01,3.915006518363952637e-01,-2.647659927606582642e-02,5.479199290275573730e-01,5.069347023963928223e-01,-4.656943958252668381e-03,5.436817407608032227e-01,4.736547768115997314e-01,-2.193086780607700348e-02,5.523740053176879883e-01,5.010299682617187500e-01,-2.820087037980556488e-02,5.559379458427429199e-01,5.245431065559387207e-01,-2.822009660303592682e-02,5.292840003967285156e-01,5.217027664184570312e-01,-8.526035584509372711e-03,5.279762148857116699e-01,4.967824220657348633e-01,-2.549628540873527527e-02,5.386033058166503906e-01,5.233696103096008301e-01,-2.217675000429153442e-02,5.413481593132019043e-01,5.401539802551269531e-01,-1.565506123006343842e-02,5.118634700775146484e-01,5.407892465591430664e-01,-1.359583344310522079e-02,5.152496099472045898e-01,5.181627869606018066e-01,-2.347123809158802032e-02,5.248582363128662109e-01,5.360202789306640625e-01,-1.818132214248180389e-02,5.260556340217590332e-01,5.492327809333801270e-01,-1.196976937353610992e-02
5.681219100952148438e-01,6.311502456665039062e-01,-1.811739736012896174e-08,5.946645140647888184e-01,5.982034206390380859e-01,-1.105084270238876343e-02,6.008415818214416504e-01,5.479830503463745117e-01,-1.462502498179674149e-02,5.881069302558898926e-01,5.109980106353759766e-01,-1.812134124338626862e-02,5.677860379219055176e-01,4.925743937492370605e-01,-2.107905782759189606e-02,5.858737826347351074e-01,5.021185874938964844e-01,-5.318487063050270081e-03,5.784881114959716797e-01,4.527412056922912598e-01,-1.569665409624576569e-02,5.709432363510131836e-01,4.184074699878692627e-01,-2.306270971894264221e-02,5.625438094139099121e-01,3.917873799800872803e-01,-2.848453074693679810e-02,5.655904412269592285e-01,5.101335644721984863e-01,-6.712147966027259827e-03,5.610386133193969727e-01,4.769721925258636475e-01,-2.415485307574272156e-02,5.704380273818969727e-01,5.017542839050292969e-01,-3.024166449904441833e-02,5.745879411697387695e-01,5.258044004440307617e-01,-3.004399873316287994e-02,5.471597909927368164e-01,5.242383480072021484e-01,-9.558841586112976074e-03,5.469946861267089844e-01,5.016488432884216309e-01,-2.611143514513969421e-02,5.585013628005981445e-01,5.260461568832397461e-01,-2.307664789259433746e-02,5.620906352996826172e-01,5.438913702964782715e-01,-1.676925830543041229e-02,5.303545594215393066e-01,5.426999926567077637e-01,-1.364374626427888870e-02,5.344734787940979004e-01,5.227591395378112793e-01,-2.357460372149944305e-02,5.447444319725036621e-01,5.394102334976196289e-01,-1.911778748035430908e-02,5.470396876335144043e-01,5.530186891555786133e-01,-1.332603767514228821e-02
5.854721069335937500e-01,6.308680176734924316e-01,-1.154422335503113572e-08,6.122337579727172852e-01,5.977455377578735352e-01,-1.065875869244337082e-02,6.212157011032104492e-01,5.486667752265930176e-01,-1.406085398048162460e-02,6.069387197494506836e-01,5.129569768905639648e-01,-1.756770163774490356e-02,5.876194834709167480e-01,4.941595494747161865e-01,-2.052851580083370209e-02,6.042333841323852539e-01,5.011836290359497070e-01,-3.321111202239990234e-03,5.977689623832702637e-01,4.527792334556579590e-01,-1.320746541023254395e-02,5.909350514411926270e-01,4.198043048381805420e-01,-2.026738226413726807e-02,5.824466943740844727e-01,3.945990204811096191e-01,-2.542327530682086945e-02,5.839520096778869629e-01,5.095258355140686035e-01,-4.685677122324705124e-03,5.811612010002136230e-01,4.762254953384399414e-01,-2.126422151923179626e-02,5.916296839714050293e-01,5.020425915718078613e-01,-2.703378535807132721e-02,5.961126685142517090e-01,5.254191756248474121e-01,-2.682810463011264801e-02,5.657665133476257324e-01,5.235534310340881348e-01,-7.646782789379358292e-03,5.660730004310607910e-01,4.999744594097137451e-01,-2.420932427048683167e-02,5.782952904701232910e-01,5.252891778945922852e-01,-2.098678424954414368e-02,5.823901891708374023e-01,5.431876182556152344e-01,-1.457994244992733002e-02,5.480283498764038086e-01,5.421704649925231934e-01,-1.173300202935934067e-02,5.519422888755798340e-01,5.205554962158203125e-01,-2.167837321758270264e-02,5.630204677581787109e-01,5.382199883460998535e-01,-1.682764105498790741e-02,5.658695101737976074e-01,5.522294044494628906e-01,-1.079455669969320297e-02
6.026983857154846191e-01,6.325783729553222656e-01,-1.977460684088327980e-08,6.307929158210754395e-01,6.021147966384887695e-01,-1.138413511216640472e-02,6.398269534111022949e-01,5.520037412643432617e-01,-1.493232790380716324e-02,6.283109188079833984e-01,5.146179199218750000e-01,-1.855052821338176727e-02,6.086870431900024414e-01,4.947313666343688965e-01,-2.165334112942218781e-02,6.228198409080505371e-01,5.054168701171875000e-01,-5.476868245750665665e-03,6.169645786285400391e-01,4.541546702384948730e-01,-1.601210050284862518e-02,6.109662055969238281e-01,4.203600287437438965e-01,-2.329478412866592407e-02,6.026365160942077637e-01,3.938167989253997803e-01,-2.873538993299007416e-02,6.024058461189270020e-01,5.129220485687255859e-01,-6.626437418162822723e-03,6.011126637458801270e-01,4.816272854804992676e-01,-2.455524727702140808e-02,6.107600927352905273e-01,5.090402960777282715e-01,-3.052007220685482025e-02,6.131395697593688965e-01,5.313521623611450195e-01,-3.039815463125705719e-02,5.839222073554992676e-01,5.259638428688049316e-01,-9.359177201986312866e-03,5.857582688331604004e-01,5.025246739387512207e-01,-2.710480056703090668e-02,5.978958010673522949e-01,5.294101834297180176e-01,-2.371221967041492462e-02,6.007901430130004883e-01,5.467838644981384277e-01,-1.708869263529777527e-02,5.663507580757141113e-01,5.431147813796997070e-01,-1.326547097414731979e-02,5.724498033523559570e-01,5.224604606628417969e-01,-2.453251369297504425e-02,5.836217999458312988e-01,5.406703352928161621e-01,-2.006172575056552887e-02,5.858055949211120605e-01,5.541399717330932617e-01,-1.412237528711557388e-02
6.173555850982666016e-01,6.369380950927734375e-01,-3.123925651493664191e-08,6.476933360099792480e-01,6.082807779312133789e-01,-1.220496930181980133e-02,6.599195003509521484e-01,5.570055246353149414e-01,-1.551365759223699570e-02,6.478279232978820801e-01,5.174261331558227539e-01,-1.866015978157520294e-02,6.275725960731506348e-01,4.984168410301208496e-01,-2.120736986398696899e-02,6.424142122268676758e-01,5.101253986358642578e-01,-4.615240730345249176e-03,6.377306580543518066e-01,4.583857059478759766e-01,-1.506546139717102051e-02,6.324993968009948730e-01,4.236668348312377930e-01,-2.242963761091232300e-02,6.246491670608520508e-01,3.962829709053039551e-01,-2.798191830515861511e-02,6.222140789031982422e-01,5.164226293563842773e-01,-5.317095201462507248e-03,6.208986043930053711e-01,4.847403466701507568e-01,-2.317899279296398163e-02,6.296885609626770020e-01,5.115522742271423340e-01,-2.954627200961112976e-02,6.313624382019042969e-01,5.336865782737731934e-01,-2.974309027194976807e-02,6.039736866950988770e-01,5.281956791877746582e-01,-7.753277663141489029e-03,6.054560542106628418e-01,5.040328502655029297e-01,-2.554510347545146942e-02,6.163109540939331055e-01,5.307416319847106934e-01,-2.251849137246608734e-02,6.183400154113769531e-01,5.481250286102294922e-01,-1.616506278514862061e-02,5.860162973403930664e-01,5.438746809959411621e-01,-1.146785635501146317e-02,5.920213460922241211e-01,5.235540270805358887e-01,-2.268504351377487183e-02,6.021102070808410645e-01,5.419019460678100586e-01,-1.860563270747661591e-02,6.034777164459228516e-01,5.552303194999694824e-01,-1.305460743606090546e-02
6.335985064506530762e-01,6.378101706504821777e-01,-2.378396679603156372e-08,6.645702123641967773e-01,6.118049025535583496e-01,-1.274428982287645340e-02,6.804100871086120605e-01,5.628043413162231445e-01,-1.624364592134952545e-02,6.726370453834533691e-01,5.224499106407165527e-01,-1.922725327312946320e-02,6.558015942573547363e-01,4.986676275730133057e-01,-2.153938263654708862e-02,6.611343622207641602e-01,5.118259191513061523e-01,-6.113033741712570190e-03,6.567024588584899902e-01,4.605615735054016113e-01,-1.640276238322257996e-02,6.522383689880371094e-01,4.263407588005065918e-01,-2.382671274244785309e-02,6.457098126411437988e-01,3.989126086235046387e-01,-2.939529903233051300e-02,6.408491730690002441e-01,5.172978639602661133e-01,-6.393050309270620346e-03,6.422093510627746582e-01,4.846007227897644043e-01,-2.269452624022960663e-02,6.511352062225341797e-01,5.122432708740234375e-01,-2.818956226110458374e-02,6.525323390960693359e-01,5.344719290733337402e-01,-2.838903106749057770e-02,6.223834753036499023e-01,5.287087559700012207e-01,-8.437735028564929962e-03,6.258293986320495605e-01,5.025307536125183105e-01,-2.511486597359180450e-02,6.363371014595031738e-01,5.299689173698425293e-01,-2.148786373436450958e-02,6.380996108055114746e-01,5.474930405616760254e-01,-1.524674799293279648e-02,6.040317416191101074e-01,5.444152951240539551e-01,-1.181553676724433899e-02,6.110669374465942383e-01,5.220774412155151367e-01,-2.262470126152038574e-02,6.217783689498901367e-01,5.408957600593566895e-01,-1.814381033182144165e-02,6.232165098190307617e-01,5.548108220100402832e-01,-1.253102254122495651e-02
6.549098491668701172e-01,6.340021491050720215e-01,3.867112408073580809e-09,6.861183643341064453e-01,6.060469746589660645e-01,-1.153696142137050629e-02,6.996713280677795410e-01,5.569922924041748047e-01,-1.426815334707498550e-02,6.917306184768676758e-01,5.185542106628417969e-01,-1.680837199091911316e-02,6.713423728942871094e-01,5.022446513175964355e-01,-1.888564601540565491e-02,6.778758764266967773e-01,5.083602666854858398e-01,-5.257500335574150085e-03,6.742879748344421387e-01,4.568938612937927246e-01,-1.524640619754791260e-02,6.704272031784057617e-01,4.227443635463714600e-01,-2.293466590344905853e-02,6.645934581756591797e-01,3.951812982559204102e-01,-2.878236025571823120e-02,6.578194499015808105e-01,5.158232450485229492e-01,-6.369318347424268723e-03,6.585772037506103516e-01,4.852776527404785156e-01,-2.307970076799392700e-02,6.682058572769165039e-01,5.123196244239807129e-01,-2.940880507230758667e-02,6.707129478454589844e-01,5.363149642944335938e-01,-2.999432198703289032e-02,6.394637823104858398e-01,5.292547941207885742e-01,-9.101731702685356140e-03,6.437743306159973145e-01,5.062893033027648926e-01,-2.676481753587722778e-02,6.551942825317382812e-01,5.331305861473083496e-01,-2.486634254455566406e-02,6.580295562744140625e-01,5.521710515022277832e-01,-1.928610354661941528e-02,6.220768094062805176e-01,5.473750829696655273e-01,-1.298505906015634537e-02,6.295166015625000000e-01,5.261503458023071289e-01,-2.487755753099918365e-02,6.411301493644714355e-01,5.436594486236572266e-01,-2.143736183643341064e-02,6.442760229110717773e-01,5.593943595886230469e-01,-1.620746403932571411e-02
6.706205010414123535e-01,6.359269022941589355e-01,5.378411049861142601e-09,7.019786238670349121e-01,6.101074814796447754e-01,-1.127940602600574493e-02,7.163594961166381836e-01,5.635030269622802734e-01,-1.548043265938758850e-02,7.118325829505920410e-01,5.260379910469055176e-01,-1.996164768934249878e-02,6.950362324714660645e-01,5.057666897773742676e-01,-2.416956052184104919e-02,6.948576569557189941e-01,5.110575556755065918e-01,-6.219467148184776306e-03,6.924774646759033203e-01,4.587652981281280518e-01,-1.632813550531864166e-02,6.894792914390563965e-01,4.234474897384643555e-01,-2.392330579459667206e-02,6.841257810592651367e-01,3.949584364891052246e-01,-2.968338504433631897e-02,6.751977801322937012e-01,5.172106623649597168e-01,-7.385919336229562759e-03,6.796925067901611328e-01,4.875806868076324463e-01,-2.512679621577262878e-02,6.881341934204101562e-01,5.144433379173278809e-01,-3.163447976112365723e-02,6.878650784492492676e-01,5.376023650169372559e-01,-3.215105831623077393e-02,6.569478511810302734e-01,5.295520424842834473e-01,-9.958866052329540253e-03,6.646978855133056641e-01,5.046508908271789551e-01,-2.787672169506549835e-02,6.752476096153259277e-01,5.322598218917846680e-01,-2.524514310061931610e-02,6.759762167930603027e-01,5.516284704208374023e-01,-1.917347498238086700e-02,6.394333839416503906e-01,5.461240410804748535e-01,-1.358888577669858932e-02,6.509078145027160645e-01,5.245893001556396484e-01,-2.561497315764427185e-02,6.618191599845886230e-01,5.437495708465576172e-01,-2.185489237308502197e-02,6.635569930076599121e-01,5.591884255409240723e-01,-1.631411164999008179e-02
6.894118189811706543e-01,6.396169066429138184e-01,-7.482174602113644823e-11,7.212638854980468750e-01,6.148151755332946777e-01,-1.208480540663003922e-02,7.388349175453186035e-01,5.654463768005371094e-01,-1.634171418845653534e-02,7.330833673477172852e-01,5.266045331954956055e-01,-2.072494290769100189e-02,7.142784595489501953e-01,5.056926012039184570e-01,-2.473644167184829712e-02,7.153398990631103516e-01,5.141165256500244141e-01,-6.605762988328933716e-03,7.144407629966735840e-01,4.617895781993865967e-01,-1.746972464025020599e-02,7.121493220329284668e-01,4.259837567806243896e-01,-2.489140257239341736e-02,7.062816619873046875e-01,3.964602351188659668e-01,-3.051297925412654877e-02,6.948398351669311523e-01,5.196914076805114746e-01,-7.972980849444866180e-03,7.030439376831054688e-01,4.872793853282928467e-01,-2.643378451466560364e-02,7.119570374488830566e-01,5.174363851547241211e-01,-3.274055942893028259e-02,7.091650962829589844e-01,5.402017235755920410e-01,-3.287868574261665344e-02,6.764399409294128418e-01,5.316073298454284668e-01,-1.089962199330329895e-02,6.872038245201110840e-01,5.052011013031005859e-01,-3.059237636625766754e-02,6.976439356803894043e-01,5.362453460693359375e-01,-2.759008668363094330e-02,6.954614520072937012e-01,5.542221665382385254e-01,-2.083162590861320496e-02,6.584987044334411621e-01,5.480417013168334961e-01,-1.482847705483436584e-02,6.733603477478027344e-01,5.255469679832458496e-01,-2.794404327869415283e-02,6.846085786819458008e-01,5.466440916061401367e-01,-2.365406043827533722e-02,6.833064556121826172e-01,5.612170100212097168e-01,-1.766156964004039764e-02
7.211234569549560547e-01,5.951182842254638672e-01,8.365832115941884695e-08,7.428126931190490723e-01,5.783407092094421387e-01,-1.395844016224145889e-02,7.545679211616516113e-01,5.423961281776428223e-01,-2.097799815237522125e-02,7.467224597930908203e-01,5.145730376243591309e-01,-2.639782056212425232e-02,7.297308444976806641e-01,4.989414513111114502e-01,-3.130090981721878052e-02,7.349330186843872070e-01,5.003192424774169922e-01,-1.912269555032253265e-02,7.337958216667175293e-01,4.552721679210662842e-01,-3.323592990636825562e-02,7.319011092185974121e-01,4.242172241210937500e-01,-4.291130974888801575e-02,7.285088300704956055e-01,3.992136716842651367e-01,-4.995506629347801208e-02,7.158887982368469238e-01,5.069328546524047852e-01,-1.919636130332946777e-02,7.182686924934387207e-01,4.907153546810150146e-01,-3.644711151719093323e-02,7.268363833427429199e-01,5.207841992378234863e-01,-4.047402366995811462e-02,7.311104536056518555e-01,5.411954522132873535e-01,-4.068785533308982849e-02,6.990814805030822754e-01,5.199082493782043457e-01,-2.075740694999694824e-02,7.044010162353515625e-01,5.112832188606262207e-01,-3.739446029067039490e-02,7.138006687164306641e-01,5.370788574218750000e-01,-3.312582522630691528e-02,7.173814177513122559e-01,5.512640476226806641e-01,-2.722705341875553131e-02,6.843041181564331055e-01,5.371075868606567383e-01,-2.354647777974605560e-02,6.915684938430786133e-01,5.284148454666137695e-01,-3.494030982255935669e-02,7.013410925865173340e-01,5.460381507873535156e-01,-3.068749234080314636e-02,7.040509581565856934e-01,5.575165152549743652e-01,-2.553234249353408813e-02
7.277744412422180176e-01,6.490865349769592285e-01,3.220205613274629286e-08,7.605706453323364258e-01,6.248627901077270508e-01,-1.208632811903953552e-02,7.794711589813232422e-01,5.779929161071777344e-01,-1.684722863137722015e-02,7.782567739486694336e-01,5.368829965591430664e-01,-2.218350395560264587e-02,7.619814276695251465e-01,5.118488669395446777e-01,-2.721819840371608734e-02,7.548297643661499023e-01,5.247952342033386230e-01,-5.514439661055803299e-03,7.538000941276550293e-01,4.710587263107299805e-01,-1.633309014141559601e-02,7.535693049430847168e-01,4.345968961715698242e-01,-2.367733046412467957e-02,7.505130171775817871e-01,4.052569866180419922e-01,-2.890079282224178314e-02,7.358848452568054199e-01,5.289062261581420898e-01,-6.942098960280418396e-03,7.473826408386230469e-01,4.945808053016662598e-01,-2.625504694879055023e-02,7.570221424102783203e-01,5.225807428359985352e-01,-3.331973776221275330e-02,7.548123002052307129e-01,5.465628504753112793e-01,-3.336612135171890259e-02,7.173911929130554199e-01,5.388957858085632324e-01,-9.982756339013576508e-03,7.307016253471374512e-01,5.100667476654052734e-01,-3.024925291538238525e-02,7.409350872039794922e-01,5.400536656379699707e-01,-2.844891324639320374e-02,7.389802336692810059e-01,5.606122612953186035e-01,-2.178005129098892212e-02,6.980220675468444824e-01,5.530069470405578613e-01,-1.397332921624183655e-02,7.137361168861389160e-01,5.283817052841186523e-01,-2.740581147372722626e-02,7.262069582939147949e-01,5.482678413391113281e-01,-2.391335368156433105e-02,7.267920374870300293e-01,5.652486085891723633e-01,-1.797715760767459869e-02
7.477224469184875488e-01,6.509299874305725098e-01,4.084985150143438659e-08,7.812596559524536133e-01,6.231242418289184570e-01,-1.042530220001935959e-02,8.000509738922119141e-01,5.758563876152038574e-01,-1.513210684061050415e-02,7.983991503715515137e-01,5.342864394187927246e-01,-2.102189883589744568e-02,7.801881432533264160e-01,5.099878907203674316e-01,-2.690777368843555450e-02,7.737149596214294434e-01,5.261688232421875000e-01,-3.350677201524376869e-03,7.722697257995605469e-01,4.730522036552429199e-01,-1.475508417934179306e-02,7.721234560012817383e-01,4.374015033245086670e-01,-2.304657734930515289e-02,7.691480517387390137e-01,4.086022973060607910e-01,-2.890078537166118622e-02,7.545971274375915527e-01,5.304480791091918945e-01,-5.695448722690343857e-03,7.663390040397644043e-01,4.978264570236206055e-01,-2.574659325182437897e-02,7.758809328079223633e-01,5.271463990211486816e-01,-3.368711471557617188e-02,7.732601761817932129e-01,5.521866083145141602e-01,-3.429583460092544556e-02,7.362090945243835449e-01,5.411310195922851562e-01,-9.592179208993911743e-03,7.500176429748535156e-01,5.140286087989807129e-01,-3.023982606828212738e-02,7.605208158493041992e-01,5.440356731414794922e-01,-2.838040143251419067e-02,7.586689591407775879e-01,5.655318498611450195e-01,-2.160567604005336761e-02,7.168296575546264648e-01,5.560300350189208984e-01,-1.431510318070650101e-02,7.334838509559631348e-01,5.327290892601013184e-01,-2.793137729167938232e-02,7.461165785789489746e-01,5.527562499046325684e-01,-2.417980879545211792e-02,7.468076348304748535e-01,5.702165365219116211e-01,-1.796002686023712158e-02
7.643715143203735352e-01,6.588901877403259277e-01,4.167567269064420543e-08,7.977313995361328125e-01,6.310056447982788086e-01,-1.070702169090509415e-02,8.151063323020935059e-01,5.815395712852478027e-01,-1.475114002823829651e-02,8.121974468231201172e-01,5.390048623085021973e-01,-1.992160454392433167e-02,7.954868078231811523e-01,5.132482647895812988e-01,-2.505832165479660034e-02,7.918272018432617188e-01,5.328952670097351074e-01,-3.449514741078019142e-03,7.903143763542175293e-01,4.783839881420135498e-01,-1.488007511943578720e-02,7.913695573806762695e-01,4.407806098461151123e-01,-2.307482622563838959e-02,7.902405261993408203e-01,4.115860462188720703e-01,-2.860138937830924988e-02,7.728413939476013184e-01,5.363402962684631348e-01,-5.201316438615322113e-03,7.839674949645996094e-01,5.016338825225830078e-01,-2.525608055293560028e-02,7.944732308387756348e-01,5.294687151908874512e-01,-3.309333324432373047e-02,7.935619950294494629e-01,5.575406551361083984e-01,-3.325211256742477417e-02,7.544552087783813477e-01,5.464218258857727051e-01,-8.549486286938190460e-03,7.693359851837158203e-01,5.200660228729248047e-01,-2.870344556868076324e-02,7.802552580833435059e-01,5.491524934768676758e-01,-2.723572030663490295e-02,7.787013649940490723e-01,5.735605955123901367e-01,-2.048688381910324097e-02,7.354623079299926758e-01,5.613511204719543457e-01,-1.278416533023118973e-02,7.520221471786499023e-01,5.383043885231018066e-01,-2.605443634092807770e-02,7.643389701843261719e-01,5.572508573532104492e-01,-2.285267971456050873e-02,7.646129131317138672e-01,5.760940909385681152e-01,-1.682541705667972565e-02
7.795082330703735352e-01,6.631487607955932617e-01,6.014748521465662634e-08,8.119091391563415527e-01,6.338785886764526367e-01,-1.073993835598230362e-02,8.289358019828796387e-01,5.875782966613769531e-01,-1.603846438229084015e-02,8.276245594024658203e-01,5.482754707336425781e-01,-2.259263023734092712e-02,8.122003674507141113e-01,5.224301218986511230e-01,-2.880571223795413971e-02,8.045321702957153320e-01,5.355548858642578125e-01,-4.123772960156202316e-03,8.039887547492980957e-01,4.799806177616119385e-01,-1.633016020059585571e-02,8.054875135421752930e-01,4.428234100341796875e-01,-2.446611039340496063e-02,8.043184280395507812e-01,4.121752679347991943e-01,-2.993113547563552856e-02,7.859994769096374512e-01,5.384060144424438477e-01,-6.854087579995393753e-03,7.998431324958801270e-01,5.030605792999267578e-01,-2.779329568147659302e-02,8.116549849510192871e-01,5.347250103950500488e-01,-3.489093855023384094e-02,8.099874258041381836e-01,5.627385377883911133e-01,-3.422860056161880493e-02,7.682592272758483887e-01,5.483890175819396973e-01,-1.129028201103210449e-02,7.880911231040954590e-01,5.253961086273193359e-01,-3.315823897719383240e-02,7.980520725250244141e-01,5.596734881401062012e-01,-3.062228672206401825e-02,7.938840389251708984e-01,5.827341079711914062e-01,-2.254472859203815460e-02,7.502304315567016602e-01,5.636032223701477051e-01,-1.657093502581119537e-02,7.715870141983032227e-01,5.437736511230468750e-01,-3.037745133042335510e-02,7.831194400787353516e-01,5.659753680229187012e-01,-2.589890360832214355e-02,7.803590893745422363e-01,5.839498639106750488e-01,-1.874425821006298065e-02
7.896499633789062500e-01,6.699907183647155762e-01,9.084831020800265833e-08,8.258832097053527832e-01,6.425504684448242188e-01,-1.056135352700948715e-02,8.457326889038085938e-01,5.968755483627319336e-01,-1.578414998948574066e-02,8.464288711547851562e-01,5.557656288146972656e-01,-2.262125350534915924e-02,8.313367366790771484e-01,5.290363430976867676e-01,-2.901405841112136841e-02,8.142060637474060059e-01,5.408295392990112305e-01,-2.256694482639431953e-03,8.123831748962402344e-01,4.855902194976806641e-01,-1.433093845844268799e-02,8.144841790199279785e-01,4.478457868099212646e-01,-2.230103686451911926e-02,8.146084547042846680e-01,4.186341166496276855e-01,-2.746702171862125397e-02,7.966455817222595215e-01,5.425687432289123535e-01,-5.132535472512245178e-03,8.124505281448364258e-01,5.037923455238342285e-01,-2.660281583666801453e-02,8.271814584732055664e-01,5.335667133331298828e-01,-3.378795087337493896e-02,8.273524641990661621e-01,5.626072287559509277e-01,-3.272051736712455750e-02,7.792010307312011719e-01,5.510861873626708984e-01,-9.946008212864398956e-03,8.023059368133544922e-01,5.251520276069641113e-01,-3.325137868523597717e-02,8.128246068954467773e-01,5.609977841377258301e-01,-3.153363987803459167e-02,8.076733946800231934e-01,5.867939591407775879e-01,-2.332513779401779175e-02,7.608088850975036621e-01,5.651442408561706543e-01,-1.550368033349514008e-02,7.855814695358276367e-01,5.446079373359680176e-01,-3.061787784099578857e-02,7.969275712966918945e-01,5.685466527938842773e-01,-2.698977291584014893e-02,7.927919626235961914e-01,5.889944434165954590e-01,-2.004131488502025604e-02
8.002476096153259277e-01,6.778711676597595215e-01,6.676635422309118439e-08,8.370731472969055176e-01,6.419881582260131836e-01,-8.836384862661361694e-03,8.567212820053100586e-01,5.972344875335693359e-01,-1.390091516077518463e-02,8.560341596603393555e-01,5.558369755744934082e-01,-2.106578275561332703e-02,8.385276198387145996e-01,5.276876688003540039e-01,-2.784260548651218414e-02,8.248672485351562500e-01,5.454050898551940918e-01,3.491685725748538971e-03,8.245788812637329102e-01,4.953698217868804932e-01,-7.757568266242742538e-03,8.294587135314941406e-01,4.624650478363037109e-01,-1.550845243036746979e-02,8.288623094558715820e-01,4.388932883739471436e-01,-2.042643167078495026e-02,8.071620464324951172e-01,5.478649735450744629e-01,1.913288724608719349e-05,8.234281539916992188e-01,5.083957314491271973e-01,-1.941499859094619751e-02,8.369119763374328613e-01,5.386158823966979980e-01,-2.642978727817535400e-02,8.341493606567382812e-01,5.659227371215820312e-01,-2.598705515265464783e-02,7.890204191207885742e-01,5.551450252532958984e-01,-5.800523795187473297e-03,8.112186789512634277e-01,5.261887907981872559e-01,-2.739267423748970032e-02,8.229466676712036133e-01,5.591417551040649414e-01,-2.612909674644470215e-02,8.189942240715026855e-01,5.839698314666748047e-01,-1.899254322052001953e-02,7.697498202323913574e-01,5.675015449523925781e-01,-1.235285494476556778e-02,7.952337861061096191e-01,5.438067913055419922e-01,-2.670409344136714935e-02,8.076420426368713379e-01,5.665884017944335938e-01,-2.383652888238430023e-02,8.046194911003112793e-01,5.878276824951171875e-01,-1.796356774866580963e-02
8.105105161666870117e-01,6.720327734947204590e-01,9.686652902018977329e-08,8.450434803962707520e-01,6.431300640106201172e-01,-9.224727749824523926e-03,8.638188838958740234e-01,5.975762009620666504e-01,-1.464455481618642807e-02,8.633286952972412109e-01,5.572102069854736328e-01,-2.198043838143348694e-02,8.462747931480407715e-01,5.316734910011291504e-01,-2.911549247801303864e-02,8.314181566238403320e-01,5.400532484054565430e-01,-1.797709614038467407e-03,8.315535783767700195e-01,4.842870533466339111e-01,-1.439137663692235947e-02,8.337952494621276855e-01,4.457267224788665771e-01,-2.279293909668922424e-02,8.327148556709289551e-01,4.134271144866943359e-01,-2.862664870917797089e-02,8.122484683990478516e-01,5.435751676559448242e-01,-5.552286747843027115e-03,8.335611224174499512e-01,5.083679556846618652e-01,-2.757550962269306183e-02,8.450630307197570801e-01,5.452309250831604004e-01,-3.421610966324806213e-02,8.398229479789733887e-01,5.731733441352844238e-01,-3.321032226085662842e-02,7.945849895477294922e-01,5.531393289566040039e-01,-1.113129872828722000e-02,8.202039599418640137e-01,5.275069475173950195e-01,-3.440968319773674011e-02,8.298779726028442383e-01,5.655476450920104980e-01,-3.044476918876171112e-02,8.229915499687194824e-01,5.894442200660705566e-01,-2.123894914984703064e-02,7.759404778480529785e-01,5.683543682098388672e-01,-1.742888800799846649e-02,8.039031028747558594e-01,5.447798967361450195e-01,-3.224033117294311523e-02,8.146405220031738281e-01,5.702480077743530273e-01,-2.698461338877677917e-02,8.090320825576782227e-01,5.892215967178344727e-01,-1.926770620048046112e-02
8.077619075775146484e-01,6.792778372764587402e-01,3.855707575439737411e-08,8.460996747016906738e-01,6.493589878082275391e-01,-8.985516615211963654e-03,8.680526018142700195e-01,6.012913584709167480e-01,-1.340674795210361481e-02,8.715803623199462891e-01,5.579981803894042969e-01,-1.988285593688488007e-02,8.549276590347290039e-01,5.342653989791870117e-01,-2.610689960420131683e-02,8.376955389976501465e-01,5.457913875579833984e-01,5.983182345516979694e-04,8.390915393829345703e-01,4.899495840072631836e-01,-1.089552696794271469e-02,8.438472151756286621e-01,4.541094005107879639e-01,-1.856608502566814423e-02,8.443338274955749512e-01,4.242548942565917969e-01,-2.391429618000984192e-02,8.192036747932434082e-01,5.483196377754211426e-01,-3.098230110481381416e-03,8.394104242324829102e-01,5.110083222389221191e-01,-2.429127506911754608e-02,8.497026562690734863e-01,5.480951070785522461e-01,-3.102564439177513123e-02,8.435531258583068848e-01,5.753811597824096680e-01,-3.011826053261756897e-02,8.012327551841735840e-01,5.555871129035949707e-01,-8.786492981016635895e-03,8.258106112480163574e-01,5.266640186309814453e-01,-3.102889284491539001e-02,8.341535925865173340e-01,5.641214251518249512e-01,-2.788767963647842407e-02,8.264043331146240234e-01,5.875222086906433105e-01,-1.949222199618816376e-02,7.817150950431823730e-01,5.677625536918640137e-01,-1.528244838118553162e-02,8.083107471466064453e-01,5.431917309761047363e-01,-2.924274839460849762e-02,8.186594247817993164e-01,5.678301453590393066e-01,-2.479627355933189392e-02,8.131467103958129883e-01,5.871028304100036621e-01,-1.793266646564006805e-02
8.123495578765869141e-01,6.796130537986755371e-01,7.798470136322066537e-08,8.488428592681884766e-01,6.451811194419860840e-01,-6.856653839349746704e-03,8.684881925582885742e-01,5.980796217918395996e-01,-1.144262030720710754e-02,8.720706701278686523e-01,5.580359697341918945e-01,-1.869982294738292694e-02,8.578723073005676270e-01,5.297952890396118164e-01,-2.548487111926078796e-02,8.372361063957214355e-01,5.426265001296997070e-01,4.022539593279361725e-03,8.402606248855590820e-01,4.899989068508148193e-01,-7.168068550527095795e-03,8.456534147262573242e-01,4.542866051197052002e-01,-1.390079688280820847e-02,8.453642725944519043e-01,4.246644079685211182e-01,-1.850844919681549072e-02,8.187697529792785645e-01,5.453542470932006836e-01,-1.455206307582557201e-03,8.416536450386047363e-01,5.070151090621948242e-01,-2.175532467663288116e-02,8.525322079658508301e-01,5.473381280899047852e-01,-2.710650861263275146e-02,8.447192311286926270e-01,5.716013312339782715e-01,-2.512785047292709351e-02,8.008040785789489746e-01,5.527497529983520508e-01,-9.075349196791648865e-03,8.298374414443969727e-01,5.268175005912780762e-01,-3.269239142537117004e-02,8.381692767143249512e-01,5.685800313949584961e-01,-2.892665192484855652e-02,8.275882005691528320e-01,5.881166458129882812e-01,-1.951836422085762024e-02,7.816013693809509277e-01,5.654106736183166504e-01,-1.710787601768970490e-02,8.122335672378540039e-01,5.421197414398193359e-01,-3.159837424755096436e-02,8.223060965538024902e-01,5.698692798614501953e-01,-2.589044533669948578e-02,8.132117986679077148e-01,5.871220827102661133e-01,-1.796945370733737946e-02
