8.340032696723937988e-01,6.641877889633178711e-01,-1.098861943660267571e-07,7.865257263183593750e-01,6.072233319282531738e-01,-3.949343226850032806e-03,7.698596119880676270e-01,5.270758867263793945e-01,-1.285835541784763336e-02,7.655481696128845215e-01,4.659680426120758057e-01,-2.647651359438896179e-02,7.707031369209289551e-01,4.159091114997863770e-01,-4.300376027822494507e-02,8.422724604606628418e-01,4.345425367355346680e-01,-7.085615769028663635e-03,8.372703790664672852e-01,3.577882647514343262e-01,-3.056521154940128326e-02,8.362435102462768555e-01,2.926175594329833984e-01,-4.928291961550712585e-02,8.370261788368225098e-01,2.433113306760787964e-01,-6.330595910549163818e-02,8.793413043022155762e-01,4.458083212375640869e-01,-2.168568037450313568e-02,8.140146136283874512e-01,4.219084382057189941e-01,-6.014772132039070129e-02,7.739321589469909668e-01,4.804630875587463379e-01,-7.433701306581497192e-02,7.556980252265930176e-01,5.326190590858459473e-01,-7.592631876468658447e-02,9.031471610069274902e-01,4.773902595043182373e-01,-3.754289820790290833e-02,8.251569271087646484e-01,4.621222913265228271e-01,-7.769504189491271973e-02,7.885380983352661133e-01,5.261861681938171387e-01,-7.600125670433044434e-02,7.753045558929443359e-01,5.780106186866760254e-01,-6.413520127534866333e-02,9.143510460853576660e-01,5.200408697128295898e-01,-5.344675853848457336e-02,8.454284071922302246e-01,5.127732753753662109e-01,-8.765899389982223511e-02,8.140642046928405762e-01,5.541110038757324219e-01,-8.759226649999618530e-02,8.048103451728820801e-01,5.919536352157592773e-01,-7.859118282794952393e-02
8.258917331695556641e-01,6.662505865097045898e-01,-4.551361030280531850e-07,7.831287384033203125e-01,6.125488281250000000e-01,-1.403181534260511398e-02,7.638890147209167480e-01,5.303319692611694336e-01,-2.548467554152011871e-02,7.636295557022094727e-01,4.667517244815826416e-01,-3.935015946626663208e-02,7.771727442741394043e-01,4.219793379306793213e-01,-5.442441999912261963e-02,8.427581787109375000e-01,4.347883462905883789e-01,-1.373254694044589996e-02,8.387809395790100098e-01,3.441898822784423828e-01,-3.840212523937225342e-02,8.369605541229248047e-01,2.806833088397979736e-01,-5.617541074752807617e-02,8.356132507324218750e-01,2.282502353191375732e-01,-6.952738761901855469e-02,8.798787593841552734e-01,4.490492641925811768e-01,-2.197048254311084747e-02,8.150469064712524414e-01,4.170807003974914551e-01,-6.574860215187072754e-02,7.719696760177612305e-01,4.824694991111755371e-01,-7.647062093019485474e-02,7.508752942085266113e-01,5.383854508399963379e-01,-7.324560731649398804e-02,9.028137326240539551e-01,4.806883633136749268e-01,-3.272515907883644104e-02,8.273341059684753418e-01,4.595443904399871826e-01,-7.410012185573577881e-02,7.915678620338439941e-01,5.236120820045471191e-01,-6.659195572137832642e-02,7.747752666473388672e-01,5.753439068794250488e-01,-5.048919096589088440e-02,9.139956831932067871e-01,5.236900448799133301e-01,-4.512207582592964172e-02,8.456409573554992676e-01,5.139260888099670410e-01,-7.564032077789306641e-02,8.147274255752563477e-01,5.579202175140380859e-01,-7.090274989604949951e-02,8.018323183059692383e-01,5.961613655090332031e-01,-5.884329602122306824e-02
8.309629559516906738e-01,6.768783330917358398e-01,-5.117586852065869607e-07,7.847748994827270508e-01,6.143213510513305664e-01,-1.502726785838603973e-02,7.622538208961486816e-01,5.329724550247192383e-01,-2.817605994641780853e-02,7.577840089797973633e-01,4.711672067642211914e-01,-4.387213289737701416e-02,7.691705226898193359e-01,4.236486256122589111e-01,-6.039610505104064941e-02,8.474880456924438477e-01,4.356668889522552490e-01,-1.316859479993581772e-02,8.383053541183471680e-01,3.444505929946899414e-01,-3.784943372011184692e-02,8.360607624053955078e-01,2.808563709259033203e-01,-5.622955411672592163e-02,8.350184559822082520e-01,2.271684706211090088e-01,-7.003428786993026733e-02,8.826734423637390137e-01,4.500736892223358154e-01,-2.114664018154144287e-02,8.126708865165710449e-01,4.193475544452667236e-01,-6.494989246129989624e-02,7.696007490158081055e-01,4.859350919723510742e-01,-7.611465454101562500e-02,7.487718462944030762e-01,5.436357855796813965e-01,-7.343674451112747192e-02,9.039334654808044434e-01,4.810800552368164062e-01,-3.184156492352485657e-02,8.246982097625732422e-01,4.607398509979248047e-01,-7.262343913316726685e-02,7.910742163658142090e-01,5.260792374610900879e-01,-6.508500128984451294e-02,7.752343416213989258e-01,5.794819593429565430e-01,-4.928883537650108337e-02,9.144794940948486328e-01,5.234274864196777344e-01,-4.450631141662597656e-02,8.440616726875305176e-01,5.123229622840881348e-01,-7.405132055282592773e-02,8.131055235862731934e-01,5.564863681793212891e-01,-6.881117820739746094e-02,7.992672324180603027e-01,5.960824489593505859e-01,-5.657439678907394409e-02
8.277975916862487793e-01,6.817432641983032227e-01,-5.261702540337864775e-07,7.825766205787658691e-01,6.141678094863891602e-01,-1.385203190147876740e-02,7.629217505455017090e-01,5.328547358512878418e-01,-2.646624855697154999e-02,7.608108520507812500e-01,4.703308343887329102e-01,-4.201260581612586975e-02,7.736756801605224609e-01,4.241792559623718262e-01,-5.837943404912948608e-02,8.447988629341125488e-01,4.366831779479980469e-01,-1.217234879732131958e-02,8.375836014747619629e-01,3.456176519393920898e-01,-3.650495782494544983e-02,8.350490331649780273e-01,2.827329635620117188e-01,-5.457060411572456360e-02,8.330637216567993164e-01,2.293532043695449829e-01,-6.826031208038330078e-02,8.805876374244689941e-01,4.510239958763122559e-01,-2.070864103734493256e-02,8.121789693832397461e-01,4.216876626014709473e-01,-6.437429040670394897e-02,7.695077657699584961e-01,4.874698817729949951e-01,-7.573005557060241699e-02,7.481902241706848145e-01,5.441038608551025391e-01,-7.348226010799407959e-02,9.025409817695617676e-01,4.818827509880065918e-01,-3.187609836459159851e-02,8.246579766273498535e-01,4.618081748485565186e-01,-7.275293022394180298e-02,7.911370992660522461e-01,5.274894833564758301e-01,-6.562589108943939209e-02,7.747312188148498535e-01,5.813954472541809082e-01,-5.023822933435440063e-02,9.136325716972351074e-01,5.236811041831970215e-01,-4.488537088036537170e-02,8.434494137763977051e-01,5.122088789939880371e-01,-7.440155744552612305e-02,8.124619126319885254e-01,5.560411214828491211e-01,-6.942617148160934448e-02,7.979472875595092773e-01,5.958589315414428711e-01,-5.750327184796333313e-02
8.246332406997680664e-01,6.781693696975708008e-01,-5.028674081586359534e-07,7.796109318733215332e-01,6.100618243217468262e-01,-1.590048521757125854e-02,7.600587010383605957e-01,5.310476422309875488e-01,-3.022793307900428772e-02,7.585477232933044434e-01,4.703106582164764404e-01,-4.716807231307029724e-02,7.729165554046630859e-01,4.250571727752685547e-01,-6.476933509111404419e-02,8.408513665199279785e-01,4.340056180953979492e-01,-1.558743510395288467e-02,8.355120420455932617e-01,3.427427113056182861e-01,-4.144179821014404297e-02,8.341299891471862793e-01,2.804982066154479980e-01,-6.007192656397819519e-02,8.331592082977294922e-01,2.277115881443023682e-01,-7.381379604339599609e-02,8.778117895126342773e-01,4.496400356292724609e-01,-2.339405380189418793e-02,8.104314804077148438e-01,4.234768450260162354e-01,-6.884114444255828857e-02,7.682915925979614258e-01,4.897604286670684814e-01,-8.043256402015686035e-02,7.469659447669982910e-01,5.464116334915161133e-01,-7.800284773111343384e-02,9.004976153373718262e-01,4.814929068088531494e-01,-3.395291045308113098e-02,8.229950070381164551e-01,4.652096033096313477e-01,-7.601544260978698730e-02,7.890899777412414551e-01,5.306339859962463379e-01,-6.862270832061767578e-02,7.717552781105041504e-01,5.834447741508483887e-01,-5.272131413221359253e-02,9.127420783042907715e-01,5.244301557540893555e-01,-4.649252817034721375e-02,8.433778882026672363e-01,5.150352716445922852e-01,-7.616183161735534668e-02,8.105030655860900879e-01,5.573890209197998047e-01,-7.078263163566589355e-02,7.930481433868408203e-01,5.952050685882568359e-01,-5.840481072664260864e-02
8.242062926292419434e-01,6.809409260749816895e-01,-5.062659624854859430e-07,7.795474529266357422e-01,6.115366220474243164e-01,-1.612193509936332703e-02,7.590157985687255859e-01,5.332069396972656250e-01,-3.075449541211128235e-02,7.559234499931335449e-01,4.725242257118225098e-01,-4.783974215388298035e-02,7.700027227401733398e-01,4.270617067813873291e-01,-6.552483886480331421e-02,8.400614261627197266e-01,4.362324774265289307e-01,-1.566836796700954437e-02,8.343428969383239746e-01,3.458308577537536621e-01,-4.117268323898315430e-02,8.324286937713623047e-01,2.834043800830841064e-01,-5.971874669194221497e-02,8.311380743980407715e-01,2.304273247718811035e-01,-7.354217022657394409e-02,8.763027191162109375e-01,4.509549438953399658e-01,-2.331579290330410004e-02,8.082870244979858398e-01,4.242187738418579102e-01,-6.821443885564804077e-02,7.666509747505187988e-01,4.905895888805389404e-01,-7.981657981872558594e-02,7.461301684379577637e-01,5.472133755683898926e-01,-7.752680033445358276e-02,8.988229632377624512e-01,4.824394583702087402e-01,-3.369766846299171448e-02,8.210065364837646484e-01,4.657493531703948975e-01,-7.568782567977905273e-02,7.875580787658691406e-01,5.311247110366821289e-01,-6.877794861793518066e-02,7.708808183670043945e-01,5.839982032775878906e-01,-5.332317203283309937e-02,9.111836552619934082e-01,5.250720381736755371e-01,-4.604005813598632812e-02,8.412927985191345215e-01,5.154390931129455566e-01,-7.619692385196685791e-02,8.090105056762695312e-01,5.598148107528686523e-01,-7.115117460489273071e-02,7.930938005447387695e-01,5.992639660835266113e-01,-5.899324268102645874e-02
8.204712271690368652e-01,6.803148984909057617e-01,-5.097499524708837271e-07,7.770715951919555664e-01,6.093332767486572266e-01,-1.516474876552820206e-02,7.589961290359497070e-01,5.329099893569946289e-01,-2.977464906871318817e-02,7.562643885612487793e-01,4.736526608467102051e-01,-4.720298573374748230e-02,7.694292664527893066e-01,4.273451268672943115e-01,-6.525743752717971802e-02,8.392367362976074219e-01,4.369969367980957031e-01,-1.445432193577289581e-02,8.330936431884765625e-01,3.468782007694244385e-01,-4.001493006944656372e-02,8.308102488517761230e-01,2.843792140483856201e-01,-5.855855345726013184e-02,8.293318748474121094e-01,2.315486371517181396e-01,-7.224387675523757935e-02,8.751632571220397949e-01,4.514787197113037109e-01,-2.266140282154083252e-02,8.069285750389099121e-01,4.255896210670471191e-01,-6.698875874280929565e-02,7.650616168975830078e-01,4.921211004257202148e-01,-7.825499773025512695e-02,7.446211576461791992e-01,5.487711429595947266e-01,-7.589425891637802124e-02,8.972725868225097656e-01,4.827995300292968750e-01,-3.361171856522560120e-02,8.190322518348693848e-01,4.668814241886138916e-01,-7.478227466344833374e-02,7.859626412391662598e-01,5.322656035423278809e-01,-6.751208007335662842e-02,7.696847319602966309e-01,5.854285955429077148e-01,-5.199250951409339905e-02,9.090387225151062012e-01,5.252549648284912109e-01,-4.651243612170219421e-02,8.399652838706970215e-01,5.141706466674804688e-01,-7.568196207284927368e-02,8.077626228332519531e-01,5.569312572479248047e-01,-7.017974555492401123e-02,7.910689711570739746e-01,5.959542393684387207e-01,-5.787695944309234619e-02
8.192729353904724121e-01,6.795033812522888184e-01,-5.118181434227153659e-07,7.749519348144531250e-01,6.077008843421936035e-01,-1.465955842286348343e-02,7.558984160423278809e-01,5.302665233612060547e-01,-2.911476418375968933e-02,7.525190114974975586e-01,4.707860946655273438e-01,-4.652959480881690979e-02,7.651471495628356934e-01,4.262661635875701904e-01,-6.471648812294006348e-02,8.396615386009216309e-01,4.349716901779174805e-01,-1.375678461045026779e-02,8.308191299438476562e-01,3.456659913063049316e-01,-3.920053690671920776e-02,8.282184004783630371e-01,2.828479111194610596e-01,-5.810312554240226746e-02,8.263921141624450684e-01,2.298215031623840332e-01,-7.199212908744812012e-02,8.739836215972900391e-01,4.501369595527648926e-01,-2.224675752222537994e-02,8.046857118606567383e-01,4.243590533733367920e-01,-6.699518859386444092e-02,7.621741294860839844e-01,4.907079339027404785e-01,-7.884309440851211548e-02,7.409301996231079102e-01,5.486273765563964844e-01,-7.660241425037384033e-02,8.951081633567810059e-01,4.818667769432067871e-01,-3.341550752520561218e-02,8.165733218193054199e-01,4.665447473526000977e-01,-7.454457134008407593e-02,7.835204601287841797e-01,5.313367247581481934e-01,-6.766779720783233643e-02,7.666633725166320801e-01,5.850465893745422363e-01,-5.227956548333168030e-02,9.067628383636474609e-01,5.248057246208190918e-01,-4.652456194162368774e-02,8.381237983703613281e-01,5.142450332641601562e-01,-7.517458498477935791e-02,8.058087825775146484e-01,5.565274357795715332e-01,-6.951522827148437500e-02,7.886370420455932617e-01,5.954200029373168945e-01,-5.711583793163299561e-02
8.144726157188415527e-01,6.789145469665527344e-01,-5.097157895761483815e-07,7.707424759864807129e-01,6.097161173820495605e-01,-1.398637518286705017e-02,7.514173388481140137e-01,5.306966304779052734e-01,-2.757923491299152374e-02,7.467896342277526855e-01,4.717583358287811279e-01,-4.382719472050666809e-02,7.578483223915100098e-01,4.299502074718475342e-01,-6.092043966054916382e-02,8.329842090606689453e-01,4.327572584152221680e-01,-1.533443480730056763e-02,8.258433938026428223e-01,3.443088233470916748e-01,-3.984676301479339600e-02,8.228374719619750977e-01,2.820570766925811768e-01,-5.829368531703948975e-02,8.203887343406677246e-01,2.298193573951721191e-01,-7.203992456197738647e-02,8.686635494232177734e-01,4.481879472732543945e-01,-2.343006245791912079e-02,7.981569766998291016e-01,4.258176982402801514e-01,-6.569705158472061157e-02,7.580580115318298340e-01,4.912518262863159180e-01,-7.624394446611404419e-02,7.392782568931579590e-01,5.482853651046752930e-01,-7.382847368717193604e-02,8.899950385093688965e-01,4.816339015960693359e-01,-3.387369588017463684e-02,8.106155991554260254e-01,4.685547947883605957e-01,-7.275725156068801880e-02,7.793696522712707520e-01,5.322228670120239258e-01,-6.494303792715072632e-02,7.646023035049438477e-01,5.851626396179199219e-01,-4.967990517616271973e-02,9.005413055419921875e-01,5.258516073226928711e-01,-4.622186720371246338e-02,8.329209089279174805e-01,5.160933136940002441e-01,-7.395430654287338257e-02,8.008887171745300293e-01,5.582851171493530273e-01,-6.781469285488128662e-02,7.848494648933410645e-01,5.971663594245910645e-01,-5.532272905111312866e-02
8.116875290870666504e-01,6.777198314666748047e-01,-5.024970732847577892e-07,7.662589550018310547e-01,6.105113625526428223e-01,-1.261054817587137222e-02,7.447972297668457031e-01,5.326328277587890625e-01,-2.556759119033813477e-02,7.365865111351013184e-01,4.766100943088531494e-01,-4.149387776851654053e-02,7.423804402351379395e-01,4.344352781772613525e-01,-5.826983600854873657e-02,8.284000158309936523e-01,4.325920641422271729e-01,-1.473737694323062897e-02,8.208565711975097656e-01,3.417824506759643555e-01,-3.900270909070968628e-02,8.174021840095520020e-01,2.791556715965270996e-01,-5.698798969388008118e-02,8.151535987854003906e-01,2.267276048660278320e-01,-7.035489380359649658e-02,8.638908863067626953e-01,4.472061991691589355e-01,-2.350254543125629425e-02,7.905275225639343262e-01,4.233659207820892334e-01,-6.532344967126846313e-02,7.515550851821899414e-01,4.902885258197784424e-01,-7.540564984083175659e-02,7.357467412948608398e-01,5.487564802169799805e-01,-7.272423058748245239e-02,8.846005201339721680e-01,4.803625345230102539e-01,-3.453964740037918091e-02,8.033984303474426270e-01,4.673516154289245605e-01,-7.285668700933456421e-02,7.733998894691467285e-01,5.311762690544128418e-01,-6.472609192132949829e-02,7.610952854156494141e-01,5.840504169464111328e-01,-4.937354102730751038e-02,8.942887783050537109e-01,5.245981216430664062e-01,-4.737074673175811768e-02,8.264080882072448730e-01,5.150634050369262695e-01,-7.425145059823989868e-02,7.948520183563232422e-01,5.566203594207763672e-01,-6.774286180734634399e-02,7.801018357276916504e-01,5.945621728897094727e-01,-5.513638257980346680e-02
8.035946488380432129e-01,6.770300865173339844e-01,-4.903914714304846711e-07,7.616484165191650391e-01,6.057977080345153809e-01,-1.641434617340564728e-02,7.414903044700622559e-01,5.306087136268615723e-01,-3.200965002179145813e-02,7.330295443534851074e-01,4.748328328132629395e-01,-4.997024312615394592e-02,7.454181909561157227e-01,4.339790940284729004e-01,-6.826177239418029785e-02,8.221281766891479492e-01,4.326955676078796387e-01,-1.637536659836769104e-02,8.142009377479553223e-01,3.438099920749664307e-01,-4.224828258156776428e-02,8.105409741401672363e-01,2.816281914710998535e-01,-6.132283806800842285e-02,8.085873723030090332e-01,2.296763658523559570e-01,-7.528309524059295654e-02,8.576864600181579590e-01,4.480526149272918701e-01,-2.379607036709785461e-02,7.855142354965209961e-01,4.270223379135131836e-01,-6.671442091464996338e-02,7.468606829643249512e-01,4.920762479305267334e-01,-7.749701291322708130e-02,7.318834662437438965e-01,5.469635128974914551e-01,-7.533118128776550293e-02,8.782586455345153809e-01,4.815324544906616211e-01,-3.397203981876373291e-02,7.987715601921081543e-01,4.709098935127258301e-01,-7.336632907390594482e-02,7.680109739303588867e-01,5.320420265197753906e-01,-6.550638377666473389e-02,7.556197643280029297e-01,5.813184976577758789e-01,-5.009146779775619507e-02,8.876208662986755371e-01,5.257570147514343262e-01,-4.626316949725151062e-02,8.219122886657714844e-01,5.162099599838256836e-01,-7.332454621791839600e-02,7.904431819915771484e-01,5.561563968658447266e-01,-6.658786535263061523e-02,7.755323648452758789e-01,5.921778678894042969e-01,-5.369416624307632446e-02
7.979319691658020020e-01,6.788846850395202637e-01,-4.992998015040939208e-07,7.548736929893493652e-01,6.076374053955078125e-01,-1.621889509260654449e-02,7.342342734336853027e-01,5.323487520217895508e-01,-3.100562468171119690e-02,7.253006100654602051e-01,4.762609302997589111e-01,-4.814817756414413452e-02,7.331295013427734375e-01,4.323664307594299316e-01,-6.566151231527328491e-02,8.130314946174621582e-01,4.354341030120849609e-01,-1.521846186369657516e-02,8.032592535018920898e-01,3.461437225341796875e-01,-4.115818813443183899e-02,7.995383143424987793e-01,2.843764424324035645e-01,-6.035155802965164185e-02,7.978971600532531738e-01,2.312175333499908447e-01,-7.434071600437164307e-02,8.485404253005981445e-01,4.490316510200500488e-01,-2.240748517215251923e-02,7.733819484710693359e-01,4.267216920852661133e-01,-6.574453413486480713e-02,7.364549636840820312e-01,4.953773617744445801e-01,-7.661409676074981689e-02,7.230769991874694824e-01,5.527361631393432617e-01,-7.419247925281524658e-02,8.693814873695373535e-01,4.803433716297149658e-01,-3.236409649252891541e-02,7.877050042152404785e-01,4.687922000885009766e-01,-7.246612012386322021e-02,7.588823437690734863e-01,5.347645878791809082e-01,-6.405878812074661255e-02,7.474407553672790527e-01,5.875958204269409180e-01,-4.784607514739036560e-02,8.795391917228698730e-01,5.230585932731628418e-01,-4.448322206735610962e-02,8.120728135108947754e-01,5.155072808265686035e-01,-7.252090424299240112e-02,7.811895012855529785e-01,5.580841898918151855e-01,-6.595506519079208374e-02,7.661490440368652344e-01,5.951368808746337891e-01,-5.282712727785110474e-02
7.943696379661560059e-01,6.810822486877441406e-01,-4.988103228242835030e-07,7.492989301681518555e-01,6.112903356552124023e-01,-1.336431689560413361e-02,7.287883758544921875e-01,5.351032614707946777e-01,-2.578464150428771973e-02,7.203488945960998535e-01,4.788893163204193115e-01,-4.098575934767723083e-02,7.253243923187255859e-01,4.345911145210266113e-01,-5.681998282670974731e-02,8.038109540939331055e-01,4.348748922348022461e-01,-1.330534927546977997e-02,7.932722568511962891e-01,3.478119075298309326e-01,-3.778243809938430786e-02,7.880136370658874512e-01,2.869262397289276123e-01,-5.593025684356689453e-02,7.844502925872802734e-01,2.352023124694824219e-01,-6.898070126771926880e-02,8.387216925621032715e-01,4.466967880725860596e-01,-2.104599215090274811e-02,7.634652853012084961e-01,4.281483888626098633e-01,-6.136668473482131958e-02,7.269912362098693848e-01,4.939636290073394775e-01,-7.126601785421371460e-02,7.140715718269348145e-01,5.503554344177246094e-01,-6.879009306430816650e-02,8.589677810668945312e-01,4.774473309516906738e-01,-3.120039589703083038e-02,7.770825028419494629e-01,4.700159728527069092e-01,-6.778241693973541260e-02,7.475741505622863770e-01,5.331013798713684082e-01,-5.960776284337043762e-02,7.358269095420837402e-01,5.847905874252319336e-01,-4.450075328350067139e-02,8.685811758041381836e-01,5.202055573463439941e-01,-4.341238737106323242e-02,7.992396354675292969e-01,5.189188122749328613e-01,-6.867308169603347778e-02,7.683465480804443359e-01,5.597285032272338867e-01,-6.234623491764068604e-02,7.536178827285766602e-01,5.962031483650207520e-01,-4.990815371274948120e-02
7.835488319396972656e-01,6.789987683296203613e-01,-4.673738942528871121e-07,7.374472618103027344e-01,6.069990396499633789e-01,-1.329269725829362869e-02,7.164754271507263184e-01,5.358639955520629883e-01,-2.616721577942371368e-02,7.076488137245178223e-01,4.824424982070922852e-01,-4.216193407773971558e-02,7.133372426033020020e-01,4.370758533477783203e-01,-5.855857953429222107e-02,7.911571264266967773e-01,4.353989362716674805e-01,-1.088789757341146469e-02,7.802614569664001465e-01,3.497026562690734863e-01,-3.589199110865592957e-02,7.738589048385620117e-01,2.891252636909484863e-01,-5.422519892454147339e-02,7.697259783744812012e-01,2.374934405088424683e-01,-6.723242998123168945e-02,8.247011899948120117e-01,4.461362957954406738e-01,-1.873016729950904846e-02,7.496247887611389160e-01,4.286191165447235107e-01,-5.936944484710693359e-02,7.160049080848693848e-01,4.950374364852905273e-01,-6.941626220941543579e-02,7.072606086730957031e-01,5.500831604003906250e-01,-6.696992367506027222e-02,8.440418243408203125e-01,4.745757877826690674e-01,-2.932143956422805786e-02,7.625482678413391113e-01,4.691329896450042725e-01,-6.575778126716613770e-02,7.358114719390869141e-01,5.319510698318481445e-01,-5.698951706290245056e-02,7.273973822593688965e-01,5.822167992591857910e-01,-4.126671701669692993e-02,8.529829382896423340e-01,5.157535076141357422e-01,-4.210935160517692566e-02,7.850753664970397949e-01,5.149937272071838379e-01,-6.573937088251113892e-02,7.573475837707519531e-01,5.544611215591430664e-01,-5.846212431788444519e-02,7.453445792198181152e-01,5.894179940223693848e-01,-4.541307315230369568e-02
7.736151814460754395e-01,6.774646043777465820e-01,-4.567833968849299708e-07,7.269809842109680176e-01,6.086487770080566406e-01,-1.230456586927175522e-02,7.052657604217529297e-01,5.377691984176635742e-01,-2.402716875076293945e-02,6.952865123748779297e-01,4.829405844211578369e-01,-3.886582329869270325e-02,6.957731246948242188e-01,4.357241094112396240e-01,-5.400312691926956177e-02,7.775568962097167969e-01,4.385632276535034180e-01,-1.081693824380636215e-02,7.670868039131164551e-01,3.517328202724456787e-01,-3.487037494778633118e-02,7.603724598884582520e-01,2.905569672584533691e-01,-5.200965330004692078e-02,7.552868723869323730e-01,2.393625974655151367e-01,-6.422932446002960205e-02,8.090394735336303711e-01,4.490047991275787354e-01,-1.900034770369529724e-02,7.364944219589233398e-01,4.291052520275115967e-01,-5.855570361018180847e-02,7.044151425361633301e-01,4.945628046989440918e-01,-6.734262406826019287e-02,6.971979141235351562e-01,5.495319366455078125e-01,-6.424437463283538818e-02,8.269596099853515625e-01,4.769625663757324219e-01,-2.986855804920196533e-02,7.490302324295043945e-01,4.685874581336975098e-01,-6.528783589601516724e-02,7.231708765029907227e-01,5.297331809997558594e-01,-5.616268888115882874e-02,7.163128852844238281e-01,5.795466899871826172e-01,-4.058355465531349182e-02,8.350838422775268555e-01,5.174465775489807129e-01,-4.289770498871803284e-02,7.700188159942626953e-01,5.162037611007690430e-01,-6.620077043771743774e-02,7.423712015151977539e-01,5.545983910560607910e-01,-5.933667346835136414e-02,7.312447428703308105e-01,5.896736979484558105e-01,-4.688120260834693909e-02
7.611422538757324219e-01,6.750153303146362305e-01,-4.076272830388916191e-07,7.139627933502197266e-01,6.078709363937377930e-01,-1.280356943607330322e-02,6.919199824333190918e-01,5.384129285812377930e-01,-2.493316866457462311e-02,6.806406378746032715e-01,4.858620762825012207e-01,-4.013637080788612366e-02,6.796128749847412109e-01,4.384473562240600586e-01,-5.572830885648727417e-02,7.607877254486083984e-01,4.363914728164672852e-01,-1.127412728965282440e-02,7.505099177360534668e-01,3.515864312648773193e-01,-3.505765646696090698e-02,7.442570328712463379e-01,2.915463745594024658e-01,-5.208443477749824524e-02,7.397543191909790039e-01,2.413891702890396118e-01,-6.424532085657119751e-02,7.916895747184753418e-01,4.474459290504455566e-01,-1.936632022261619568e-02,7.203207612037658691e-01,4.281436800956726074e-01,-5.830227956175804138e-02,6.885575652122497559e-01,4.916831552982330322e-01,-6.718412786722183228e-02,6.814468502998352051e-01,5.453613400459289551e-01,-6.442336738109588623e-02,8.091008067131042480e-01,4.768675565719604492e-01,-3.017743490636348724e-02,7.309726476669311523e-01,4.690638184547424316e-01,-6.533097475767135620e-02,7.053562998771667480e-01,5.281736254692077637e-01,-5.688618868589401245e-02,6.990807652473449707e-01,5.763111710548400879e-01,-4.197966307401657104e-02,8.164797425270080566e-01,5.184573531150817871e-01,-4.311502724885940552e-02,7.517493367195129395e-01,5.173245072364807129e-01,-6.660208106040954590e-02,7.253645658493041992e-01,5.554130077362060547e-01,-6.022815778851509094e-02,7.154516577720642090e-01,5.902190208435058594e-01,-4.821864143013954163e-02
7.511506676673889160e-01,6.779295206069946289e-01,-3.965456585319770966e-07,7.001625299453735352e-01,6.157329082489013672e-01,-1.046757772564888000e-02,6.758683919906616211e-01,5.456312894821166992e-01,-2.102007158100605011e-02,6.642585396766662598e-01,4.945429563522338867e-01,-3.497837856411933899e-02,6.616868376731872559e-01,4.517786502838134766e-01,-4.963935911655426025e-02,7.426021695137023926e-01,4.399935901165008545e-01,-1.094838231801986694e-02,7.307547926902770996e-01,3.537454009056091309e-01,-3.344721347093582153e-02,7.244252562522888184e-01,2.928038835525512695e-01,-4.994627088308334351e-02,7.194383144378662109e-01,2.424214184284210205e-01,-6.191854178905487061e-02,7.724259495735168457e-01,4.490121603012084961e-01,-1.989071816205978394e-02,7.015954852104187012e-01,4.337131679058074951e-01,-5.662864446640014648e-02,6.720054745674133301e-01,4.947997033596038818e-01,-6.522247195243835449e-02,6.662550568580627441e-01,5.461919903755187988e-01,-6.288934499025344849e-02,7.891873121261596680e-01,4.778714776039123535e-01,-3.108346648514270782e-02,7.122566699981689453e-01,4.737442731857299805e-01,-6.386894732713699341e-02,6.878561973571777344e-01,5.299618244171142578e-01,-5.568323656916618347e-02,6.819258928298950195e-01,5.755836367607116699e-01,-4.178890213370323181e-02,7.958300709724426270e-01,5.192534923553466797e-01,-4.422708973288536072e-02,7.333336472511291504e-01,5.202849507331848145e-01,-6.602449715137481689e-02,7.087308764457702637e-01,5.573186278343200684e-01,-5.929984897375106812e-02,7.002014517784118652e-01,5.909463167190551758e-01,-4.750351980328559875e-02
7.342503666877746582e-01,6.730363368988037109e-01,-4.013280374692840269e-07,6.839253306388854980e-01,6.118434071540832520e-01,-9.982291609048843384e-03,6.585923433303833008e-01,5.412152409553527832e-01,-2.083713188767433167e-02,6.466060876846313477e-01,4.888159334659576416e-01,-3.489925712347030640e-02,6.469161510467529297e-01,4.503862857818603516e-01,-4.993434995412826538e-02,7.262620329856872559e-01,4.376605451107025146e-01,-1.339115947484970093e-02,7.107706665992736816e-01,3.535851240158081055e-01,-3.596309199929237366e-02,7.036373019218444824e-01,2.939822673797607422e-01,-5.257177352905273438e-02,6.992818117141723633e-01,2.446527630090713501e-01,-6.479106843471527100e-02,7.563692331314086914e-01,4.468486607074737549e-01,-2.255290932953357697e-02,6.816953420639038086e-01,4.367215335369110107e-01,-5.914777144789695740e-02,6.535966396331787109e-01,4.992664754390716553e-01,-6.727313250303268433e-02,6.508713960647583008e-01,5.500452518463134766e-01,-6.486833095550537109e-02,7.729801535606384277e-01,4.767968952655792236e-01,-3.365201875567436218e-02,6.930727958679199219e-01,4.772203862667083740e-01,-6.557919085025787354e-02,6.714068055152893066e-01,5.330349802970886230e-01,-5.672241002321243286e-02,6.696377992630004883e-01,5.773314237594604492e-01,-4.279353469610214233e-02,7.797169685363769531e-01,5.187255144119262695e-01,-4.664782062172889709e-02,7.146614193916320801e-01,5.223802924156188965e-01,-6.804511696100234985e-02,6.917495131492614746e-01,5.588631033897399902e-01,-6.111658737063407898e-02,6.862810850143432617e-01,5.914177298545837402e-01,-4.937282949686050415e-02
7.249271869659423828e-01,6.745181083679199219e-01,-3.793392977513576625e-07,6.695575118064880371e-01,6.156910657882690430e-01,-1.132912840694189072e-02,6.411747336387634277e-01,5.444951057434082031e-01,-2.318004705011844635e-02,6.271668672561645508e-01,4.924710988998413086e-01,-3.763438388705253601e-02,6.251263618469238281e-01,4.552911520004272461e-01,-5.294670164585113525e-02,7.109745740890502930e-01,4.380120933055877686e-01,-1.565287262201309204e-02,6.936848759651184082e-01,3.537762463092803955e-01,-3.816780820488929749e-02,6.834951639175415039e-01,2.933367490768432617e-01,-5.524068698287010193e-02,6.759961247444152832e-01,2.437058836221694946e-01,-6.829334050416946411e-02,7.401535511016845703e-01,4.486807286739349365e-01,-2.449957095086574554e-02,6.594498753547668457e-01,4.398894906044006348e-01,-6.038915738463401794e-02,6.314137578010559082e-01,5.005056262016296387e-01,-6.842777132987976074e-02,6.310355067253112793e-01,5.493085384368896484e-01,-6.688737869262695312e-02,7.540947198867797852e-01,4.812445640563964844e-01,-3.539364039897918701e-02,6.702663302421569824e-01,4.799744188785552979e-01,-6.708212941884994507e-02,6.487252712249755859e-01,5.325871706008911133e-01,-5.834882706403732300e-02,6.493268609046936035e-01,5.739676952362060547e-01,-4.527616128325462341e-02,7.570776939392089844e-01,5.256181955337524414e-01,-4.828989878296852112e-02,6.915147304534912109e-01,5.263289213180541992e-01,-7.071156799793243408e-02,6.693683862686157227e-01,5.611987113952636719e-01,-6.451121717691421509e-02,6.660283207893371582e-01,5.924317836761474609e-01,-5.358254164457321167e-02
7.128750681877136230e-01,6.771343946456909180e-01,-3.788994717979221605e-07,6.556453108787536621e-01,6.171104907989501953e-01,-1.001214049756526947e-02,6.274019479751586914e-01,5.455366969108581543e-01,-2.098735794425010681e-02,6.133773326873779297e-01,4.899063706398010254e-01,-3.484469652175903320e-02,6.118640899658203125e-01,4.535130262374877930e-01,-4.938108474016189575e-02,6.932914853096008301e-01,4.403937160968780518e-01,-1.398378983139991760e-02,6.758434772491455078e-01,3.568738102912902832e-01,-3.587156906723976135e-02,6.647264957427978516e-01,2.964358925819396973e-01,-5.151955038309097290e-02,6.559205055236816406e-01,2.469888776540756226e-01,-6.349677592515945435e-02,7.207129597663879395e-01,4.508535265922546387e-01,-2.291560918092727661e-02,6.390544772148132324e-01,4.407171010971069336e-01,-5.826268345117568970e-02,6.117939949035644531e-01,5.013762116432189941e-01,-6.514775753021240234e-02,6.121408939361572266e-01,5.492630600929260254e-01,-6.287253648042678833e-02,7.337611913681030273e-01,4.826016724109649658e-01,-3.385053202509880066e-02,6.489581465721130371e-01,4.816243648529052734e-01,-6.537054479122161865e-02,6.286168694496154785e-01,5.340796709060668945e-01,-5.654118582606315613e-02,6.303192973136901855e-01,5.744041204452514648e-01,-4.339718818664550781e-02,7.363933920860290527e-01,5.256926417350769043e-01,-4.664240777492523193e-02,6.699891090393066406e-01,5.268735289573669434e-01,-6.845816224813461304e-02,6.490750312805175781e-01,5.616388916969299316e-01,-6.251797080039978027e-02,6.469678282737731934e-01,5.922865271568298340e-01,-5.197868123650550842e-02
6.980745792388916016e-01,6.767027974128723145e-01,-3.657711715732148150e-07,6.375219821929931641e-01,6.171493530273437500e-01,-9.703919291496276855e-03,6.089811325073242188e-01,5.443060398101806641e-01,-2.080629207193851471e-02,5.954344868659973145e-01,4.875352680683135986e-01,-3.477051481604576111e-02,5.921553373336791992e-01,4.523736238479614258e-01,-4.965147003531455994e-02,6.762151122093200684e-01,4.410080909729003906e-01,-1.538427267223596573e-02,6.551735997200012207e-01,3.580654263496398926e-01,-3.788861259818077087e-02,6.442538499832153320e-01,2.982307672500610352e-01,-5.411985144019126892e-02,6.359320282936096191e-01,2.483684569597244263e-01,-6.674555689096450806e-02,7.029736638069152832e-01,4.509090483188629150e-01,-2.464266493916511536e-02,6.186002492904663086e-01,4.435501396656036377e-01,-6.064069271087646484e-02,5.937538743019104004e-01,5.072893500328063965e-01,-6.691982597112655640e-02,5.963936448097229004e-01,5.547543764114379883e-01,-6.436333805322647095e-02,7.150127887725830078e-01,4.824623465538024902e-01,-3.592039272189140320e-02,6.280261874198913574e-01,4.846622943878173828e-01,-6.747564673423767090e-02,6.104900836944580078e-01,5.384775400161743164e-01,-5.785217136144638062e-02,6.153271794319152832e-01,5.781955718994140625e-01,-4.447251558303833008e-02,7.170166373252868652e-01,5.253743529319763184e-01,-4.909741505980491638e-02,6.482527852058410645e-01,5.306345820426940918e-01,-7.148208469152450562e-02,6.286654472351074219e-01,5.664073824882507324e-01,-6.602481007575988770e-02,6.287233233451843262e-01,5.960195660591125488e-01,-5.605336651206016541e-02
6.772679090499877930e-01,6.766043901443481445e-01,-3.431169659506849712e-07,6.177605390548706055e-01,6.156666278839111328e-01,-9.517739526927471161e-03,5.898451209068298340e-01,5.466058254241943359e-01,-2.108256518840789795e-02,5.758072733879089355e-01,4.922096729278564453e-01,-3.572164848446846008e-02,5.717548727989196777e-01,4.572975933551788330e-01,-5.099691078066825867e-02,6.545706987380981445e-01,4.414771497249603271e-01,-1.447183825075626373e-02,6.352090239524841309e-01,3.592617511749267578e-01,-3.774594888091087341e-02,6.227900385856628418e-01,2.999473214149475098e-01,-5.434472113847732544e-02,6.120184659957885742e-01,2.507049739360809326e-01,-6.705781817436218262e-02,6.815587282180786133e-01,4.515030682086944580e-01,-2.382372878491878510e-02,5.960074663162231445e-01,4.471232891082763672e-01,-6.037854030728340149e-02,5.733210444450378418e-01,5.098515748977661133e-01,-6.696137785911560059e-02,5.777084231376647949e-01,5.564599037170410156e-01,-6.454446166753768921e-02,6.933414936065673828e-01,4.831653833389282227e-01,-3.531702235341072083e-02,6.058325171470642090e-01,4.884701371192932129e-01,-6.754945963621139526e-02,5.904543995857238770e-01,5.414248108863830566e-01,-5.796432122588157654e-02,5.966271758079528809e-01,5.809965133666992188e-01,-4.428042843937873840e-02,6.953743696212768555e-01,5.263986587524414062e-01,-4.867180064320564270e-02,6.267928481101989746e-01,5.330225229263305664e-01,-7.118807733058929443e-02,6.084964275360107422e-01,5.679464340209960938e-01,-6.560830026865005493e-02,6.096273660659790039e-01,5.965453386306762695e-01,-5.533343553543090820e-02
6.693777441978454590e-01,6.795457601547241211e-01,-3.607401595218107104e-07,6.053153276443481445e-01,6.227169036865234375e-01,-8.902672678232192993e-03,5.752185583114624023e-01,5.542197227478027344e-01,-1.942764036357402802e-02,5.584998130798339844e-01,4.995780885219573975e-01,-3.275896981358528137e-02,5.513725876808166504e-01,4.639060795307159424e-01,-4.667950794100761414e-02,6.382071971893310547e-01,4.446812868118286133e-01,-1.333687081933021545e-02,6.156079769134521484e-01,3.646495342254638672e-01,-3.487279266119003296e-02,6.012889146804809570e-01,3.072746396064758301e-01,-4.982399567961692810e-02,5.902525782585144043e-01,2.596143782138824463e-01,-6.134346127510070801e-02,6.634737849235534668e-01,4.548018872737884521e-01,-2.232147380709648132e-02,5.750932693481445312e-01,4.513741135597229004e-01,-5.631349980831146240e-02,5.517002344131469727e-01,5.125699639320373535e-01,-6.199638545513153076e-02,5.572519302368164062e-01,5.578926801681518555e-01,-5.953310057520866394e-02,6.733510494232177734e-01,4.869333207607269287e-01,-3.329172730445861816e-02,5.840384364128112793e-01,4.929800927639007568e-01,-6.387297064065933228e-02,5.677421689033508301e-01,5.451567769050598145e-01,-5.441401526331901550e-02,5.746617913246154785e-01,5.831658840179443359e-01,-4.129062220454216003e-02,6.737304329872131348e-01,5.302070975303649902e-01,-4.604201018810272217e-02,6.050282716751098633e-01,5.371071100234985352e-01,-6.746985018253326416e-02,5.863724350929260254e-01,5.727608799934387207e-01,-6.184414029121398926e-02,5.875791907310485840e-01,6.020053625106811523e-01,-5.178258940577507019e-02
6.502246260643005371e-01,6.850464940071105957e-01,-3.558506023182417266e-07,5.872361660003662109e-01,6.275449395179748535e-01,-6.715361960232257843e-03,5.575473308563232422e-01,5.579396486282348633e-01,-1.596932671964168549e-02,5.384585261344909668e-01,5.032472610473632812e-01,-2.867500111460685730e-02,5.291156172752380371e-01,4.682492017745971680e-01,-4.192252084612846375e-02,6.205006837844848633e-01,4.536673426628112793e-01,-1.066817063838243484e-02,5.965564250946044922e-01,3.713177740573883057e-01,-3.122394531965255737e-02,5.811337828636169434e-01,3.141567111015319824e-01,-4.388106614351272583e-02,5.696104764938354492e-01,2.677550017833709717e-01,-5.341450870037078857e-02,6.450919508934020996e-01,4.645409584045410156e-01,-2.009007707238197327e-02,5.551710724830627441e-01,4.564356803894042969e-01,-5.494395643472671509e-02,5.320798158645629883e-01,5.176219940185546875e-01,-5.998934060335159302e-02,5.386717915534973145e-01,5.632823705673217773e-01,-5.636303871870040894e-02,6.556463241577148438e-01,4.957081377506256104e-01,-3.139461576938629150e-02,5.652176141738891602e-01,4.962974786758422852e-01,-6.357108056545257568e-02,5.482990741729736328e-01,5.492407083511352539e-01,-5.458268150687217712e-02,5.554999113082885742e-01,5.888177156448364258e-01,-4.059763625264167786e-02,6.580526232719421387e-01,5.374665260314941406e-01,-4.405166953802108765e-02,5.881295204162597656e-01,5.413523912429809570e-01,-6.586750596761703491e-02,5.661817789077758789e-01,5.758210420608520508e-01,-6.093405187129974365e-02,5.643323063850402832e-01,6.056504249572753906e-01,-5.097318813204765320e-02
6.105944514274597168e-01,6.575011610984802246e-01,-7.451606620634265710e-08,5.590124726295471191e-01,6.178839206695556641e-01,-5.797917488962411880e-03,5.322453379631042480e-01,5.554469823837280273e-01,-1.255921181291341782e-02,5.148430466651916504e-01,5.116038918495178223e-01,-2.177567780017852783e-02,5.038774609565734863e-01,4.750787913799285889e-01,-3.253601491451263428e-02,6.001259088516235352e-01,4.598222374916076660e-01,-1.014460436999797821e-02,5.809463262557983398e-01,4.024517536163330078e-01,-2.708905190229415894e-02,5.677303671836853027e-01,3.542372882366180420e-01,-3.823225572705268860e-02,5.611655712127685547e-01,3.178051114082336426e-01,-4.592185840010643005e-02,6.183356046676635742e-01,4.741350114345550537e-01,-1.774225570261478424e-02,5.453693270683288574e-01,4.679427444934844971e-01,-4.298856109380722046e-02,5.185335278511047363e-01,5.171301364898681641e-01,-4.999441653490066528e-02,5.174020528793334961e-01,5.579366683959960938e-01,-4.974388331174850464e-02,6.255159378051757812e-01,5.052337050437927246e-01,-2.638531289994716644e-02,5.468094348907470703e-01,5.018889904022216797e-01,-5.365165695548057556e-02,5.269673466682434082e-01,5.500891208648681641e-01,-5.022643506526947021e-02,5.320689678192138672e-01,5.880705714225769043e-01,-4.032846540212631226e-02,6.259245276451110840e-01,5.432857275009155273e-01,-3.524412214756011963e-02,5.611447095870971680e-01,5.471118688583374023e-01,-5.836028605699539185e-02,5.434728264808654785e-01,5.752082467079162598e-01,-5.750372260808944702e-02,5.476800799369812012e-01,6.000393033027648926e-01,-5.001578107476234436e-02
6.176044344902038574e-01,6.878058314323425293e-01,-2.887675236706854776e-07,5.513040423393249512e-01,6.279849410057067871e-01,-8.923954330384731293e-03,5.197805166244506836e-01,5.632787346839904785e-01,-2.079436928033828735e-02,4.987397789955139160e-01,5.106273889541625977e-01,-3.594915941357612610e-02,4.885176122188568115e-01,4.811767637729644775e-01,-5.135049298405647278e-02,5.832407474517822266e-01,4.507369101047515869e-01,-1.227988488972187042e-02,5.558820962905883789e-01,3.750407099723815918e-01,-3.479355946183204651e-02,5.390817523002624512e-01,3.209982216358184814e-01,-4.917775094509124756e-02,5.254918336868286133e-01,2.781482338905334473e-01,-5.960696563124656677e-02,6.033025383949279785e-01,4.635364115238189697e-01,-2.137602865695953369e-02,5.123461484909057617e-01,4.647552669048309326e-01,-5.804900825023651123e-02,4.924722909927368164e-01,5.257434844970703125e-01,-6.485553830862045288e-02,5.005856752395629883e-01,5.695531368255615234e-01,-6.218583509325981140e-02,6.095300912857055664e-01,4.969562292098999023e-01,-3.266185149550437927e-02,5.194579362869262695e-01,5.083909034729003906e-01,-6.655747443437576294e-02,5.079081654548645020e-01,5.609210729598999023e-01,-5.893184244632720947e-02,5.183583498001098633e-01,5.988355278968811035e-01,-4.537658393383026123e-02,6.082355380058288574e-01,5.408506393432617188e-01,-4.547238349914550781e-02,5.393394827842712402e-01,5.529996156692504883e-01,-6.761562824249267578e-02,5.228059887886047363e-01,5.873337388038635254e-01,-6.308800727128982544e-02,5.257477164268493652e-01,6.140341758728027344e-01,-5.320749431848526001e-02
5.920604467391967773e-01,6.876580715179443359e-01,-2.715091227400989737e-07,5.289356708526611328e-01,6.264837980270385742e-01,-8.128215558826923370e-03,4.978192448616027832e-01,5.630181431770324707e-01,-2.089787460863590240e-02,4.769196808338165283e-01,5.119376778602600098e-01,-3.694306313991546631e-02,4.672151207923889160e-01,4.858899712562561035e-01,-5.369477346539497375e-02,5.620422959327697754e-01,4.555511176586151123e-01,-1.544434111565351486e-02,5.348392128944396973e-01,3.796488940715789795e-01,-3.854324296116828918e-02,5.180512666702270508e-01,3.253137171268463135e-01,-5.343657359480857849e-02,5.050461292266845703e-01,2.810786068439483643e-01,-6.454958021640777588e-02,5.828576087951660156e-01,4.692527055740356445e-01,-2.530759572982788086e-02,4.938152134418487549e-01,4.662405550479888916e-01,-6.153598800301551819e-02,4.727765321731567383e-01,5.265487432479858398e-01,-6.784159690141677856e-02,4.798892140388488770e-01,5.699613690376281738e-01,-6.554526835680007935e-02,5.890391469001770020e-01,5.030038356781005859e-01,-3.706914559006690979e-02,4.998326301574707031e-01,5.109099149703979492e-01,-7.026943564414978027e-02,4.882367849349975586e-01,5.620731115341186523e-01,-6.204960867762565613e-02,4.990775287151336670e-01,5.996541976928710938e-01,-4.886798560619354248e-02,5.867800712585449219e-01,5.459335446357727051e-01,-5.020977929234504700e-02,5.176204442977905273e-01,5.562604665756225586e-01,-7.275591045618057251e-02,5.030949115753173828e-01,5.893142819404602051e-01,-6.846155971288681030e-02,5.084267854690551758e-01,6.152993440628051758e-01,-5.925174057483673096e-02
5.690783262252807617e-01,6.830688118934631348e-01,-2.923158319845242659e-07,5.071179866790771484e-01,6.263107061386108398e-01,-9.396595880389213562e-03,4.781165421009063721e-01,5.667310953140258789e-01,-2.208336815237998962e-02,4.590960741043090820e-01,5.168240070343017578e-01,-3.766268491744995117e-02,4.481328725814819336e-01,4.871967136859893799e-01,-5.377864837646484375e-02,5.403867363929748535e-01,4.545110464096069336e-01,-1.615957915782928467e-02,5.136784315109252930e-01,3.791453242301940918e-01,-3.912389278411865234e-02,4.964789748191833496e-01,3.232640624046325684e-01,-5.446172505617141724e-02,4.823697507381439209e-01,2.781061530113220215e-01,-6.591153144836425781e-02,5.607998967170715332e-01,4.672458469867706299e-01,-2.510863356292247772e-02,4.732173681259155273e-01,4.697751104831695557e-01,-6.014537811279296875e-02,4.533329308032989502e-01,5.301319956779479980e-01,-6.609413772821426392e-02,4.607302248477935791e-01,5.734782218933105469e-01,-6.385025382041931152e-02,5.669098496437072754e-01,5.015080571174621582e-01,-3.600947558879852295e-02,4.794670939445495605e-01,5.150167942047119141e-01,-6.754519045352935791e-02,4.682725071907043457e-01,5.654541850090026855e-01,-5.863316729664802551e-02,4.778931438922882080e-01,6.025566458702087402e-01,-4.557934030890464783e-02,5.655451416969299316e-01,5.463410019874572754e-01,-4.857479035854339600e-02,4.967370927333831787e-01,5.612096190452575684e-01,-6.993829458951950073e-02,4.816740155220031738e-01,5.937657952308654785e-01,-6.499508023262023926e-02,4.855569601058959961e-01,6.188137531280517578e-01,-5.550444871187210083e-02
5.418474078178405762e-01,6.838246583938598633e-01,-3.047576626613590633e-07,4.820349216461181641e-01,6.274203062057495117e-01,-1.056363526731729507e-02,4.541982412338256836e-01,5.715413689613342285e-01,-2.467341162264347076e-02,4.357542395591735840e-01,5.253897905349731445e-01,-4.120142385363578796e-02,4.238432049751281738e-01,4.908099472522735596e-01,-5.825233086943626404e-02,5.172179937362670898e-01,4.607794880867004395e-01,-2.060042694211006165e-02,4.834128618240356445e-01,3.865379095077514648e-01,-4.499722272157669067e-02,4.667831063270568848e-01,3.315983414649963379e-01,-6.179155409336090088e-02,4.551610946655273438e-01,2.844229936599731445e-01,-7.436846196651458740e-02,5.388792753219604492e-01,4.733041822910308838e-01,-2.905246615409851074e-02,4.487850666046142578e-01,4.772400856018066406e-01,-6.431455910205841064e-02,4.315482079982757568e-01,5.370075106620788574e-01,-7.072796672582626343e-02,4.412717223167419434e-01,5.778910517692565918e-01,-6.956184655427932739e-02,5.452253818511962891e-01,5.066308975219726562e-01,-3.941233083605766296e-02,4.564042091369628906e-01,5.203691720962524414e-01,-7.074279338121414185e-02,4.465894699096679688e-01,5.706449747085571289e-01,-6.132965162396430969e-02,4.577642083168029785e-01,6.066497564315795898e-01,-4.861645773053169250e-02,5.437746047973632812e-01,5.500143170356750488e-01,-5.160493403673171997e-02,4.754386544227600098e-01,5.597234964370727539e-01,-7.388135790824890137e-02,4.604036509990692139e-01,5.926106572151184082e-01,-6.901589035987854004e-02,4.640475809574127197e-01,6.192063689231872559e-01,-5.977291613817214966e-02
5.214668512344360352e-01,6.854616403579711914e-01,-3.336634222250722814e-07,4.586557149887084961e-01,6.314129233360290527e-01,-1.313367579132318497e-02,4.307129383087158203e-01,5.799468159675598145e-01,-2.842467091977596283e-02,4.119742512702941895e-01,5.362024903297424316e-01,-4.559360072016716003e-02,3.949684500694274902e-01,5.013377070426940918e-01,-6.287799030542373657e-02,4.955121278762817383e-01,4.629900753498077393e-01,-2.093812450766563416e-02,4.592176079750061035e-01,3.958831429481506348e-01,-4.548192396759986877e-02,4.377648234367370605e-01,3.455182313919067383e-01,-6.339090317487716675e-02,4.211356043815612793e-01,3.019254803657531738e-01,-7.686383277177810669e-02,5.147145986557006836e-01,4.734896719455718994e-01,-2.818337641656398773e-02,4.240901470184326172e-01,4.830092191696166992e-01,-6.263740360736846924e-02,4.107752442359924316e-01,5.428966283798217773e-01,-6.990358233451843262e-02,4.226725697517395020e-01,5.816101431846618652e-01,-6.962932646274566650e-02,5.194311738014221191e-01,5.057337880134582520e-01,-3.760173171758651733e-02,4.303719401359558105e-01,5.252375602722167969e-01,-6.792185455560684204e-02,4.239258170127868652e-01,5.763615369796752930e-01,-5.910482257604598999e-02,4.364299774169921875e-01,6.110731363296508789e-01,-4.732635989785194397e-02,5.167142152786254883e-01,5.490189194679260254e-01,-4.927171021699905396e-02,4.490560591220855713e-01,5.640371441841125488e-01,-7.165402173995971680e-02,4.362169206142425537e-01,5.980907678604125977e-01,-6.757667660713195801e-02,4.410642981529235840e-01,6.242521405220031738e-01,-5.901978909969329834e-02
4.944297075271606445e-01,6.781985163688659668e-01,-6.251848390093073249e-07,4.384462535381317139e-01,6.411188244819641113e-01,-4.041249398142099380e-03,4.109502732753753662e-01,5.830755233764648438e-01,-1.092934142798185349e-02,3.886957168579101562e-01,5.406340360641479492e-01,-1.901438087224960327e-02,3.706271648406982422e-01,5.062029957771301270e-01,-2.645497396588325500e-02,4.763194620609283447e-01,4.848383665084838867e-01,-1.460011489689350128e-02,4.092501997947692871e-01,4.907121360301971436e-01,-3.607238084077835083e-02,3.883775770664215088e-01,5.397999882698059082e-01,-4.946083202958106995e-02,3.911480009555816650e-01,5.786916017532348633e-01,-5.583868548274040222e-02,4.902036190032958984e-01,4.953989684581756592e-01,-2.060784958302974701e-02,4.094427525997161865e-01,5.091603994369506836e-01,-3.940704837441444397e-02,3.922044932842254639e-01,5.642044544219970703e-01,-4.507725685834884644e-02,3.990319371223449707e-01,6.025291681289672852e-01,-4.782500863075256348e-02,4.943731129169464111e-01,5.202541351318359375e-01,-2.776643447577953339e-02,4.142201542854309082e-01,5.357282757759094238e-01,-4.523672908544540405e-02,3.995665311813354492e-01,5.848214030265808105e-01,-4.211575537919998169e-02,4.079007506370544434e-01,6.203591227531433105e-01,-3.756102919578552246e-02,4.899072945117950439e-01,5.554258823394775391e-01,-3.521240875124931335e-02,4.310903549194335938e-01,5.673899054527282715e-01,-4.901061207056045532e-02,4.153741598129272461e-01,5.969720482826232910e-01,-4.827602207660675049e-02,4.163904190063476562e-01,6.195419430732727051e-01,-4.505993425846099854e-02
4.849682748317718506e-01,6.767207980155944824e-01,-5.565691481024259701e-07,4.226911962032318115e-01,6.422614455223083496e-01,-6.097375880926847458e-03,3.905460238456726074e-01,5.909967422485351562e-01,-1.415375340729951859e-02,3.678095042705535889e-01,5.502436161041259766e-01,-2.332975156605243683e-02,3.505017459392547607e-01,5.114704966545104980e-01,-3.014089539647102356e-02,4.537217617034912109e-01,4.802219271659851074e-01,-3.466849680989980698e-03,3.824811279773712158e-01,4.909229278564453125e-01,-2.600349299609661102e-02,3.704425394535064697e-01,5.422093272209167480e-01,-4.199403524398803711e-02,3.803527057170867920e-01,5.802934169769287109e-01,-4.908093437552452087e-02,4.637146890163421631e-01,4.914377927780151367e-01,-9.914292022585868835e-03,3.826094269752502441e-01,5.078046321868896484e-01,-2.971846051514148712e-02,3.738001585006713867e-01,5.607776045799255371e-01,-3.718061372637748718e-02,3.845950961112976074e-01,5.964798331260681152e-01,-3.888541087508201599e-02,4.672886729240417480e-01,5.179193019866943359e-01,-1.865134388208389282e-02,3.886227607727050781e-01,5.387341380119323730e-01,-3.655098006129264832e-02,3.836008310317993164e-01,5.880350470542907715e-01,-3.432098776102066040e-02,3.942925333976745605e-01,6.209755539894104004e-01,-2.892167679965496063e-02,4.665233194828033447e-01,5.549119114875793457e-01,-2.855649031698703766e-02,4.052171409130096436e-01,5.743070840835571289e-01,-4.195669293403625488e-02,3.954489231109619141e-01,6.072158813476562500e-01,-4.093256220221519470e-02,3.991302251815795898e-01,6.318571567535400391e-01,-3.570266067981719971e-02
4.623282849788665771e-01,6.812608838081359863e-01,-6.044403448868251871e-07,3.987801969051361084e-01,6.469665765762329102e-01,-5.576678551733493805e-03,3.694028556346893311e-01,5.965068340301513672e-01,-1.440296228975057602e-02,3.472727537155151367e-01,5.552198886871337891e-01,-2.449589408934116364e-02,3.276590108871459961e-01,5.153222084045410156e-01,-3.210423514246940613e-02,4.347656965255737305e-01,4.849072992801666260e-01,-6.596862338483333588e-03,3.622049391269683838e-01,4.924146831035614014e-01,-3.006361238658428192e-02,3.515722751617431641e-01,5.471724271774291992e-01,-4.458905756473541260e-02,3.635117411613464355e-01,5.888459086418151855e-01,-5.017181113362312317e-02,4.453665912151336670e-01,4.938231706619262695e-01,-1.307829096913337708e-02,3.592799603939056396e-01,5.084218382835388184e-01,-3.527700155973434448e-02,3.525717854499816895e-01,5.669719576835632324e-01,-4.165125265717506409e-02,3.654669821262359619e-01,6.061115860939025879e-01,-4.203709587454795837e-02,4.483313262462615967e-01,5.181465148925781250e-01,-2.170671895146369934e-02,3.635849952697753906e-01,5.440431237220764160e-01,-4.128011688590049744e-02,3.616304099559783936e-01,5.982950925827026367e-01,-3.775809705257415771e-02,3.748433291912078857e-01,6.329111456871032715e-01,-3.113262727856636047e-02,4.451662302017211914e-01,5.539449453353881836e-01,-3.128180280327796936e-02,3.808709383010864258e-01,5.785899758338928223e-01,-4.585365206003189087e-02,3.741423785686492920e-01,6.146637797355651855e-01,-4.488619416952133179e-02,3.805863559246063232e-01,6.388794183731079102e-01,-3.962147235870361328e-02
4.435829222202301025e-01,6.713285446166992188e-01,-1.795987003561094753e-07,3.800314366817474365e-01,6.479803919792175293e-01,-4.402843303978443146e-03,3.491552174091339111e-01,5.991987586021423340e-01,-1.085485424846410751e-02,3.267453610897064209e-01,5.580882430076599121e-01,-1.993205584585666656e-02,3.077658414840698242e-01,5.205563902854919434e-01,-2.957057021558284760e-02,4.047398865222930908e-01,4.957386851310729980e-01,-3.909487277269363403e-03,3.762022554874420166e-01,4.542721509933471680e-01,-1.877854391932487488e-02,3.623737692832946777e-01,4.165953397750854492e-01,-3.093213401734828949e-02,3.524282276630401611e-01,3.831015229225158691e-01,-4.012032225728034973e-02,4.162780642509460449e-01,4.997600913047790527e-01,-1.219841092824935913e-02,3.397425115108489990e-01,5.076104998588562012e-01,-3.634091094136238098e-02,3.312470018863677979e-01,5.593959093093872070e-01,-4.293836280703544617e-02,3.437888026237487793e-01,5.967926979064941406e-01,-4.209497943520545959e-02,4.204796552658081055e-01,5.221366286277770996e-01,-2.179145812988281250e-02,3.437079787254333496e-01,5.442495346069335938e-01,-4.490058124065399170e-02,3.417010009288787842e-01,5.951756238937377930e-01,-4.066805168986320496e-02,3.558678030967712402e-01,6.293498873710632324e-01,-3.164978325366973877e-02,4.209738373756408691e-01,5.564301013946533203e-01,-3.248853981494903564e-02,3.601978719234466553e-01,5.813107490539550781e-01,-5.032039433717727661e-02,3.538101911544799805e-01,6.160861849784851074e-01,-4.879325255751609802e-02,3.626150786876678467e-01,6.411343216896057129e-01,-4.229797422885894775e-02
4.373476803302764893e-01,6.818347573280334473e-01,-2.384369395258545410e-07,3.649820983409881592e-01,6.459199786186218262e-01,-1.005317363888025284e-02,3.287699222564697266e-01,5.965228676795959473e-01,-2.501343749463558197e-02,3.051178157329559326e-01,5.545083880424499512e-01,-4.232981801033020020e-02,2.858978509902954102e-01,5.233752727508544922e-01,-5.944078415632247925e-02,3.821682631969451904e-01,4.774779975414276123e-01,-2.084706351161003113e-02,3.446801304817199707e-01,4.095031023025512695e-01,-4.567900672554969788e-02,3.157278001308441162e-01,3.645729422569274902e-01,-6.220837682485580444e-02,2.914649844169616699e-01,3.294985592365264893e-01,-7.422038167715072632e-02,3.993146717548370361e-01,4.848659932613372803e-01,-2.943414449691772461e-02,3.106061816215515137e-01,5.054046511650085449e-01,-6.567568331956863403e-02,3.043377995491027832e-01,5.664170384407043457e-01,-7.113447040319442749e-02,3.229484558105468750e-01,6.000309586524963379e-01,-6.879813224077224731e-02,4.045563042163848877e-01,5.136988759040832520e-01,-3.994653746485710144e-02,3.185197412967681885e-01,5.442329049110412598e-01,-7.069787383079528809e-02,3.188072144985198975e-01,5.946738123893737793e-01,-5.965626984834671021e-02,3.381495773792266846e-01,6.240217685699462891e-01,-4.603945836424827576e-02,4.042648971080780029e-01,5.541447401046752930e-01,-5.234406888484954834e-02,3.385282158851623535e-01,5.776939392089843750e-01,-7.435114681720733643e-02,3.319921493530273438e-01,6.128553748130798340e-01,-6.909438222646713257e-02,3.432492017745971680e-01,6.354830861091613770e-01,-5.954914167523384094e-02
3.970370590686798096e-01,6.616729497909545898e-01,-2.192983572513185209e-07,3.423603177070617676e-01,6.469787359237670898e-01,-3.637145739048719406e-03,3.104107677936553955e-01,5.958331823348999023e-01,-7.878180593252182007e-03,2.880701422691345215e-01,5.579147934913635254e-01,-1.486748922616243362e-02,2.668346762657165527e-01,5.259089469909667969e-01,-2.186401933431625366e-02,3.576729595661163330e-01,4.969773590564727783e-01,-2.582263899967074394e-03,3.224319815635681152e-01,4.701860547065734863e-01,-2.171725593507289886e-02,3.056904375553131104e-01,4.548841416835784912e-01,-3.424708917737007141e-02,3.026618957519531250e-01,4.435779452323913574e-01,-4.083148390054702759e-02,3.696046471595764160e-01,5.030985474586486816e-01,-1.015350874513387680e-02,2.990094125270843506e-01,5.173965096473693848e-01,-3.367917612195014954e-02,2.859355509281158447e-01,5.677570700645446777e-01,-4.032449796795845032e-02,2.966477274894714355e-01,6.026625633239746094e-01,-3.973567113280296326e-02,3.756031990051269531e-01,5.251545906066894531e-01,-1.960849575698375702e-02,3.032269179821014404e-01,5.496810078620910645e-01,-4.306395724415779114e-02,2.967047691345214844e-01,6.011064052581787109e-01,-3.932734206318855286e-02,3.111041188240051270e-01,6.328815817832946777e-01,-3.010060638189315796e-02,3.789232373237609863e-01,5.575228333473205566e-01,-2.969465218484401703e-02,3.237287104129791260e-01,5.771079659461975098e-01,-4.755304008722305298e-02,3.134944438934326172e-01,6.088193058967590332e-01,-4.614026844501495361e-02,3.206670582294464111e-01,6.315391659736633301e-01,-3.955989331007003784e-02
4.013407230377197266e-01,6.622334718704223633e-01,-2.152582538883507368e-07,3.343039155006408691e-01,6.456356048583984375e-01,-3.747169859707355499e-03,2.987711727619171143e-01,5.996423959732055664e-01,-1.186974812299013138e-02,2.727081775665283203e-01,5.630468726158142090e-01,-2.301069535315036774e-02,2.488446235656738281e-01,5.302783250808715820e-01,-3.476186096668243408e-02,3.478148281574249268e-01,4.918119013309478760e-01,-6.703019607812166214e-03,3.170526325702667236e-01,4.460757970809936523e-01,-2.334755472838878632e-02,2.953225970268249512e-01,4.062133431434631348e-01,-3.616337105631828308e-02,2.770326733589172363e-01,3.719111382961273193e-01,-4.626191034913063049e-02,3.573603928089141846e-01,4.944752156734466553e-01,-1.641851104795932770e-02,2.806712388992309570e-01,5.164127945899963379e-01,-4.408211261034011841e-02,2.763039469718933105e-01,5.739020109176635742e-01,-5.030537396669387817e-02,2.924779653549194336e-01,6.119818687438964844e-01,-4.916627705097198486e-02,3.599371910095214844e-01,5.174604058265686035e-01,-2.736946381628513336e-02,2.842097878456115723e-01,5.527228116989135742e-01,-5.371607840061187744e-02,2.867783904075622559e-01,6.076066493988037109e-01,-4.739777743816375732e-02,3.051262199878692627e-01,6.423479318618774414e-01,-3.701253607869148254e-02,3.605094254016876221e-01,5.521554350852966309e-01,-3.929891437292098999e-02,3.004819452762603760e-01,5.844502449035644531e-01,-5.962418764829635620e-02,2.990832924842834473e-01,6.230728626251220703e-01,-5.716643482446670532e-02,3.124814033508300781e-01,6.481567025184631348e-01,-5.008002370595932007e-02
3.958505988121032715e-01,6.786505579948425293e-01,-3.119776863513834542e-07,3.237315416336059570e-01,6.461578607559204102e-01,-6.071433424949645996e-03,2.868647873401641846e-01,5.990803241729736328e-01,-1.779558137059211731e-02,2.610622048377990723e-01,5.585051178932189941e-01,-3.281863406300544739e-02,2.372811734676361084e-01,5.263490676879882812e-01,-4.811662435531616211e-02,3.335669040679931641e-01,4.802781939506530762e-01,-1.546915527433156967e-02,2.918388545513153076e-01,4.152966737747192383e-01,-3.734031692147254944e-02,2.631037831306457520e-01,3.693369925022125244e-01,-5.154279619455337524e-02,2.383154928684234619e-01,3.331580162048339844e-01,-6.190057098865509033e-02,3.482268750667572021e-01,4.857232272624969482e-01,-2.458472549915313721e-02,2.615107297897338867e-01,5.199502706527709961e-01,-6.217278167605400085e-02,2.566023766994476318e-01,5.817327499389648438e-01,-7.048118859529495239e-02,2.731825709342956543e-01,6.221212148666381836e-01,-6.900198757648468018e-02,3.523471653461456299e-01,5.106824636459350586e-01,-3.485027700662612915e-02,2.687699496746063232e-01,5.540107488632202148e-01,-6.829278916120529175e-02,2.735228836536407471e-01,6.054444313049316406e-01,-6.083167716860771179e-02,2.942597568035125732e-01,6.396697163581848145e-01,-4.775285348296165466e-02,3.519661724567413330e-01,5.466964244842529297e-01,-4.616199433803558350e-02,2.871350049972534180e-01,5.761562585830688477e-01,-6.989426910877227783e-02,2.836367487907409668e-01,6.139760613441467285e-01,-6.617583334445953369e-02,2.961023151874542236e-01,6.411486864089965820e-01,-5.663287267088890076e-02
3.720445036888122559e-01,6.641218662261962891e-01,-5.934799673923407681e-07,3.119787275791168213e-01,6.452341079711914062e-01,3.245495259761810303e-03,2.800476253032684326e-01,5.967813730239868164e-01,-5.266449297778308392e-04,2.539122700691223145e-01,5.624335408210754395e-01,-7.728662341833114624e-03,2.296782732009887695e-01,5.313339233398437500e-01,-1.453623827546834946e-02,3.303596973419189453e-01,4.930614531040191650e-01,3.731430508196353912e-03,2.673548758029937744e-01,5.094442963600158691e-01,-1.621347852051258087e-02,2.532199621200561523e-01,5.633571743965148926e-01,-3.026469051837921143e-02,2.606002092361450195e-01,6.062510013580322266e-01,-3.586011007428169250e-02,3.382811844348907471e-01,4.968990683555603027e-01,-5.423192866146564484e-03,2.610496878623962402e-01,5.239234566688537598e-01,-2.370934374630451202e-02,2.518228292465209961e-01,5.844742655754089355e-01,-3.131926804780960083e-02,2.663300037384033203e-01,6.282781958580017090e-01,-3.325058519840240479e-02,3.383785784244537354e-01,5.136740207672119141e-01,-1.588290184736251831e-02,2.614783048629760742e-01,5.522771477699279785e-01,-3.291872143745422363e-02,2.609148323535919189e-01,6.087154746055603027e-01,-3.181926533579826355e-02,2.807055711746215820e-01,6.450546383857727051e-01,-2.684824541211128235e-02,3.333194851875305176e-01,5.426952242851257324e-01,-2.614193782210350037e-02,2.763257026672363281e-01,5.749757885932922363e-01,-3.930532559752464294e-02,2.737679183483123779e-01,6.131331920623779297e-01,-3.782082349061965942e-02,2.869579792022705078e-01,6.391640901565551758e-01,-3.252191841602325439e-02
3.672632873058319092e-01,6.675254702568054199e-01,-6.122139097897161264e-07,3.008117079734802246e-01,6.456492543220520020e-01,-6.488041253760457039e-04,2.660750150680541992e-01,5.978940129280090332e-01,-5.255640018731355667e-03,2.402459681034088135e-01,5.598869919776916504e-01,-1.284727826714515686e-02,2.175620943307876587e-01,5.257689356803894043e-01,-1.799432933330535889e-02,3.188791275024414062e-01,4.899226725101470947e-01,6.253353785723447800e-03,2.487433999776840210e-01,5.122802257537841797e-01,-1.835942268371582031e-02,2.443709969520568848e-01,5.686794519424438477e-01,-3.552109375596046448e-02,2.618970274925231934e-01,6.103463172912597656e-01,-4.223538935184478760e-02,3.244435191154479980e-01,4.933653175830841064e-01,-2.242829417809844017e-03,2.431286573410034180e-01,5.262492299079895020e-01,-2.559997700154781342e-02,2.441242933273315430e-01,5.854146480560302734e-01,-3.364414721727371216e-02,2.639345526695251465e-01,6.232397556304931641e-01,-3.411307930946350098e-02,3.250328004360198975e-01,5.105789899826049805e-01,-1.349855214357376099e-02,2.448794245719909668e-01,5.478219389915466309e-01,-3.568976372480392456e-02,2.517181634902954102e-01,6.045027971267700195e-01,-3.325134888291358948e-02,2.743059098720550537e-01,6.392861604690551758e-01,-2.584463171660900116e-02,3.233299255371093750e-01,5.403363108634948730e-01,-2.544080838561058044e-02,2.632251977920532227e-01,5.734290480613708496e-01,-4.181459546089172363e-02,2.631582617759704590e-01,6.127339005470275879e-01,-4.095213115215301514e-02,2.776072025299072266e-01,6.383069753646850586e-01,-3.502240777015686035e-02
3.538985252380371094e-01,6.524996757507324219e-01,-1.407609317993774312e-07,2.887063324451446533e-01,6.378803253173828125e-01,6.343472632579505444e-04,2.544762492179870605e-01,5.933039188385009766e-01,-3.601025557145476341e-03,2.292910814285278320e-01,5.573547482490539551e-01,-1.156865339726209641e-02,2.085592299699783325e-01,5.257046222686767578e-01,-2.010419405996799469e-02,3.033703863620758057e-01,4.896711111068725586e-01,4.055865108966827393e-03,2.794034779071807861e-01,4.545639753341674805e-01,-8.871275931596755981e-03,2.663305699825286865e-01,4.188203215599060059e-01,-1.941818930208683014e-02,2.567427754402160645e-01,3.877728581428527832e-01,-2.737559005618095398e-02,3.114514052867889404e-01,4.913193285465240479e-01,-5.863140802830457687e-03,2.348885685205459595e-01,5.117810964584350586e-01,-2.903215028345584869e-02,2.307360172271728516e-01,5.655640363693237305e-01,-3.544136881828308105e-02,2.481174021959304810e-01,6.039333939552307129e-01,-3.408190980553627014e-02,3.125336170196533203e-01,5.108275413513183594e-01,-1.691078208386898041e-02,2.355548739433288574e-01,5.443202853202819824e-01,-4.090626537799835205e-02,2.404196709394454956e-01,5.971529483795166016e-01,-3.692165017127990723e-02,2.621181309223175049e-01,6.306765675544738770e-01,-2.725586667656898499e-02,3.118919730186462402e-01,5.403635501861572266e-01,-2.842316403985023499e-02,2.517191469669342041e-01,5.731591582298278809e-01,-4.751886799931526184e-02,2.516756057739257812e-01,6.104283332824707031e-01,-4.659833386540412903e-02,2.672692835330963135e-01,6.351311802864074707e-01,-4.026744514703750610e-02
3.590297400951385498e-01,6.593035459518432617e-01,-2.581773230758699356e-07,2.869707942008972168e-01,6.292109489440917969e-01,-5.320071242749691010e-03,2.504941225051879883e-01,5.818343162536621094e-01,-1.609008945524692535e-02,2.245569229125976562e-01,5.392684340476989746e-01,-2.983707934617996216e-02,1.996442973613739014e-01,5.122900009155273438e-01,-4.402267932891845703e-02,2.938746809959411621e-01,4.704614877700805664e-01,-1.454515848308801651e-02,2.514881789684295654e-01,4.061143398284912109e-01,-3.509314358234405518e-02,2.223948687314987183e-01,3.629594445228576660e-01,-4.791846871376037598e-02,1.975289881229400635e-01,3.286857306957244873e-01,-5.715095624327659607e-02,3.057843446731567383e-01,4.756757915019989014e-01,-2.317984215915203094e-02,2.228075265884399414e-01,4.971092939376831055e-01,-5.761574208736419678e-02,2.179657816886901855e-01,5.560065507888793945e-01,-6.442208588123321533e-02,2.345239520072937012e-01,5.945143103599548340e-01,-6.231597438454627991e-02,3.079934716224670410e-01,4.995806813240051270e-01,-3.286074846982955933e-02,2.277488261461257935e-01,5.357511043548583984e-01,-6.433892250061035156e-02,2.309109270572662354e-01,5.869964957237243652e-01,-5.726119503378868103e-02,2.509810626506805420e-01,6.210331916809082031e-01,-4.469472542405128479e-02,3.055278658866882324e-01,5.343591570854187012e-01,-4.337869957089424133e-02,2.436107099056243896e-01,5.603659152984619141e-01,-6.517881900072097778e-02,2.419018000364303589e-01,5.983741283416748047e-01,-6.132428348064422607e-02,2.556737065315246582e-01,6.253241300582885742e-01,-5.227505788207054138e-02
3.312359750270843506e-01,6.459135413169860840e-01,-3.738300051736587193e-07,2.728812098503112793e-01,6.360090970993041992e-01,6.321627181023359299e-03,2.432466596364974976e-01,5.875500440597534180e-01,4.561128560453653336e-03,2.194191515445709229e-01,5.526404976844787598e-01,-1.585066202096641064e-03,1.973491460084915161e-01,5.240375995635986328e-01,-7.730088196694850922e-03,2.824321985244750977e-01,4.965867698192596436e-01,4.949484486132860184e-03,2.356517910957336426e-01,4.874198436737060547e-01,-1.349216047674417496e-02,2.245803028345108032e-01,5.117564201354980469e-01,-2.528310194611549377e-02,2.329214513301849365e-01,5.354353785514831543e-01,-2.915905416011810303e-02,2.899174094200134277e-01,4.960187673568725586e-01,-4.817035514861345291e-03,2.188776880502700806e-01,5.131535530090332031e-01,-2.347797527909278870e-02,2.116298973560333252e-01,5.661808252334594727e-01,-2.896825782954692841e-02,2.288326323032379150e-01,6.064044237136840820e-01,-2.809529565274715424e-02,2.918022572994232178e-01,5.076737403869628906e-01,-1.580268144607543945e-02,2.207208722829818726e-01,5.401111841201782227e-01,-3.326731175184249878e-02,2.197179943323135376e-01,5.912372469902038574e-01,-3.183527290821075439e-02,2.399241477251052856e-01,6.257618069648742676e-01,-2.548875659704208374e-02,2.890353798866271973e-01,5.295592546463012695e-01,-2.639872580766677856e-02,2.372778058052062988e-01,5.572995543479919434e-01,-3.818146139383316040e-02,2.317171841859817505e-01,5.940991640090942383e-01,-3.674494847655296326e-02,2.419161796569824219e-01,6.220302581787109375e-01,-3.151252865791320801e-02
3.244645297527313232e-01,6.403689384460449219e-01,-1.464472489942636457e-07,2.631143033504486084e-01,6.272395253181457520e-01,-2.284387126564979553e-03,2.303318381309509277e-01,5.841223597526550293e-01,-7.425536867231130600e-03,2.049880176782608032e-01,5.484489202499389648e-01,-1.553139463067054749e-02,1.827767789363861084e-01,5.201169848442077637e-01,-2.411806210875511169e-02,2.823615670204162598e-01,4.833266139030456543e-01,-1.936858985573053360e-03,2.514111697673797607e-01,4.425443708896636963e-01,-1.594090089201927185e-02,2.337415665388107300e-01,4.069739580154418945e-01,-2.593369781970977783e-02,2.200523316860198975e-01,3.764846920967102051e-01,-3.281905874609947205e-02,2.865325808525085449e-01,4.849598407745361328e-01,-9.912936016917228699e-03,2.134273946285247803e-01,4.969190657138824463e-01,-3.486460819840431213e-02,2.061427384614944458e-01,5.498409271240234375e-01,-4.156627506017684937e-02,2.201527804136276245e-01,5.906709432601928711e-01,-3.966858610510826111e-02,2.839831709861755371e-01,5.022102594375610352e-01,-1.885123364627361298e-02,2.096152305603027344e-01,5.312858223915100098e-01,-4.476015269756317139e-02,2.124485075473785400e-01,5.859183669090270996e-01,-4.210880398750305176e-02,2.323710918426513672e-01,6.236952543258666992e-01,-3.248747065663337708e-02,2.795106172561645508e-01,5.313910245895385742e-01,-2.824444323778152466e-02,2.231346666812896729e-01,5.620229244232177734e-01,-4.860220849514007568e-02,2.224220186471939087e-01,6.002764701843261719e-01,-4.837485775351524353e-02,2.367706000804901123e-01,6.280819773674011230e-01,-4.209915176033973694e-02
3.266675174236297607e-01,6.524409055709838867e-01,-2.557277696269011358e-07,2.561908960342407227e-01,6.245681047439575195e-01,-6.962683051824569702e-03,2.207956016063690186e-01,5.792562961578369141e-01,-1.828740537166595459e-02,1.956718564033508301e-01,5.396150946617126465e-01,-3.222222253680229187e-02,1.710939109325408936e-01,5.101510882377624512e-01,-4.625432193279266357e-02,2.654588520526885986e-01,4.640518426895141602e-01,-1.419456209987401962e-02,2.257576882839202881e-01,4.042164981365203857e-01,-3.489780798554420471e-02,1.973635703325271606e-01,3.616734743118286133e-01,-4.901855066418647766e-02,1.724815070629119873e-01,3.276448249816894531e-01,-5.938168987631797791e-02,2.756282389163970947e-01,4.695594310760498047e-01,-2.218117006123065948e-02,1.953804492950439453e-01,4.945763647556304932e-01,-5.649419128894805908e-02,1.925576031208038330e-01,5.518062710762023926e-01,-6.381404399871826172e-02,2.100268006324768066e-01,5.893279314041137695e-01,-6.218313053250312805e-02,2.768372297286987305e-01,4.937322735786437988e-01,-3.146065399050712585e-02,2.005128562450408936e-01,5.328794717788696289e-01,-6.162599474191665649e-02,2.072503566741943359e-01,5.815662741661071777e-01,-5.428124964237213135e-02,2.288468480110168457e-01,6.135269999504089355e-01,-4.229842126369476318e-02,2.747076451778411865e-01,5.282106995582580566e-01,-4.205194860696792603e-02,2.169941365718841553e-01,5.573481321334838867e-01,-6.366883218288421631e-02,2.158578336238861084e-01,5.950835943222045898e-01,-6.032551452517509460e-02,2.288014292716979980e-01,6.209329962730407715e-01,-5.195460468530654907e-02
3.207710683345794678e-01,6.524503231048583984e-01,-3.086923641149041941e-07,2.524887323379516602e-01,6.234419941902160645e-01,-5.920341704040765762e-03,2.183415591716766357e-01,5.780521035194396973e-01,-1.668717153370380402e-02,1.917808353900909424e-01,5.384455919265747070e-01,-3.031562082469463348e-02,1.663130521774291992e-01,5.114336609840393066e-01,-4.429115727543830872e-02,2.582849264144897461e-01,4.663669764995574951e-01,-1.380792446434497833e-02,2.157262861728668213e-01,4.080531597137451172e-01,-3.438638895750045776e-02,1.864226758480072021e-01,3.661933541297912598e-01,-4.825625196099281311e-02,1.609098613262176514e-01,3.323521614074707031e-01,-5.846240743994712830e-02,2.678549885749816895e-01,4.692144095897674561e-01,-2.187746390700340271e-02,1.861990988254547119e-01,5.015311837196350098e-01,-5.621845647692680359e-02,1.854279488325119019e-01,5.598599910736083984e-01,-6.383133679628372192e-02,2.042211890220642090e-01,5.975242257118225098e-01,-6.257203221321105957e-02,2.696304321289062500e-01,4.917438328266143799e-01,-3.109077364206314087e-02,1.922742426395416260e-01,5.360105633735656738e-01,-6.214036419987678528e-02,2.019951790571212769e-01,5.861483812332153320e-01,-5.579375475645065308e-02,2.253984957933425903e-01,6.192891001701354980e-01,-4.443323984742164612e-02,2.693841457366943359e-01,5.244705080986022949e-01,-4.141851887106895447e-02,2.096140980720520020e-01,5.586143136024475098e-01,-6.432618200778961182e-02,2.082892358303070068e-01,5.977641940116882324e-01,-6.203309074044227600e-02,2.207654416561126709e-01,6.248005628585815430e-01,-5.431581661105155945e-02
3.128574192523956299e-01,6.476882696151733398e-01,-5.885237328584480565e-07,2.504428029060363770e-01,6.314216256141662598e-01,2.910810289904475212e-03,2.170616686344146729e-01,5.858705639839172363e-01,-1.997821265831589699e-03,1.887911260128021240e-01,5.519283413887023926e-01,-1.001793146133422852e-02,1.610414832830429077e-01,5.269950032234191895e-01,-1.671949215233325958e-02,2.629756629467010498e-01,4.803318083286285400e-01,1.010057982057332993e-03,1.920063942670822144e-01,4.995924532413482666e-01,-2.105965837836265564e-02,1.842618286609649658e-01,5.506117343902587891e-01,-3.505275398492813110e-02,1.998264789581298828e-01,5.913828611373901367e-01,-3.970721364021301270e-02,2.677225768566131592e-01,4.828811585903167725e-01,-7.772421929985284805e-03,1.837010830640792847e-01,5.160750746726989746e-01,-2.834433317184448242e-02,1.834354549646377563e-01,5.726091265678405762e-01,-3.530554845929145813e-02,2.035173624753952026e-01,6.120420098304748535e-01,-3.618783503770828247e-02,2.651017606258392334e-01,4.995938241481781006e-01,-1.796262711286544800e-02,1.835097372531890869e-01,5.462325811386108398e-01,-3.579775989055633545e-02,1.896778196096420288e-01,6.006961464881896973e-01,-3.427807614207267761e-02,2.123887538909912109e-01,6.353759765625000000e-01,-2.907101809978485107e-02,2.592797577381134033e-01,5.292136669158935547e-01,-2.819775231182575226e-02,2.028531730175018311e-01,5.701200962066650391e-01,-4.166821390390396118e-02,2.029335200786590576e-01,6.102644205093383789e-01,-4.130659624934196472e-02,2.153822481632232666e-01,6.374570131301879883e-01,-3.702290356159210205e-02
3.100889623165130615e-01,6.556935310363769531e-01,-5.787377403976279311e-07,2.425044178962707520e-01,6.321927905082702637e-01,7.050011772662401199e-04,2.073976546525955200e-01,5.888862609863281250e-01,-6.038952618837356567e-03,1.782670766115188599e-01,5.554443001747131348e-01,-1.559011731296777725e-02,1.524638086557388306e-01,5.290530323982238770e-01,-2.303168736398220062e-02,2.548385262489318848e-01,4.750013947486877441e-01,1.136526931077241898e-03,1.814699470996856689e-01,5.005781054496765137e-01,-2.252632565796375275e-02,1.762604713439941406e-01,5.532769560813903809e-01,-3.940176963806152344e-02,1.924362778663635254e-01,5.928343534469604492e-01,-4.664541035890579224e-02,2.576849162578582764e-01,4.796153604984283447e-01,-7.729411125183105469e-03,1.727369129657745361e-01,5.193696618080139160e-01,-3.088973462581634521e-02,1.776662170886993408e-01,5.762603282928466797e-01,-3.903185576200485229e-02,1.986600607633590698e-01,6.138331294059753418e-01,-4.020875692367553711e-02,2.549988031387329102e-01,4.999727904796600342e-01,-1.847309805452823639e-02,1.752606034278869629e-01,5.504061579704284668e-01,-3.998312354087829590e-02,1.883547902107238770e-01,6.050936579704284668e-01,-3.856334835290908813e-02,2.122039943933486938e-01,6.395581364631652832e-01,-3.263588249683380127e-02,2.501336932182312012e-01,5.337641239166259766e-01,-2.971640415489673615e-02,1.931685954332351685e-01,5.773845314979553223e-01,-4.683487862348556519e-02,1.951704025268554688e-01,6.193735599517822266e-01,-4.784361273050308228e-02,2.066159248352050781e-01,6.462194919586181641e-01,-4.377254098653793335e-02
