2.953002154827117920e-01,3.310009837150573730e-01,-1.736450201406114502e-07,2.592899799346923828e-01,2.871541380882263184e-01,5.433817859739065170e-03,2.503623962402343750e-01,2.253555804491043091e-01,1.147041283547878265e-02,2.619459629058837891e-01,1.735023856163024902e-01,1.032984908670186996e-02,2.786746025085449219e-01,1.359058022499084473e-01,8.065983653068542480e-03,2.900983989238739014e-01,1.992816776037216187e-01,4.034430906176567078e-02,2.957804501056671143e-01,1.460163742303848267e-01,3.751063346862792969e-02,2.933114767074584961e-01,1.096691861748695374e-01,3.495040908455848694e-02,2.954449653625488281e-01,7.988341152667999268e-02,3.204534947872161865e-02,3.081810474395751953e-01,1.992213129997253418e-01,2.946964465081691742e-02,2.895349562168121338e-01,1.531252115964889526e-01,1.105726230889558792e-02,2.721469402313232422e-01,1.866324841976165771e-01,3.047712147235870361e-03,2.760051488876342773e-01,2.152772098779678345e-01,5.567124113440513611e-03,3.253526687622070312e-01,2.026467770338058472e-01,1.535415835678577423e-02,3.012923002243041992e-01,1.587978303432464600e-01,-8.378880098462104797e-03,2.842144668102264404e-01,1.984725892543792725e-01,-8.183627389371395111e-03,2.920066714286804199e-01,2.263120263814926147e-01,1.238422817550599575e-03,3.465300798416137695e-01,2.102259099483489990e-01,1.458458718843758106e-03,3.180378973484039307e-01,1.651241630315780640e-01,-1.361168920993804932e-02,3.015345335006713867e-01,1.935384273529052734e-01,-1.037419121712446213e-02,3.084299564361572266e-01,2.219208329916000366e-01,-2.729348838329315186e-03
2.978276014328002930e-01,3.298613429069519043e-01,-1.574860277742118342e-07,2.588055431842803955e-01,2.852695584297180176e-01,4.423267208039760590e-03,2.503377497196197510e-01,2.280826866626739502e-01,1.074891351163387299e-02,2.623395919799804688e-01,1.743232309818267822e-01,1.074514444917440414e-02,2.785612642765045166e-01,1.363885104656219482e-01,9.858179837465286255e-03,2.842564582824707031e-01,2.032510340213775635e-01,4.178792238235473633e-02,2.908709943294525146e-01,1.500381529331207275e-01,4.187518358230590820e-02,2.896673381328582764e-01,1.149553135037422180e-01,3.961052000522613525e-02,2.915111780166625977e-01,8.664077520370483398e-02,3.680641204118728638e-02,3.035834431648254395e-01,2.021625041961669922e-01,3.367597982287406921e-02,2.923592627048492432e-01,1.561517864465713501e-01,1.891666837036609650e-02,2.793006300926208496e-01,1.832797676324844360e-01,8.831138722598552704e-03,2.794171571731567383e-01,2.137066274881362915e-01,8.970296941697597504e-03,3.231475949287414551e-01,2.049506157636642456e-01,2.286724373698234558e-02,3.042843043804168701e-01,1.598963886499404907e-01,2.479202346876263618e-03,2.895746231079101562e-01,1.947606056928634644e-01,-9.479214786551892757e-04,2.926811873912811279e-01,2.269806563854217529e-01,5.275846924632787704e-03,3.462603092193603516e-01,2.106372416019439697e-01,1.252289302647113800e-02,3.197677731513977051e-01,1.653119623661041260e-01,-9.956461144611239433e-04,3.027339577674865723e-01,1.897433251142501831e-01,-5.944988515693694353e-05,3.050059080123901367e-01,2.213808894157409668e-01,5.713664460927248001e-03
2.953224778175354004e-01,3.255013525485992432e-01,-1.297895977359075914e-07,2.586317360401153564e-01,2.839711904525756836e-01,5.630338564515113831e-03,2.499964237213134766e-01,2.265309989452362061e-01,1.204003207385540009e-02,2.610796093940734863e-01,1.741230189800262451e-01,1.141906995326280594e-02,2.769279479980468750e-01,1.358371078968048096e-01,9.456518106162548065e-03,2.878811955451965332e-01,2.015473395586013794e-01,4.138499125838279724e-02,2.937039732933044434e-01,1.461277008056640625e-01,4.156599566340446472e-02,2.924984395503997803e-01,1.086946651339530945e-01,3.952766954898834229e-02,2.942965328693389893e-01,7.780550420284271240e-02,3.684804216027259827e-02,3.056056201457977295e-01,2.018897831439971924e-01,3.208807110786437988e-02,2.946887910366058350e-01,1.570192575454711914e-01,1.749191060662269592e-02,2.813866436481475830e-01,1.863865852355957031e-01,7.947506383061408997e-03,2.824091613292694092e-01,2.166061401367187500e-01,8.554643951356410980e-03,3.234203755855560303e-01,2.057730853557586670e-01,2.024061046540737152e-02,3.058210015296936035e-01,1.609280705451965332e-01,4.423397185746580362e-04,2.902931272983551025e-01,1.983145922422409058e-01,-2.033249475061893463e-03,2.940408885478973389e-01,2.313640266656875610e-01,4.822067450731992722e-03,3.452118635177612305e-01,2.114122658967971802e-01,8.826667442917823792e-03,3.215453624725341797e-01,1.649992465972900391e-01,-3.817926859483122826e-03,3.038780987262725830e-01,1.896792650222778320e-01,-1.741246785968542099e-03,3.055644929409027100e-01,2.218534052371978760e-01,4.705895669758319855e-03
2.951929569244384766e-01,3.243211805820465088e-01,-1.654536561090935720e-07,2.595703601837158203e-01,2.829483449459075928e-01,4.306333605200052261e-03,2.506649494171142578e-01,2.268370240926742554e-01,9.922883473336696625e-03,2.622564733028411865e-01,1.755180805921554565e-01,9.442547336220741272e-03,2.783460617065429688e-01,1.392920762300491333e-01,7.920015603303909302e-03,2.877877652645111084e-01,1.996506452560424805e-01,3.459166362881660461e-02,2.942160665988922119e-01,1.450208872556686401e-01,3.388419374823570251e-02,2.931969463825225830e-01,1.074297726154327393e-01,3.146670386195182800e-02,2.938361763954162598e-01,7.833406329154968262e-02,2.849476411938667297e-02,3.060128390789031982e-01,1.999149024486541748e-01,2.603559195995330811e-02,2.946145832538604736e-01,1.550984382629394531e-01,1.217884942889213562e-02,2.801621854305267334e-01,1.799197793006896973e-01,3.470026422291994095e-03,2.779527306556701660e-01,2.115203440189361572e-01,3.732324345037341118e-03,3.241775333881378174e-01,2.043672055006027222e-01,1.526559144258499146e-02,3.062295317649841309e-01,1.574178636074066162e-01,-3.837055293843150139e-03,2.895845174789428711e-01,1.902279406785964966e-01,-5.315654445439577103e-03,2.896883487701416016e-01,2.251612693071365356e-01,1.457643113099038601e-03,3.456217944622039795e-01,2.123031914234161377e-01,4.867973271757364273e-03,3.218116760253906250e-01,1.654408425092697144e-01,-8.709101006388664246e-03,3.040630817413330078e-01,1.877376288175582886e-01,-6.765700876712799072e-03,3.032687604427337646e-01,2.218436449766159058e-01,-4.250662459526211023e-04
2.957834899425506592e-01,3.249604403972625732e-01,-1.711172927798543242e-07,2.606677412986755371e-01,2.843125760555267334e-01,2.584011526778340340e-03,2.515370249748229980e-01,2.266430258750915527e-01,6.645482964813709259e-03,2.627473771572113037e-01,1.751352250576019287e-01,5.113183055073022842e-03,2.785172164440155029e-01,1.373126953840255737e-01,2.671021036803722382e-03,2.894897162914276123e-01,1.999287605285644531e-01,3.087347745895385742e-02,2.955906391143798828e-01,1.466632783412933350e-01,2.878961712121963501e-02,2.943719029426574707e-01,1.109585762023925781e-01,2.628594450652599335e-02,2.955909669399261475e-01,8.310976624488830566e-02,2.348051778972148895e-02,3.085037469863891602e-01,2.010894864797592163e-01,2.287181839346885681e-02,2.962437272071838379e-01,1.561784744262695312e-01,7.983808405697345734e-03,2.817903757095336914e-01,1.835521906614303589e-01,2.727997489273548126e-04,2.810654342174530029e-01,2.145609110593795776e-01,1.336904126219451427e-03,3.264890909194946289e-01,2.054764628410339355e-01,1.249350327998399734e-02,3.075371086597442627e-01,1.598976850509643555e-01,-7.213049568235874176e-03,2.912096083164215088e-01,1.941844522953033447e-01,-7.882855832576751709e-03,2.926894128322601318e-01,2.275232076644897461e-01,-5.932523636147379875e-04,3.468969464302062988e-01,2.128069698810577393e-01,2.352552488446235657e-03,3.218157291412353516e-01,1.675181537866592407e-01,-1.133485231548547745e-02,3.047142326831817627e-01,1.901994794607162476e-01,-9.315357543528079987e-03,3.055735826492309570e-01,2.218620181083679199e-01,-3.059951588511466980e-03
2.964841425418853760e-01,3.262297809123992920e-01,-1.918887448937312001e-07,2.608828544616699219e-01,2.905268967151641846e-01,-4.895040183328092098e-05,2.508954703807830811e-01,2.291902005672454834e-01,2.948613371700048447e-03,2.616364061832427979e-01,1.758826076984405518e-01,1.042178831994533539e-03,2.786962091922760010e-01,1.384817212820053101e-01,-1.506467349827289581e-03,2.888662815093994141e-01,1.990106105804443359e-01,2.501847222447395325e-02,2.956203222274780273e-01,1.481178998947143555e-01,2.027565985918045044e-02,2.945966422557830811e-01,1.118377447128295898e-01,1.654858700931072235e-02,2.959328591823577881e-01,8.292694389820098877e-02,1.283283531665802002e-02,3.083630204200744629e-01,2.000911533832550049e-01,1.773025281727313995e-02,2.965412437915802002e-01,1.577484309673309326e-01,-4.316577396821230650e-04,2.832379639148712158e-01,1.873898804187774658e-01,-8.297663182020187378e-03,2.831442356109619141e-01,2.190811634063720703e-01,-6.890520453453063965e-03,3.271267116069793701e-01,2.046282589435577393e-01,7.995113730430603027e-03,3.084388077259063721e-01,1.623846143484115601e-01,-1.403501257300376892e-02,2.937391102313995361e-01,1.974318027496337891e-01,-1.415308192372322083e-02,2.966452240943908691e-01,2.301120311021804810e-01,-6.295207422226667404e-03,3.484727442264556885e-01,2.124341428279876709e-01,-1.789200236089527607e-03,3.217581510543823242e-01,1.710045337677001953e-01,-1.709787733852863312e-02,3.053075075149536133e-01,1.944305002689361572e-01,-1.536751072853803635e-02,3.067285418510437012e-01,2.246538698673248291e-01,-9.253383614122867584e-03
2.938687503337860107e-01,3.251025974750518799e-01,-1.887799214728147490e-07,2.608956098556518555e-01,2.882110476493835449e-01,1.508602173998951912e-03,2.522553205490112305e-01,2.280244529247283936e-01,4.782033152878284454e-03,2.634280622005462646e-01,1.771268546581268311e-01,2.501179696992039680e-03,2.796698212623596191e-01,1.398965865373611450e-01,-6.587303942069411278e-04,2.909129858016967773e-01,1.972440481185913086e-01,2.749982662498950958e-02,2.977682054042816162e-01,1.462180018424987793e-01,2.202190272510051727e-02,2.959264516830444336e-01,1.091893017292022705e-01,1.791299134492874146e-02,2.971441447734832764e-01,7.943879067897796631e-02,1.397960353642702103e-02,3.104522228240966797e-01,1.981195062398910522e-01,1.879652775824069977e-02,2.966800630092620850e-01,1.564448177814483643e-01,2.775196626316756010e-04,2.810104787349700928e-01,1.872964799404144287e-01,-7.176896091550588608e-03,2.819790542125701904e-01,2.184402346611022949e-01,-5.360337439924478531e-03,3.281617462635040283e-01,2.035251259803771973e-01,7.428527809679508209e-03,3.081941008567810059e-01,1.632184684276580811e-01,-1.499280612915754318e-02,2.913337349891662598e-01,2.001272290945053101e-01,-1.419327594339847565e-02,2.949109375476837158e-01,2.312477082014083862e-01,-5.585666280239820480e-03,3.480414450168609619e-01,2.125258892774581909e-01,-3.968670498579740524e-03,3.210695385932922363e-01,1.718835681676864624e-01,-1.900767162442207336e-02,3.039530515670776367e-01,1.967588216066360474e-01,-1.634465157985687256e-02,3.065865635871887207e-01,2.257418930530548096e-01,-9.575290605425834656e-03
2.947567999362945557e-01,3.263659775257110596e-01,-1.805995708537011524e-07,2.605972290039062500e-01,2.890994548797607422e-01,-3.082877083215862513e-04,2.512960731983184814e-01,2.280539721250534058e-01,1.728899544104933739e-03,2.638521492481231689e-01,1.761932522058486938e-01,-1.394938328303396702e-03,2.812079191207885742e-01,1.375953704118728638e-01,-5.268489010632038116e-03,2.897697985172271729e-01,1.994717419147491455e-01,2.525144629180431366e-02,2.974235713481903076e-01,1.482707262039184570e-01,1.881931722164154053e-02,2.964933812618255615e-01,1.104592084884643555e-01,1.482668519020080566e-02,2.983142137527465820e-01,8.011084794998168945e-02,1.109786517918109894e-02,3.093892335891723633e-01,1.999544054269790649e-01,1.710952818393707275e-02,2.954191267490386963e-01,1.558688879013061523e-01,-3.212027950212359428e-03,2.805678844451904297e-01,1.888423115015029907e-01,-9.962476789951324463e-03,2.823405563831329346e-01,2.200513780117034912e-01,-7.006963714957237244e-03,3.274840712547302246e-01,2.045673877000808716e-01,6.062290631234645844e-03,3.064092993736267090e-01,1.627900451421737671e-01,-1.787882111966609955e-02,2.907979488372802734e-01,2.020269036293029785e-01,-1.627202704548835754e-02,2.958566844463348389e-01,2.320690900087356567e-01,-6.731707137078046799e-03,3.480565845966339111e-01,2.129572629928588867e-01,-5.192382261157035828e-03,3.204301595687866211e-01,1.722643375396728516e-01,-2.121532335877418518e-02,3.049556612968444824e-01,1.986093819141387939e-01,-1.865228451788425446e-02,3.098396956920623779e-01,2.257056087255477905e-01,-1.183353364467620850e-02
2.939912676811218262e-01,3.267119526863098145e-01,-1.817469268416971317e-07,2.614508569240570068e-01,2.891160845756530762e-01,1.043585129082202911e-03,2.520843744277954102e-01,2.298778146505355835e-01,2.929781097918748856e-03,2.635669708251953125e-01,1.780077964067459106e-01,-6.476724520325660706e-04,2.809787392616271973e-01,1.389534771442413330e-01,-4.928243812173604965e-03,2.901610732078552246e-01,1.995755136013031006e-01,2.701926603913307190e-02,2.976591885089874268e-01,1.478949189186096191e-01,2.077252790331840515e-02,2.953378260135650635e-01,1.108004823327064514e-01,1.691181585192680359e-02,2.962982356548309326e-01,8.112312853336334229e-02,1.337208040058612823e-02,3.099430799484252930e-01,1.998969018459320068e-01,1.820970885455608368e-02,2.949643433094024658e-01,1.555187255144119263e-01,-1.732941949740052223e-03,2.794696390628814697e-01,1.890909671783447266e-01,-8.234452456235885620e-03,2.814385294914245605e-01,2.209673374891281128e-01,-5.084912292659282684e-03,3.275960087776184082e-01,2.047180384397506714e-01,6.536215078085660934e-03,3.056808412075042725e-01,1.629128009080886841e-01,-1.674292050302028656e-02,2.896677553653717041e-01,2.025884240865707397e-01,-1.482637505978345871e-02,2.944444119930267334e-01,2.332908958196640015e-01,-5.080612376332283020e-03,3.477661609649658203e-01,2.132355272769927979e-01,-5.244820844382047653e-03,3.203536570072174072e-01,1.727828234434127808e-01,-2.044061943888664246e-02,3.050647079944610596e-01,1.997147649526596069e-01,-1.739695668220520020e-02,3.098244071006774902e-01,2.274905592203140259e-01,-1.026086322963237762e-02
2.951166629791259766e-01,3.296602070331573486e-01,-1.869522634478926193e-07,2.609423696994781494e-01,2.914872765541076660e-01,1.021877862513065338e-03,2.507227063179016113e-01,2.305757701396942139e-01,3.487114328891038895e-03,2.622210383415222168e-01,1.766657829284667969e-01,-3.224932152079418302e-05,2.812262177467346191e-01,1.379478275775909424e-01,-4.466080572456121445e-03,2.889945209026336670e-01,2.036082446575164795e-01,3.151481598615646362e-02,2.962687313556671143e-01,1.548521667718887329e-01,2.572104521095752716e-02,2.945919930934906006e-01,1.190021783113479614e-01,2.214362844824790955e-02,2.965656518936157227e-01,8.936120569705963135e-02,1.881339214742183685e-02,3.089550137519836426e-01,2.033554017543792725e-01,2.276494354009628296e-02,2.949829995632171631e-01,1.596646010875701904e-01,2.290832810103893280e-03,2.804020345211029053e-01,1.954686045646667480e-01,-4.602773580700159073e-03,2.834169268608093262e-01,2.264261543750762939e-01,-1.128939096815884113e-03,3.272557258605957031e-01,2.077780663967132568e-01,1.077565830200910568e-02,3.071905970573425293e-01,1.649625897407531738e-01,-1.396814454346895218e-02,2.913614511489868164e-01,2.063598483800888062e-01,-1.293937861919403076e-02,2.964476644992828369e-01,2.374632060527801514e-01,-3.049965947866439819e-03,3.477750122547149658e-01,2.156674712896347046e-01,-1.283296849578619003e-03,3.209862112998962402e-01,1.747503578662872314e-01,-1.710896939039230347e-02,3.053971827030181885e-01,2.023783922195434570e-01,-1.458975113928318024e-02,3.099456131458282471e-01,2.301432341337203979e-01,-7.600856479257345200e-03
2.951640784740447998e-01,3.271115124225616455e-01,-1.907394846512033837e-07,2.630191743373870850e-01,2.924510538578033447e-01,1.551374676637351513e-03,2.517178356647491455e-01,2.329545468091964722e-01,5.022116005420684814e-03,2.617605626583099365e-01,1.807347238063812256e-01,3.192637348547577858e-03,2.781082689762115479e-01,1.445851027965545654e-01,4.135661874897778034e-04,2.887921333312988281e-01,2.050087153911590576e-01,2.656665444374084473e-02,2.949961721897125244e-01,1.540599614381790161e-01,2.078583650290966034e-02,2.935978770256042480e-01,1.175918206572532654e-01,1.697662286460399628e-02,2.956092357635498047e-01,8.779142796993255615e-02,1.326607912778854370e-02,3.085465431213378906e-01,2.052936106920242310e-01,1.808877103030681610e-02,2.938909530639648438e-01,1.625083684921264648e-01,-1.119196531362831593e-03,2.795167565345764160e-01,1.973290592432022095e-01,-7.783889304846525192e-03,2.833991050720214844e-01,2.272538691759109497e-01,-5.190541036427021027e-03,3.268990516662597656e-01,2.104922086000442505e-01,6.991247646510601044e-03,3.069020211696624756e-01,1.684354841709136963e-01,-1.669176109135150909e-02,2.899841070175170898e-01,2.073137909173965454e-01,-1.494104135781526566e-02,2.947767674922943115e-01,2.359836250543594360e-01,-5.417026579380035400e-03,3.469614684581756592e-01,2.196033895015716553e-01,-3.982398658990859985e-03,3.201977908611297607e-01,1.784026324748992920e-01,-2.024502493441104889e-02,3.032380938529968262e-01,2.056251019239425659e-01,-1.725974492728710175e-02,3.071985244750976562e-01,2.332656979560852051e-01,-1.009585335850715637e-02
2.956064343452453613e-01,3.273970484733581543e-01,-2.044967857273150003e-07,2.625862360000610352e-01,2.933452725410461426e-01,2.928249305114150047e-04,2.507400512695312500e-01,2.351083755493164062e-01,2.239788882434368134e-03,2.608000338077545166e-01,1.828580200672149658e-01,-3.433967358432710171e-04,2.776758074760437012e-01,1.476808786392211914e-01,-3.881433745846152306e-03,2.858402729034423828e-01,2.056641131639480591e-01,2.117055840790271759e-02,2.922851741313934326e-01,1.571349799633026123e-01,1.415496505796909332e-02,2.911545932292938232e-01,1.227473244071006775e-01,9.902015328407287598e-03,2.929984927177429199e-01,9.557411074638366699e-02,6.122290156781673431e-03,3.058338165283203125e-01,2.065905630588531494e-01,1.373712439090013504e-02,2.915507256984710693e-01,1.644948124885559082e-01,-6.478702649474143982e-03,2.773958742618560791e-01,2.013107240200042725e-01,-1.243176124989986420e-02,2.808458805084228516e-01,2.324116230010986328e-01,-9.342229925096035004e-03,3.249584436416625977e-01,2.119467854499816895e-01,3.928315825760364532e-03,3.057273924350738525e-01,1.717203557491302490e-01,-2.013257518410682678e-02,2.907601892948150635e-01,2.122152298688888550e-01,-1.710112951695919037e-02,2.957158386707305908e-01,2.423191517591476440e-01,-6.891459226608276367e-03,3.457041382789611816e-01,2.221458405256271362e-01,-5.751581862568855286e-03,3.207418024539947510e-01,1.846525222063064575e-01,-2.216029912233352661e-02,3.057261109352111816e-01,2.132643610239028931e-01,-1.852312311530113220e-02,3.103998899459838867e-01,2.407269477844238281e-01,-1.098095346242189407e-02
2.927538156509399414e-01,3.342773616313934326e-01,-1.826965245754763600e-07,2.649959921836853027e-01,2.987726330757141113e-01,3.058395814150571823e-03,2.543336749076843262e-01,2.426176667213439941e-01,4.905487410724163055e-03,2.615252137184143066e-01,1.951557099819183350e-01,7.564410916529595852e-04,2.769621312618255615e-01,1.594122201204299927e-01,-4.543749149888753891e-03,2.887485623359680176e-01,2.149981260299682617e-01,2.597513049840927124e-02,2.946430742740631104e-01,1.669902801513671875e-01,1.909188181161880493e-02,2.923950552940368652e-01,1.311681270599365234e-01,1.521153654903173447e-02,2.940446734428405762e-01,1.025931239128112793e-01,1.185537874698638916e-02,3.071342706680297852e-01,2.156401127576828003e-01,1.611654832959175110e-02,2.914266884326934814e-01,1.711717694997787476e-01,-3.881880315020680428e-03,2.771866023540496826e-01,2.064676135778427124e-01,-9.773678146302700043e-03,2.814585268497467041e-01,2.370226979255676270e-01,-6.205559242516756058e-03,3.246828317642211914e-01,2.198513448238372803e-01,3.754278644919395447e-03,3.044005632400512695e-01,1.783477365970611572e-01,-1.950827054679393768e-02,2.901004552841186523e-01,2.181988656520843506e-01,-1.670605130493640900e-02,2.962363362312316895e-01,2.471346408128738403e-01,-6.353853736072778702e-03,3.444054126739501953e-01,2.283191084861755371e-01,-8.450216613709926605e-03,3.200121521949768066e-01,1.890658438205718994e-01,-2.302126400172710419e-02,3.063426315784454346e-01,2.162358313798904419e-01,-1.876159571111202240e-02,3.117142319679260254e-01,2.431249022483825684e-01,-1.089194603264331818e-02
2.924894690513610840e-01,3.360617458820343018e-01,-2.009969790606191964e-07,2.630265653133392334e-01,3.033648133277893066e-01,6.788080208934843540e-04,2.514281570911407471e-01,2.460852414369583130e-01,1.847310573793947697e-03,2.600854039192199707e-01,1.984946280717849731e-01,-1.652093487791717052e-03,2.752978503704071045e-01,1.645074188709259033e-01,-6.284981966018676758e-03,2.859278917312622070e-01,2.172503620386123657e-01,1.784084178507328033e-02,2.929915785789489746e-01,1.691135764122009277e-01,8.554153144359588623e-03,2.922979891300201416e-01,1.329734325408935547e-01,3.269422799348831177e-03,2.947635948657989502e-01,1.051342338323593140e-01,-8.440839592367410660e-04,3.051533699035644531e-01,2.197322696447372437e-01,9.330022148787975311e-03,2.887929975986480713e-01,1.774507164955139160e-01,-1.240987423807382584e-02,2.743567526340484619e-01,2.144974172115325928e-01,-1.776721701025962830e-02,2.786639332771301270e-01,2.456376105546951294e-01,-1.389405038207769394e-02,3.236386179924011230e-01,2.259192615747451782e-01,-1.556137460283935070e-03,3.031121492385864258e-01,1.878407597541809082e-01,-2.625502087175846100e-02,2.888691127300262451e-01,2.286684513092041016e-01,-2.188164554536342621e-02,2.949056029319763184e-01,2.570112943649291992e-01,-1.047214865684509277e-02,3.445604443550109863e-01,2.375019490718841553e-01,-1.236012205481529236e-02,3.203933537006378174e-01,1.986476182937622070e-01,-2.796590141952037811e-02,3.065483570098876953e-01,2.274722456932067871e-01,-2.247793599963188171e-02,3.112468123435974121e-01,2.537333965301513672e-01,-1.362956129014492035e-02
2.990174591541290283e-01,3.472064137458801270e-01,-2.360477111551517737e-07,2.690252065658569336e-01,3.095059692859649658e-01,3.352705854922533035e-03,2.589229941368103027e-01,2.563695609569549561e-01,7.468771189451217651e-03,2.652229368686676025e-01,2.127087265253067017e-01,7.275548763573169708e-03,2.752183675765991211e-01,1.834399551153182983e-01,6.511074490845203400e-03,2.892330884933471680e-01,2.246120423078536987e-01,1.978319138288497925e-02,2.925685048103332520e-01,1.756686866283416748e-01,1.451469585299491882e-02,2.911619544029235840e-01,1.423321664333343506e-01,9.561358019709587097e-03,2.920494675636291504e-01,1.171540394425392151e-01,5.215590819716453552e-03,3.073340058326721191e-01,2.290119379758834839e-01,1.197148859500885010e-02,2.946176230907440186e-01,1.929100602865219116e-01,-4.713180474936962128e-03,2.815887331962585449e-01,2.226033657789230347e-01,-1.224260497838258743e-02,2.816583216190338135e-01,2.535441219806671143e-01,-1.168511714786291122e-02,3.254585564136505127e-01,2.372653633356094360e-01,2.764412201941013336e-03,3.069390356540679932e-01,2.005356401205062866e-01,-1.641074381768703461e-02,2.934582829475402832e-01,2.333264648914337158e-01,-1.484114490449428558e-02,2.955015599727630615e-01,2.639767229557037354e-01,-7.214452605694532394e-03,3.448962569236755371e-01,2.514535188674926758e-01,-6.121002137660980225e-03,3.242638409137725830e-01,2.133219242095947266e-01,-1.882956176996231079e-02,3.083690404891967773e-01,2.369602918624877930e-01,-1.448607258498668671e-02,3.085429072380065918e-01,2.658444046974182129e-01,-7.213024422526359558e-03
2.954478263854980469e-01,3.688260316848754883e-01,-2.241806953406921821e-07,2.642723917961120605e-01,3.354710638523101807e-01,2.336060395464301109e-03,2.522353529930114746e-01,2.788058817386627197e-01,5.496669095009565353e-03,2.600497305393218994e-01,2.306824624538421631e-01,4.574374761432409286e-03,2.729339003562927246e-01,1.980640888214111328e-01,2.991168526932597160e-03,2.831206023693084717e-01,2.423398047685623169e-01,1.625202037394046783e-02,2.899782061576843262e-01,1.913539320230484009e-01,9.265641681849956512e-03,2.894919216632843018e-01,1.562624573707580566e-01,3.664940362796187401e-03,2.903716564178466797e-01,1.293416917324066162e-01,-1.058674883097410202e-03,3.025272786617279053e-01,2.450237125158309937e-01,8.645821362733840942e-03,2.893849015235900879e-01,2.027855217456817627e-01,-8.399570360779762268e-03,2.755491137504577637e-01,2.343367934226989746e-01,-1.438466645777225494e-02,2.760875523090362549e-01,2.662735879421234131e-01,-1.288413163274526596e-02,3.217961788177490234e-01,2.513219714164733887e-01,-5.174649995751678944e-04,3.043100535869598389e-01,2.113178372383117676e-01,-1.931353099644184113e-02,2.898764610290527344e-01,2.464125752449035645e-01,-1.607117243111133575e-02,2.923148274421691895e-01,2.773805260658264160e-01,-7.609835360199213028e-03,3.424029350280761719e-01,2.629737854003906250e-01,-9.611351415514945984e-03,3.211120963096618652e-01,2.251950204372406006e-01,-2.167969755828380585e-02,3.053207993507385254e-01,2.499768733978271484e-01,-1.681844703853130341e-02,3.062222003936767578e-01,2.781966328620910645e-01,-9.420160204172134399e-03
2.900194227695465088e-01,3.861629962921142578e-01,-2.395582043845934095e-07,2.599160671234130859e-01,3.501569330692291260e-01,3.800203325226902962e-03,2.512139081954956055e-01,2.900938093662261963e-01,8.622938767075538635e-03,2.585086226463317871e-01,2.423104792833328247e-01,8.532606065273284912e-03,2.686894536018371582e-01,2.089702636003494263e-01,7.526298053562641144e-03,2.832908034324645996e-01,2.544805705547332764e-01,2.175182476639747620e-02,2.895536422729492188e-01,2.025885730981826782e-01,1.624675281345844269e-02,2.879701256752014160e-01,1.670473068952560425e-01,1.191637199372053146e-02,2.888780236244201660e-01,1.403295695781707764e-01,8.134688250720500946e-03,3.023149669170379639e-01,2.576722502708435059e-01,1.325691398233175278e-02,2.859915792942047119e-01,2.165751904249191284e-01,-4.289255477488040924e-03,2.719024717807769775e-01,2.486963719129562378e-01,-1.116078533232212067e-02,2.734499275684356689e-01,2.816861271858215332e-01,-9.493228979408740997e-03,3.217133879661560059e-01,2.650463581085205078e-01,3.135723527520895004e-03,3.006142377853393555e-01,2.263168245553970337e-01,-1.733151450753211975e-02,2.867239415645599365e-01,2.622667551040649414e-01,-1.538012549281120300e-02,2.903347611427307129e-01,2.938928008079528809e-01,-6.800803821533918381e-03,3.430305421352386475e-01,2.774146199226379395e-01,-6.667702924460172653e-03,3.186529874801635742e-01,2.397002428770065308e-01,-2.005596086382865906e-02,3.029404282569885254e-01,2.660001516342163086e-01,-1.581951044499874115e-02,3.051948249340057373e-01,2.954732477664947510e-01,-8.251351304352283478e-03
2.901587784290313721e-01,4.053138196468353271e-01,-2.488222605734335957e-07,2.572368085384368896e-01,3.682180047035217285e-01,2.680614590644836426e-03,2.459222823381423950e-01,3.043025135993957520e-01,6.522947922348976135e-03,2.549556791782379150e-01,2.545352280139923096e-01,5.384469404816627502e-03,2.709292769432067871e-01,2.220648825168609619e-01,3.318631555885076523e-03,2.790630459785461426e-01,2.684628367424011230e-01,2.197795175015926361e-02,2.864896059036254883e-01,2.178572714328765869e-01,1.453492790460586548e-02,2.855826020240783691e-01,1.811350286006927490e-01,9.339020587503910065e-03,2.867476642131805420e-01,1.523066014051437378e-01,4.871662706136703491e-03,2.989001870155334473e-01,2.717697024345397949e-01,1.308680232614278793e-02,2.844597101211547852e-01,2.281239926815032959e-01,-6.891029886901378632e-03,2.684786915779113770e-01,2.646540999412536621e-01,-1.306744571775197983e-02,2.704362571239471436e-01,2.979960739612579346e-01,-1.031828857958316803e-02,3.186052739620208740e-01,2.797171473503112793e-01,2.071755472570657730e-03,2.997887730598449707e-01,2.397060841321945190e-01,-2.077712491154670715e-02,2.840782999992370605e-01,2.795421183109283447e-01,-1.755210757255554199e-02,2.881046533584594727e-01,3.102048933506011963e-01,-7.572452072054147720e-03,3.399876058101654053e-01,2.934046387672424316e-01,-8.765788748860359192e-03,3.157808482646942139e-01,2.548025548458099365e-01,-2.312962897121906281e-02,3.005411624908447266e-01,2.837483286857604980e-01,-1.815755106508731842e-02,3.046785295009613037e-01,3.115744888782501221e-01,-1.003581564873456955e-02
2.888986170291900635e-01,4.216819405555725098e-01,-2.314518923185460153e-07,2.570828199386596680e-01,3.830722570419311523e-01,4.881282802671194077e-03,2.465060651302337646e-01,3.253998160362243652e-01,9.405894204974174500e-03,2.519874572753906250e-01,2.798006236553192139e-01,8.391936309635639191e-03,2.624118924140930176e-01,2.472054809331893921e-01,6.426274776458740234e-03,2.757162749767303467e-01,2.867344617843627930e-01,2.355530858039855957e-02,2.819456458091735840e-01,2.339084446430206299e-01,1.690755970776081085e-02,2.812369763851165771e-01,1.966026127338409424e-01,1.101509481668472290e-02,2.820758521556854248e-01,1.661777496337890625e-01,6.113946903496980667e-03,2.944917976856231689e-01,2.897086739540100098e-01,1.391006354242563248e-02,2.803216576576232910e-01,2.438989430665969849e-01,-4.836903885006904602e-03,2.644389271736145020e-01,2.754568457603454590e-01,-1.278307661414146423e-02,2.631071805953979492e-01,3.085279464721679688e-01,-1.159360818564891815e-02,3.143103718757629395e-01,2.964312136173248291e-01,2.712462563067674637e-03,2.944166064262390137e-01,2.543381452560424805e-01,-1.870397105813026428e-02,2.794720828533172607e-01,2.936051785945892334e-01,-1.694151759147644043e-02,2.821708321571350098e-01,3.279738724231719971e-01,-7.985109463334083557e-03,3.359999060630798340e-01,3.083459138870239258e-01,-8.085688576102256775e-03,3.110801577568054199e-01,2.688377499580383301e-01,-2.138959243893623352e-02,2.952274084091186523e-01,2.978170812129974365e-01,-1.643957942724227905e-02,2.977104485034942627e-01,3.292180597782135010e-01,-8.134135045111179352e-03
2.866775095462799072e-01,4.383766055107116699e-01,-2.105733329926806618e-07,2.549642324447631836e-01,3.976986408233642578e-01,6.712712347507476807e-03,2.445291131734848022e-01,3.409748971462249756e-01,1.154828909784555435e-02,2.498930692672729492e-01,2.945000231266021729e-01,1.018731296062469482e-02,2.604171633720397949e-01,2.608249187469482422e-01,7.667309138923883438e-03,2.710973918437957764e-01,3.036648929119110107e-01,2.612878568470478058e-02,2.767678499221801758e-01,2.499702721834182739e-01,1.989759691059589386e-02,2.768536210060119629e-01,2.138876020908355713e-01,1.409801561385393143e-02,2.793133556842803955e-01,1.838949471712112427e-01,9.232516400516033173e-03,2.890262007713317871e-01,3.057587444782257080e-01,1.565197855234146118e-02,2.748219072818756104e-01,2.623973786830902100e-01,-3.395759966224431992e-03,2.620426118373870850e-01,2.937852144241333008e-01,-1.243452914059162140e-02,2.625689506530761719e-01,3.248544335365295410e-01,-1.188714429736137390e-02,3.089823424816131592e-01,3.112048506736755371e-01,3.790906397625803947e-03,2.894493937492370605e-01,2.709394395351409912e-01,-1.757248863577842712e-02,2.775870859622955322e-01,3.109773993492126465e-01,-1.606417633593082428e-02,2.814195454120635986e-01,3.435643017292022705e-01,-7.286354433745145798e-03,3.311637043952941895e-01,3.221420347690582275e-01,-7.563153281807899475e-03,3.069753050804138184e-01,2.844902276992797852e-01,-2.043823897838592529e-02,2.928800880908966064e-01,3.148863613605499268e-01,-1.528913900256156921e-02,2.960616946220397949e-01,3.451524376869201660e-01,-6.895478349179029465e-03
2.820969223976135254e-01,4.501990079879760742e-01,-2.041230118265957572e-07,2.513610124588012695e-01,4.147695899009704590e-01,2.690192777663469315e-03,2.397350668907165527e-01,3.584849238395690918e-01,5.494288168847560883e-03,2.439943253993988037e-01,3.134387135505676270e-01,2.864628564566373825e-03,2.547920048236846924e-01,2.811096906661987305e-01,-6.023243186064064503e-04,2.689185142517089844e-01,3.153552711009979248e-01,2.171458862721920013e-02,2.750008702278137207e-01,2.611852288246154785e-01,1.452121883630752563e-02,2.733634412288665771e-01,2.243530452251434326e-01,9.286154992878437042e-03,2.743313908576965332e-01,1.945611238479614258e-01,5.097970366477966309e-03,2.880748808383941650e-01,3.170841932296752930e-01,1.235715113580226898e-02,2.717876434326171875e-01,2.755796313285827637e-01,-8.080524392426013947e-03,2.570055723190307617e-01,3.107864260673522949e-01,-1.560330390930175781e-02,2.582662403583526611e-01,3.435133397579193115e-01,-1.331317704170942307e-02,3.076570034027099609e-01,3.239528834819793701e-01,1.170315197668969631e-03,2.866561114788055420e-01,2.878639996051788330e-01,-2.119597606360912323e-02,2.728083431720733643e-01,3.283753097057342529e-01,-1.844211295247077942e-02,2.769352793693542480e-01,3.591296076774597168e-01,-8.383849635720252991e-03,3.290579319000244141e-01,3.363310694694519043e-01,-9.881464764475822449e-03,3.051469326019287109e-01,3.011738955974578857e-01,-2.239583060145378113e-02,2.904833555221557617e-01,3.296189010143280029e-01,-1.632758602499961853e-02,2.940775156021118164e-01,3.569142222404479980e-01,-7.235256955027580261e-03
2.811370193958282471e-01,4.726828336715698242e-01,-2.065735316136851907e-07,2.462613582611083984e-01,4.360426664352416992e-01,1.967721851542592049e-03,2.340676188468933105e-01,3.738828003406524658e-01,5.072827450931072235e-03,2.415895611047744751e-01,3.240203559398651123e-01,3.279944183304905891e-03,2.537651658058166504e-01,2.902963757514953613e-01,8.482557605020701885e-04,2.615153789520263672e-01,3.335126638412475586e-01,1.974463649094104767e-02,2.681540846824645996e-01,2.780078053474426270e-01,1.202321890741586685e-02,2.687681317329406738e-01,2.404029071331024170e-01,6.184958852827548981e-03,2.713377177715301514e-01,2.087399065494537354e-01,1.357811037451028824e-03,2.820529937744140625e-01,3.357504606246948242e-01,1.106270309537649155e-02,2.685940861701965332e-01,2.930177748203277588e-01,-9.404608979821205139e-03,2.570954859256744385e-01,3.292872905731201172e-01,-1.672091707587242126e-02,2.588892281055450439e-01,3.631868362426757812e-01,-1.466247532516717911e-02,3.024611771106719971e-01,3.424567580223083496e-01,5.685614887624979019e-04,2.843095362186431885e-01,3.040933907032012939e-01,-2.084422670304775238e-02,2.713483572006225586e-01,3.436042964458465576e-01,-1.768338121473789215e-02,2.742514610290527344e-01,3.760531246662139893e-01,-7.953523658215999603e-03,3.245572149753570557e-01,3.545928299427032471e-01,-9.972964413464069366e-03,3.017038404941558838e-01,3.170295953750610352e-01,-2.184616960585117340e-02,2.876103818416595459e-01,3.452669084072113037e-01,-1.595416478812694550e-02,2.902896106243133545e-01,3.739055097103118896e-01,-7.418160326778888702e-03
2.749589383602142334e-01,4.920587539672851562e-01,-2.054304388821037719e-07,2.396371513605117798e-01,4.557495713233947754e-01,2.060366095975041389e-03,2.260363101959228516e-01,3.944904506206512451e-01,5.576327443122863770e-03,2.334912717342376709e-01,3.446810841560363770e-01,3.663643961772322655e-03,2.457752674818038940e-01,3.096868395805358887e-01,8.730813278816640377e-04,2.577102482318878174e-01,3.516432344913482666e-01,2.175300940871238708e-02,2.642233371734619141e-01,2.963024973869323730e-01,1.421500742435455322e-02,2.628736495971679688e-01,2.568205893039703369e-01,8.081299252808094025e-03,2.644064128398895264e-01,2.225543409585952759e-01,2.748226979747414589e-03,2.780975699424743652e-01,3.521818816661834717e-01,1.246912311762571335e-02,2.625323534011840820e-01,3.071509301662445068e-01,-8.382455445826053619e-03,2.501361072063446045e-01,3.456608355045318604e-01,-1.600258238613605499e-02,2.539803981781005859e-01,3.813611567020416260e-01,-1.391289383172988892e-02,2.990757226943969727e-01,3.581430613994598389e-01,1.213728450238704681e-03,2.788366675376892090e-01,3.164204061031341553e-01,-2.164742164313793182e-02,2.653221786022186279e-01,3.585128486156463623e-01,-1.884258352220058441e-02,2.711052298545837402e-01,3.936309516429901123e-01,-8.749029599130153656e-03,3.226683139801025391e-01,3.693780899047851562e-01,-1.010833494365215302e-02,2.979791462421417236e-01,3.285374343395233154e-01,-2.404110692441463470e-02,2.816181778907775879e-01,3.583243191242218018e-01,-1.868252269923686981e-02,2.848225235939025879e-01,3.911076486110687256e-01,-1.000393647700548172e-02
2.691206634044647217e-01,5.076231360435485840e-01,-2.147149160691697034e-07,2.350104898214340210e-01,4.744674563407897949e-01,7.850365363992750645e-04,2.189854681491851807e-01,4.132573604583740234e-01,4.082722123712301254e-03,2.259583622217178345e-01,3.598873913288116455e-01,2.177335787564516068e-03,2.413445115089416504e-01,3.232946097850799561e-01,-2.734461450017988682e-04,2.529402077198028564e-01,3.687882721424102783e-01,2.193423919379711151e-02,2.600978910923004150e-01,3.116265833377838135e-01,1.363797020167112350e-02,2.584689855575561523e-01,2.704842686653137207e-01,7.541143801063299179e-03,2.597034573554992676e-01,2.369027584791183472e-01,2.247183350846171379e-03,2.728554606437683105e-01,3.688029944896697998e-01,1.304462645202875137e-02,2.551272809505462646e-01,3.218634724617004395e-01,-9.199049323797225952e-03,2.409518212080001831e-01,3.570985198020935059e-01,-1.722853630781173706e-02,2.443066686391830444e-01,3.914898633956909180e-01,-1.515670772641897202e-02,2.934478521347045898e-01,3.736556172370910645e-01,1.832196139730513096e-03,2.722024619579315186e-01,3.305460512638092041e-01,-2.298702299594879150e-02,2.587454915046691895e-01,3.725154995918273926e-01,-2.080671861767768860e-02,2.659813761711120605e-01,4.056222736835479736e-01,-1.078988704830408096e-02,3.172523975372314453e-01,3.840754032135009766e-01,-9.518195874989032745e-03,2.906589806079864502e-01,3.440489470958709717e-01,-2.570547163486480713e-02,2.753465473651885986e-01,3.752341866493225098e-01,-2.161285094916820526e-02,2.809289395809173584e-01,4.067672193050384521e-01,-1.346645876765251160e-02
2.680130600929260254e-01,5.210797786712646484e-01,-1.899961290519058821e-07,2.304471433162689209e-01,4.894380271434783936e-01,6.711960304528474808e-04,2.134901136159896851e-01,4.247074127197265625e-01,4.241901449859142303e-03,2.220184504985809326e-01,3.683309555053710938e-01,2.868754789233207703e-03,2.385216057300567627e-01,3.309918642044067383e-01,7.661036797799170017e-04,2.469929158687591553e-01,3.820656836032867432e-01,2.226095832884311676e-02,2.544271945953369141e-01,3.245599269866943359e-01,1.572642661631107330e-02,2.544991075992584229e-01,2.826761901378631592e-01,1.115186046808958054e-02,2.561919689178466797e-01,2.493738830089569092e-01,6.955230142921209335e-03,2.696805298328399658e-01,3.832533955574035645e-01,1.375484932214021683e-02,2.554540634155273438e-01,3.342523574829101562e-01,-7.378892973065376282e-03,2.426236569881439209e-01,3.664225041866302490e-01,-1.505214627832174301e-02,2.427511215209960938e-01,4.029347300529479980e-01,-1.259966008365154266e-02,2.918324470520019531e-01,3.893162310123443604e-01,3.128933021798729897e-03,2.713006734848022461e-01,3.470006585121154785e-01,-2.120669931173324585e-02,2.585968375205993652e-01,3.877089917659759521e-01,-1.967915333807468414e-02,2.621209621429443359e-01,4.227619171142578125e-01,-9.990466758608818054e-03,3.163849711418151855e-01,4.004697203636169434e-01,-7.425957359373569489e-03,2.891409993171691895e-01,3.610284924507141113e-01,-2.316464670002460480e-02,2.753124833106994629e-01,3.921519517898559570e-01,-1.928965933620929718e-02,2.794132232666015625e-01,4.240815341472625732e-01,-1.145861949771642685e-02
2.610966861248016357e-01,5.369217991828918457e-01,-2.083420156395732192e-07,2.264437973499298096e-01,5.065771341323852539e-01,5.650383536703884602e-04,2.070207744836807251e-01,4.434739649295806885e-01,3.852446563541889191e-03,2.124647945165634155e-01,3.866390287876129150e-01,1.885738805867731571e-03,2.308519929647445679e-01,3.493682146072387695e-01,-7.609337335452437401e-04,2.456209212541580200e-01,3.955031037330627441e-01,2.267395704984664917e-02,2.523078620433807373e-01,3.389869034290313721e-01,1.478201895952224731e-02,2.505001127719879150e-01,2.973931431770324707e-01,9.115809574723243713e-03,2.514388859272003174e-01,2.635014355182647705e-01,3.748606890439987183e-03,2.673048377037048340e-01,3.946822285652160645e-01,1.327555160969495773e-02,2.487270981073379517e-01,3.441392779350280762e-01,-8.157188072800636292e-03,2.357041537761688232e-01,3.806335926055908203e-01,-1.480353903025388718e-02,2.405522465705871582e-01,4.162868261337280273e-01,-1.180676184594631195e-02,2.888724207878112793e-01,4.005894958972930908e-01,1.310542109422385693e-03,2.663350403308868408e-01,3.555142581462860107e-01,-2.366747707128524780e-02,2.530592679977416992e-01,3.979607224464416504e-01,-2.035990357398986816e-02,2.606134712696075439e-01,4.303722083568572998e-01,-9.607027284801006317e-03,3.132492601871490479e-01,4.134213328361511230e-01,-1.085136085748672485e-02,2.861885726451873779e-01,3.714559078216552734e-01,-2.808540500700473785e-02,2.711775898933410645e-01,4.029376506805419922e-01,-2.392755076289176941e-02,2.768496572971343994e-01,4.344493746757507324e-01,-1.578804850578308105e-02
2.610057294368743896e-01,5.531405210494995117e-01,-1.981853898769259104e-07,2.230905145406723022e-01,5.151383876800537109e-01,-6.765515427105128765e-04,2.055289745330810547e-01,4.486666619777679443e-01,1.338387723080813885e-03,2.140582948923110962e-01,3.902996480464935303e-01,-1.500360085628926754e-03,2.347913682460784912e-01,3.518897593021392822e-01,-4.824589006602764130e-03,2.417472153902053833e-01,4.093472063541412354e-01,2.175872959196567535e-02,2.489195615053176880e-01,3.534481525421142578e-01,1.261237356811761856e-02,2.485344558954238892e-01,3.111559748649597168e-01,5.802945233881473541e-03,2.495039701461791992e-01,2.767755985260009766e-01,-1.360641908831894398e-04,2.645535767078399658e-01,4.109834134578704834e-01,1.331617683172225952e-02,2.490363419055938721e-01,3.630319237709045410e-01,-9.791619144380092621e-03,2.377937734127044678e-01,4.001592099666595459e-01,-1.743296161293983459e-02,2.404445111751556396e-01,4.366122782230377197e-01,-1.499491930007934570e-02,2.864592969417572021e-01,4.174796342849731445e-01,2.278271829709410667e-03,2.646902501583099365e-01,3.737047910690307617e-01,-2.283208817243576050e-02,2.531829178333282471e-01,4.168294966220855713e-01,-1.956539228558540344e-02,2.585280537605285645e-01,4.515802860260009766e-01,-8.954021148383617401e-03,3.112865686416625977e-01,4.301550388336181641e-01,-9.094550274312496185e-03,2.828687131404876709e-01,3.910729587078094482e-01,-2.522172778844833374e-02,2.704754471778869629e-01,4.223479926586151123e-01,-2.083543501794338226e-02,2.758998274803161621e-01,4.524894654750823975e-01,-1.279664039611816406e-02
2.532130479812622070e-01,5.678466558456420898e-01,-2.115851032158388989e-07,2.193682640790939331e-01,5.303804874420166016e-01,3.515693242661654949e-05,2.019708007574081421e-01,4.604639112949371338e-01,2.083205152302980423e-03,2.094772756099700928e-01,4.011241197586059570e-01,-8.530606282874941826e-04,2.313792705535888672e-01,3.633446693420410156e-01,-4.647594876587390900e-03,2.394743561744689941e-01,4.216417074203491211e-01,2.034536935389041901e-02,2.464763522148132324e-01,3.642155528068542480e-01,1.178660336881875992e-02,2.456455230712890625e-01,3.237129747867584229e-01,6.335078738629817963e-03,2.477717846632003784e-01,2.899485230445861816e-01,1.306557562202215195e-03,2.634547352790832520e-01,4.237219989299774170e-01,1.147032529115676880e-02,2.454776763916015625e-01,3.774108290672302246e-01,-1.105040218681097031e-02,2.322595864534378052e-01,4.159496426582336426e-01,-1.772726885974407196e-02,2.353808432817459106e-01,4.512468874454498291e-01,-1.470644958317279816e-02,2.855578660964965820e-01,4.316911697387695312e-01,1.935961772687733173e-04,2.620531022548675537e-01,3.896695077419281006e-01,-2.500050701200962067e-02,2.484474629163742065e-01,4.323431253433227539e-01,-2.164621464908123016e-02,2.539137601852416992e-01,4.656564295291900635e-01,-1.099504251033067703e-02,3.094272017478942871e-01,4.456662833690643311e-01,-1.119686476886272430e-02,2.797862887382507324e-01,4.061224460601806641e-01,-2.773328870534896851e-02,2.651827931404113770e-01,4.382078051567077637e-01,-2.336340956389904022e-02,2.702302634716033936e-01,4.695431590080261230e-01,-1.530053745955228806e-02
2.515224516391754150e-01,5.889431238174438477e-01,-2.015653421949537005e-07,2.168165296316146851e-01,5.496090054512023926e-01,-1.026563579216599464e-03,2.044292390346527100e-01,4.797841012477874756e-01,1.025882593239657581e-04,2.124906778335571289e-01,4.235663414001464844e-01,-3.727813251316547394e-03,2.292417287826538086e-01,3.839330673217773438e-01,-8.141858503222465515e-03,2.371459156274795532e-01,4.396250545978546143e-01,1.875116117298603058e-02,2.457790523767471313e-01,3.802673816680908203e-01,9.408411569893360138e-03,2.463136166334152222e-01,3.382560610771179199e-01,3.862610319629311562e-03,2.489302307367324829e-01,3.035559654235839844e-01,-7.839452591724693775e-04,2.608606815338134766e-01,4.427394270896911621e-01,1.031499542295932770e-02,2.443323582410812378e-01,3.991643190383911133e-01,-1.241099182516336441e-02,2.309439182281494141e-01,4.354381859302520752e-01,-1.919235289096832275e-02,2.332854568958282471e-01,4.669515490531921387e-01,-1.640343479812145233e-02,2.824710905551910400e-01,4.507878720760345459e-01,-5.801374209113419056e-04,2.600507736206054688e-01,4.113513529300689697e-01,-2.422985993325710297e-02,2.468678802251815796e-01,4.533950686454772949e-01,-2.008151635527610779e-02,2.520611584186553955e-01,4.835419058799743652e-01,-9.553503245115280151e-03,3.056266903877258301e-01,4.645161628723144531e-01,-1.189538463950157166e-02,2.780815958976745605e-01,4.264464676380157471e-01,-2.535451762378215790e-02,2.642997801303863525e-01,4.560723602771759033e-01,-1.958831772208213806e-02,2.691393196582794189e-01,4.829636216163635254e-01,-1.114455610513687134e-02
2.485187202692031860e-01,6.126533150672912598e-01,-2.142821529105276568e-07,2.127076536417007446e-01,5.724334716796875000e-01,-2.240401459857821465e-03,1.972868740558624268e-01,5.010647177696228027e-01,-2.042313804849982262e-03,2.069340944290161133e-01,4.402573108673095703e-01,-6.937372032552957535e-03,2.276606559753417969e-01,3.980253338813781738e-01,-1.252541039139032364e-02,2.346577942371368408e-01,4.610793590545654297e-01,1.948536001145839691e-02,2.438176274299621582e-01,4.008519649505615234e-01,9.691983461380004883e-03,2.440028786659240723e-01,3.589900732040405273e-01,4.916842095553874969e-03,2.477634102106094360e-01,3.242406249046325684e-01,8.934146026149392128e-04,2.590438425540924072e-01,4.640072286128997803e-01,1.120659615844488144e-02,2.393495142459869385e-01,4.209613502025604248e-01,-1.260844245553016663e-02,2.259110808372497559e-01,4.591029882431030273e-01,-1.857523433864116669e-02,2.312200218439102173e-01,4.884827733039855957e-01,-1.476626005023717880e-02,2.807162404060363770e-01,4.718330502510070801e-01,-2.670873254828620702e-05,2.568363249301910400e-01,4.313558936119079590e-01,-2.669489383697509766e-02,2.428055256605148315e-01,4.764189422130584717e-01,-2.259512245655059814e-02,2.498698085546493530e-01,5.058423876762390137e-01,-1.113037113100290298e-02,3.041474819183349609e-01,4.851768016815185547e-01,-1.163486950099468231e-02,2.741170525550842285e-01,4.446265995502471924e-01,-2.815454266965389252e-02,2.593986690044403076e-01,4.766320288181304932e-01,-2.316792309284210205e-02,2.649382948875427246e-01,5.040438771247863770e-01,-1.454117987304925919e-02
2.418891936540603638e-01,6.371142268180847168e-01,-6.858807211074235965e-08,2.070701122283935547e-01,5.900579094886779785e-01,9.394835215061903000e-04,1.963572949171066284e-01,5.189519524574279785e-01,2.056192141026258469e-03,2.090056687593460083e-01,4.614273011684417725e-01,-3.133528400212526321e-03,2.319166064262390137e-01,4.203423857688903809e-01,-9.185553528368473053e-03,2.321949750185012817e-01,4.821695685386657715e-01,2.729000896215438843e-02,2.413564026355743408e-01,4.214524030685424805e-01,1.888044364750385284e-02,2.427910864353179932e-01,3.773840069770812988e-01,1.363492105156183243e-02,2.473965287208557129e-01,3.400267958641052246e-01,9.705049917101860046e-03,2.551154196262359619e-01,4.837884902954101562e-01,1.778238080441951752e-02,2.424425482749938965e-01,4.352838099002838135e-01,-1.257286174222826958e-03,2.253820151090621948e-01,4.448300600051879883e-01,-8.650999516248703003e-03,2.223266810178756714e-01,4.482439756393432617e-01,-7.120559923350811005e-03,2.774645984172821045e-01,4.917594790458679199e-01,5.212157033383846283e-03,2.557442486286163330e-01,4.486724436283111572e-01,-1.900816150009632111e-02,2.417708337306976318e-01,4.938117265701293945e-01,-1.741657406091690063e-02,2.467353343963623047e-01,5.256093740463256836e-01,-7.565537933260202408e-03,3.011648058891296387e-01,5.040127038955688477e-01,-7.546600420027971268e-03,2.736163735389709473e-01,4.637722671031951904e-01,-2.109998464584350586e-02,2.587659657001495361e-01,4.953742325305938721e-01,-1.592766307294368744e-02,2.627289891242980957e-01,5.235257744789123535e-01,-7.428113836795091629e-03
2.375167161226272583e-01,6.597601771354675293e-01,-1.723130935715744272e-07,2.017623782157897949e-01,6.117126345634460449e-01,-4.260198329575359821e-05,1.921026259660720825e-01,5.432204604148864746e-01,1.277108327485620975e-03,2.045393288135528564e-01,4.880204200744628906e-01,-3.095903899520635605e-03,2.250155061483383179e-01,4.503382444381713867e-01,-7.849602028727531433e-03,2.279385626316070557e-01,5.029318332672119141e-01,2.303390391170978546e-02,2.379244267940521240e-01,4.419553577899932861e-01,1.426669955253601074e-02,2.405992448329925537e-01,3.995408415794372559e-01,8.045293390750885010e-03,2.453188747167587280e-01,3.649662435054779053e-01,3.114099847152829170e-03,2.511299550533294678e-01,5.069332122802734375e-01,1.425853744149208069e-02,2.363933473825454712e-01,4.634361267089843750e-01,-7.877617143094539642e-03,2.215765714645385742e-01,4.918497502803802490e-01,-1.670989952981472015e-02,2.208416163921356201e-01,5.190451145172119141e-01,-1.527980528771877289e-02,2.733472585678100586e-01,5.148334503173828125e-01,2.999208867549896240e-03,2.535460591316223145e-01,4.736789166927337646e-01,-2.003815025091171265e-02,2.394652366638183594e-01,5.130361318588256836e-01,-1.765054836869239807e-02,2.425819188356399536e-01,5.454514622688293457e-01,-7.977983914315700531e-03,2.972530126571655273e-01,5.274550318717956543e-01,-8.703903295099735260e-03,2.718071937561035156e-01,4.879663884639739990e-01,-2.131431549787521362e-02,2.569058537483215332e-01,5.149140357971191406e-01,-1.578933931887149811e-02,2.593622207641601562e-01,5.432218313217163086e-01,-7.050449959933757782e-03
2.334140837192535400e-01,6.805955171585083008e-01,-2.019468752223474439e-07,1.983214318752288818e-01,6.336362361907958984e-01,-3.225553155061788857e-05,1.876840293407440186e-01,5.652062296867370605e-01,7.603979320265352726e-04,1.985062956809997559e-01,5.089117884635925293e-01,-4.172820597887039185e-03,2.198793888092041016e-01,4.717435836791992188e-01,-9.634205140173435211e-03,2.251117676496505737e-01,5.224903225898742676e-01,2.351367101073265076e-02,2.356994897127151489e-01,4.604561924934387207e-01,1.399910356849431992e-02,2.363932728767395020e-01,4.166979789733886719e-01,7.829419337213039398e-03,2.396916002035140991e-01,3.812085688114166260e-01,3.005054779350757599e-03,2.480578124523162842e-01,5.268274545669555664e-01,1.454733312129974365e-02,2.332993298768997192e-01,4.832835197448730469e-01,-9.906457737088203430e-03,2.182015478610992432e-01,5.204348564147949219e-01,-1.832198537886142731e-02,2.204447388648986816e-01,5.538497567176818848e-01,-1.568142324686050415e-02,2.694347500801086426e-01,5.348777770996093750e-01,2.941823098808526993e-03,2.493826746940612793e-01,4.948526620864868164e-01,-2.185435406863689423e-02,2.335003018379211426e-01,5.355283021926879883e-01,-1.914838328957557678e-02,2.377703338861465454e-01,5.660555958747863770e-01,-8.784488774836063385e-03,2.926295697689056396e-01,5.480207800865173340e-01,-9.036730043590068817e-03,2.662761807441711426e-01,5.086383223533630371e-01,-2.244162932038307190e-02,2.507817745208740234e-01,5.375537872314453125e-01,-1.692938245832920074e-02,2.548393309116363525e-01,5.650641322135925293e-01,-8.078209124505519867e-03
2.268447428941726685e-01,7.031994462013244629e-01,-1.930368682678818004e-07,1.920016407966613770e-01,6.536898612976074219e-01,-1.592495129443705082e-03,1.837279200553894043e-01,5.862367749214172363e-01,-1.197356265038251877e-03,1.961885839700698853e-01,5.289707779884338379e-01,-6.187675520777702332e-03,2.181974053382873535e-01,4.909703433513641357e-01,-1.142950914800167084e-02,2.217468768358230591e-01,5.462448000907897949e-01,2.284004911780357361e-02,2.326169759035110474e-01,4.822974205017089844e-01,1.437999773770570755e-02,2.338976711034774780e-01,4.393086433410644531e-01,8.765337988734245300e-03,2.376085519790649414e-01,4.035119414329528809e-01,4.222935531288385391e-03,2.443165034055709839e-01,5.518729090690612793e-01,1.502702198922634125e-02,2.326971888542175293e-01,5.079139471054077148e-01,-8.497920818626880646e-03,2.179729044437408447e-01,5.411702394485473633e-01,-1.761068962514400482e-02,2.177764177322387695e-01,5.727195143699645996e-01,-1.584687829017639160e-02,2.655500769615173340e-01,5.601583719253540039e-01,4.623371642082929611e-03,2.474137395620346069e-01,5.186367034912109375e-01,-1.938295736908912659e-02,2.310206741094589233e-01,5.569824576377868652e-01,-1.797185651957988739e-02,2.334457188844680786e-01,5.885612368583679199e-01,-8.653612807393074036e-03,2.889931797981262207e-01,5.723111629486083984e-01,-6.273552309721708298e-03,2.628128528594970703e-01,5.315172672271728516e-01,-1.936069689691066742e-02,2.462695389986038208e-01,5.580719113349914551e-01,-1.487748697400093079e-02,2.484502792358398438e-01,5.866664648056030273e-01,-6.793959997594356537e-03
2.216503471136093140e-01,7.333494424819946289e-01,-2.146775983646875829e-07,1.857367008924484253e-01,6.873142123222351074e-01,-3.282543970271945000e-03,1.769584119319915771e-01,6.134184002876281738e-01,-3.018611343577504158e-03,1.909456551074981689e-01,5.533667206764221191e-01,-7.810612209141254425e-03,2.143987417221069336e-01,5.137589573860168457e-01,-1.277671661227941513e-02,2.160236388444900513e-01,5.729631185531616211e-01,2.150147035717964172e-02,2.276712805032730103e-01,5.069787502288818359e-01,1.224232651293277740e-02,2.300407737493515015e-01,4.621722400188446045e-01,7.033954374492168427e-03,2.345495074987411499e-01,4.254043698310852051e-01,2.926788991317152977e-03,2.399617135524749756e-01,5.786314010620117188e-01,1.438222173601388931e-02,2.274388968944549561e-01,5.339051485061645508e-01,-1.115725561976432800e-02,2.107992172241210938e-01,5.718401670455932617e-01,-1.979380846023559570e-02,2.105487883090972900e-01,6.057927012443542480e-01,-1.675888895988464355e-02,2.619515061378479004e-01,5.877878665924072266e-01,4.401472397148609161e-03,2.437387257814407349e-01,5.468325018882751465e-01,-2.197329327464103699e-02,2.252504676580429077e-01,5.887225270271301270e-01,-2.051645331084728241e-02,2.281414717435836792e-01,6.201023459434509277e-01,-1.027057692408561707e-02,2.858024835586547852e-01,6.005815863609313965e-01,-6.063821259886026382e-03,2.597493529319763184e-01,5.594457983970642090e-01,-2.078579366207122803e-02,2.420709729194641113e-01,5.880681872367858887e-01,-1.677378825843334198e-02,2.452771663665771484e-01,6.162855029106140137e-01,-8.572892285883426666e-03
2.147231549024581909e-01,7.589629888534545898e-01,-1.944547705079457955e-07,1.804842948913574219e-01,7.120068073272705078e-01,-4.174024332314729691e-03,1.720244437456130981e-01,6.411541700363159180e-01,-5.244149826467037201e-03,1.850510537624359131e-01,5.839619040489196777e-01,-1.124493777751922607e-02,2.079072594642639160e-01,5.460626482963562012e-01,-1.717940531671047211e-02,2.121052592992782593e-01,5.956187844276428223e-01,1.953791454434394836e-02,2.226647734642028809e-01,5.294784307479858398e-01,8.915450423955917358e-03,2.247513234615325928e-01,4.844832718372344971e-01,2.137825824320316315e-03,2.296749353408813477e-01,4.471549093723297119e-01,-3.078215988352894783e-03,2.346566319465637207e-01,6.018047332763671875e-01,1.207830943167209625e-02,2.243431061506271362e-01,5.543027520179748535e-01,-1.424643956124782562e-02,2.073380351066589355e-01,5.894660353660583496e-01,-2.348258160054683685e-02,2.054640948772430420e-01,6.238833069801330566e-01,-2.086466737091541290e-02,2.559219002723693848e-01,6.121064424514770508e-01,1.783762825652956963e-03,2.375527471303939819e-01,5.686063170433044434e-01,-2.483424916863441467e-02,2.193153351545333862e-01,6.095941662788391113e-01,-2.274851314723491669e-02,2.212059199810028076e-01,6.431390643119812012e-01,-1.205112226307392120e-02,2.790025770664215088e-01,6.274407505989074707e-01,-9.221909567713737488e-03,2.527189254760742188e-01,5.857565402984619141e-01,-2.434228546917438507e-02,2.347562909126281738e-01,6.139732599258422852e-01,-1.970740966498851776e-02,2.363601475954055786e-01,6.436184048652648926e-01,-1.091762538999319077e-02
2.077776044607162476e-01,7.829328775405883789e-01,-2.219089196842105594e-07,1.735632568597793579e-01,7.383850812911987305e-01,-4.006042610853910446e-03,1.655931621789932251e-01,6.655964851379394531e-01,-4.491310101002454758e-03,1.808750629425048828e-01,6.070601344108581543e-01,-9.673865512013435364e-03,2.034430354833602905e-01,5.679612159729003906e-01,-1.487606205046176910e-02,2.063258886337280273e-01,6.165518760681152344e-01,1.806169003248214722e-02,2.173588573932647705e-01,5.495231151580810547e-01,6.879457272589206696e-03,2.194449603557586670e-01,5.032807588577270508e-01,-1.279263524338603020e-04,2.240214943885803223e-01,4.662166833877563477e-01,-5.511230323463678360e-03,2.292807549238204956e-01,6.233612895011901855e-01,1.051868870854377747e-02,2.152589261531829834e-01,5.749598145484924316e-01,-1.608405448496341705e-02,1.971400380134582520e-01,6.105311512947082520e-01,-2.444892749190330505e-02,1.958990842103958130e-01,6.468091607093811035e-01,-2.129714377224445343e-02,2.506960928440093994e-01,6.350696682929992676e-01,1.518772915005683899e-04,2.297689318656921387e-01,5.915778279304504395e-01,-2.677450515329837799e-02,2.109658718109130859e-01,6.331972479820251465e-01,-2.353608049452304840e-02,2.135507464408874512e-01,6.672247052192687988e-01,-1.215811353176832199e-02,2.742739319801330566e-01,6.529701352119445801e-01,-1.095577888190746307e-02,2.469325512647628784e-01,6.119969487190246582e-01,-2.688085846602916718e-02,2.294162809848785400e-01,6.414858102798461914e-01,-2.194632403552532196e-02,2.327692359685897827e-01,6.717722415924072266e-01,-1.283386070281267166e-02
2.012276053428649902e-01,8.101245760917663574e-01,-2.611155309750756714e-07,1.677933186292648315e-01,7.653734683990478516e-01,-4.180775955319404602e-03,1.593045592308044434e-01,6.912845969200134277e-01,-4.747938830405473709e-03,1.751950979232788086e-01,6.312544941902160645e-01,-1.032984070479869843e-02,1.983381807804107666e-01,5.929619669914245605e-01,-1.616440527141094208e-02,2.005482017993927002e-01,6.403663754463195801e-01,1.805411279201507568e-02,2.117283046245574951e-01,5.735054612159729004e-01,4.987917374819517136e-03,2.133020311594009399e-01,5.271995067596435547e-01,-2.649036934599280357e-03,2.175594568252563477e-01,4.893416762351989746e-01,-8.243250660598278046e-03,2.233122587203979492e-01,6.469882130622863770e-01,9.774752892553806305e-03,2.071776688098907471e-01,5.961793065071105957e-01,-2.047357894480228424e-02,1.874037683010101318e-01,6.384906172752380371e-01,-2.919386141002178192e-02,1.864119172096252441e-01,6.774583458900451660e-01,-2.483632229268550873e-02,2.452866882085800171e-01,6.580852270126342773e-01,-1.534657436423003674e-03,2.227367013692855835e-01,6.169044375419616699e-01,-3.252474218606948853e-02,2.040717303752899170e-01,6.657370924949645996e-01,-2.869021333754062653e-02,2.078436613082885742e-01,7.011848688125610352e-01,-1.520809158682823181e-02,2.694706618785858154e-01,6.756272912025451660e-01,-1.350870635360479355e-02,2.400485277175903320e-01,6.353915929794311523e-01,-3.189116343855857849e-02,2.236218303442001343e-01,6.698647737503051758e-01,-2.646790817379951477e-02,2.287297844886779785e-01,7.000628709793090820e-01,-1.604847982525825500e-02
1.967165619134902954e-01,8.323541879653930664e-01,-2.543761752349382732e-07,1.624522954225540161e-01,7.907552123069763184e-01,-5.213598720729351044e-03,1.522120535373687744e-01,7.189478278160095215e-01,-6.924579385668039322e-03,1.633564382791519165e-01,6.623339653015136719e-01,-1.315538212656974792e-02,1.818322539329528809e-01,6.232931017875671387e-01,-1.927611604332923889e-02,1.959630548954010010e-01,6.601673364639282227e-01,1.268920581787824631e-02,2.062265127897262573e-01,5.911325216293334961e-01,-1.767933717928826809e-03,2.080505341291427612e-01,5.440190434455871582e-01,-1.049878820776939392e-02,2.127398848533630371e-01,5.053874850273132324e-01,-1.696380600333213806e-02,2.182023525238037109e-01,6.670367121696472168e-01,4.399184137582778931e-03,2.008686661720275879e-01,6.161941885948181152e-01,-2.613999322056770325e-02,1.792231649160385132e-01,6.575046777725219727e-01,-3.437915071845054626e-02,1.778272539377212524e-01,6.951084733009338379e-01,-3.035011328756809235e-02,2.397764772176742554e-01,6.788818836212158203e-01,-6.753481924533843994e-03,2.152924537658691406e-01,6.378120779991149902e-01,-3.661692515015602112e-02,1.960215121507644653e-01,6.858326792716979980e-01,-3.086895309388637543e-02,2.001435756683349609e-01,7.192857265472412109e-01,-1.710840873420238495e-02,2.632162272930145264e-01,6.985327005386352539e-01,-1.882480457425117493e-02,2.338491678237915039e-01,6.601830124855041504e-01,-3.581602126359939575e-02,2.171919196844100952e-01,6.932071447372436523e-01,-2.885230071842670441e-02,2.228475213050842285e-01,7.210106253623962402e-01,-1.795533858239650726e-02
1.919820904731750488e-01,8.564354181289672852e-01,-2.410105253147776239e-07,1.567158401012420654e-01,8.076881766319274902e-01,-4.097800701856613159e-03,1.471852511167526245e-01,7.329568862915039062e-01,-5.380731541663408279e-03,1.599293649196624756e-01,6.719965934753417969e-01,-1.205185335129499435e-02,1.825169920921325684e-01,6.308277249336242676e-01,-1.873815618455410004e-02,1.915591359138488770e-01,6.807616949081420898e-01,1.966173574328422546e-02,2.017737329006195068e-01,6.123186945915222168e-01,6.055398844182491302e-03,2.026910036802291870e-01,5.647258162498474121e-01,-1.893815468065440655e-03,2.074654549360275269e-01,5.248464345932006836e-01,-7.891691289842128754e-03,2.146016508340835571e-01,6.869086027145385742e-01,1.055943779647350311e-02,1.990529000759124756e-01,6.369016766548156738e-01,-1.970994472503662109e-02,1.787089109420776367e-01,6.789567470550537109e-01,-2.836413681507110596e-02,1.794608235359191895e-01,7.147837281227111816e-01,-2.409888990223407745e-02,2.361668497323989868e-01,6.995500922203063965e-01,-1.766187720932066441e-03,2.125712335109710693e-01,6.598606109619140625e-01,-3.211702033877372742e-02,1.936177611351013184e-01,7.088603377342224121e-01,-2.710824646055698395e-02,2.002786695957183838e-01,7.402223944664001465e-01,-1.335432939231395721e-02,2.591715753078460693e-01,7.205590605735778809e-01,-1.494856178760528564e-02,2.297647893428802490e-01,6.809699535369873047e-01,-3.152249753475189209e-02,2.124955356121063232e-01,7.151662707328796387e-01,-2.448966167867183685e-02,2.192849665880203247e-01,7.430135011672973633e-01,-1.346882432699203491e-02
1.919786036014556885e-01,8.727164268493652344e-01,-2.253549666875187540e-07,1.559293419122695923e-01,8.230478763580322266e-01,-5.169749725610017776e-03,1.461441963911056519e-01,7.457299828529357910e-01,-7.733946666121482849e-03,1.599575281143188477e-01,6.833272576332092285e-01,-1.521932613104581833e-02,1.844321787357330322e-01,6.409128904342651367e-01,-2.277947217226028442e-02,1.903687119483947754e-01,6.932930350303649902e-01,1.771267876029014587e-02,1.995631605386734009e-01,6.242023110389709473e-01,3.636032342910766602e-03,2.001047581434249878e-01,5.763995647430419922e-01,-3.573829075321555138e-03,2.049370259046554565e-01,5.373082160949707031e-01,-9.103856049478054047e-03,2.153477072715759277e-01,6.984704136848449707e-01,8.730225265026092529e-03,1.973942220211029053e-01,6.473876833915710449e-01,-2.043181471526622772e-02,1.761072278022766113e-01,6.940695643424987793e-01,-2.599522657692432404e-02,1.805514693260192871e-01,7.289816141128540039e-01,-2.003025077283382416e-02,2.372837811708450317e-01,7.124047279357910156e-01,-3.842073492705821991e-03,2.122953236103057861e-01,6.679206490516662598e-01,-3.444632887840270996e-02,1.910437047481536865e-01,7.197982668876647949e-01,-2.723932638764381409e-02,1.995065808296203613e-01,7.503082156181335449e-01,-1.257706899195909500e-02,2.590109407901763916e-01,7.358899712562561035e-01,-1.731778495013713837e-02,2.273062318563461304e-01,6.972514390945434570e-01,-3.573025763034820557e-02,2.092161625623703003e-01,7.330539226531982422e-01,-2.892154641449451447e-02,2.184171974658966064e-01,7.595761418342590332e-01,-1.816294528543949127e-02
1.858008205890655518e-01,8.884821534156799316e-01,-2.127337239699045313e-07,1.532196700572967529e-01,8.326740264892578125e-01,-3.650637110695242882e-03,1.447720974683761597e-01,7.564789652824401855e-01,-6.324525922536849976e-03,1.592733561992645264e-01,6.950497627258300781e-01,-1.457468234002590179e-02,1.849583685398101807e-01,6.522769331932067871e-01,-2.313067391514778137e-02,1.910082846879959106e-01,7.066708803176879883e-01,2.186137996613979340e-02,1.981390267610549927e-01,6.396940946578979492e-01,8.419236168265342712e-03,1.986388415098190308e-01,5.915775895118713379e-01,1.050526392646133900e-03,2.036347836256027222e-01,5.527857542037963867e-01,-4.797557368874549866e-03,2.156290858983993530e-01,7.125670313835144043e-01,1.180111151188611984e-02,1.971671432256698608e-01,6.576656103134155273e-01,-1.632871665060520172e-02,1.774501204490661621e-01,7.043251991271972656e-01,-2.272042445838451385e-02,1.811991631984710693e-01,7.414063811302185059e-01,-1.752396486699581146e-02,2.374635338783264160e-01,7.279422283172607422e-01,-1.884235651232302189e-03,2.120436429977416992e-01,6.797341704368591309e-01,-3.220883756875991821e-02,1.909734010696411133e-01,7.312551140785217285e-01,-2.578576654195785522e-02,1.974070966243743896e-01,7.641299366950988770e-01,-1.164643373340368271e-02,2.584990561008453369e-01,7.534157633781433105e-01,-1.631924323737621307e-02,2.247735112905502319e-01,7.129840254783630371e-01,-3.464452922344207764e-02,2.066440284252166748e-01,7.482897043228149414e-01,-2.825568988919258118e-02,2.143153101205825806e-01,7.757948040962219238e-01,-1.792652718722820282e-02
1.882459968328475952e-01,9.082282781600952148e-01,-2.537949512770865113e-07,1.526751220226287842e-01,8.571215867996215820e-01,-5.967623554170131683e-03,1.433608233928680420e-01,7.768559455871582031e-01,-7.557502016425132751e-03,1.605266928672790527e-01,7.118547558784484863e-01,-1.388960424810647964e-02,1.860628426074981689e-01,6.672874093055725098e-01,-2.041020989418029785e-02,1.886085271835327148e-01,7.249162197113037109e-01,1.999751292169094086e-02,1.964433342218399048e-01,6.565085053443908691e-01,6.896532606333494186e-03,1.984135806560516357e-01,6.067932844161987305e-01,-9.855451062321662903e-04,2.037187814712524414e-01,5.661923885345458984e-01,-7.599079981446266174e-03,2.149780690670013428e-01,7.309515476226806641e-01,1.158639974892139435e-02,1.944243907928466797e-01,6.788431406021118164e-01,-1.759092509746551514e-02,1.745527982711791992e-01,7.245647311210632324e-01,-2.601742558181285858e-02,1.759581416845321655e-01,7.641993165016174316e-01,-2.250215411186218262e-02,2.374428808689117432e-01,7.455385923385620117e-01,-4.094249452464282513e-04,2.112938463687896729e-01,6.989912390708923340e-01,-3.211877867579460144e-02,1.903528571128845215e-01,7.501404881477355957e-01,-2.750790305435657501e-02,1.950784474611282349e-01,7.858512997627258301e-01,-1.459536328911781311e-02,2.591671943664550781e-01,7.694723010063171387e-01,-1.326867565512657166e-02,2.233140468597412109e-01,7.297102212905883789e-01,-3.407565876841545105e-02,2.042562812566757202e-01,7.654944658279418945e-01,-2.973517216742038727e-02,2.100188881158828735e-01,7.953511476516723633e-01,-2.057346887886524200e-02
1.834862828254699707e-01,9.201700687408447266e-01,-2.414313655663136160e-07,1.484172046184539795e-01,8.714745044708251953e-01,-8.099583908915519714e-03,1.387415528297424316e-01,7.913047075271606445e-01,-1.152307260781526566e-02,1.556795686483383179e-01,7.298091053962707520e-01,-1.894877478480339050e-02,1.811297982931137085e-01,6.888242959976196289e-01,-2.630283869802951813e-02,1.856145858764648438e-01,7.325996160507202148e-01,1.265035942196846008e-02,1.929301172494888306e-01,6.641008853912353516e-01,-2.802219241857528687e-03,1.933203488588333130e-01,6.161042451858520508e-01,-1.175318006426095963e-02,1.973922699689865112e-01,5.770397186279296875e-01,-1.879687421023845673e-02,2.129301726818084717e-01,7.403820753097534180e-01,4.324692767113447189e-03,1.898897588253021240e-01,6.948260068893432617e-01,-2.632583864033222198e-02,1.714042127132415771e-01,7.432615756988525391e-01,-3.376892581582069397e-02,1.764020025730133057e-01,7.783904671669006348e-01,-2.960106544196605682e-02,2.356844395399093628e-01,7.564865350723266602e-01,-7.638198789209127426e-03,2.047501951456069946e-01,7.202900648117065430e-01,-3.989895060658454895e-02,1.856514811515808105e-01,7.729827165603637695e-01,-3.352066501975059509e-02,1.936182677745819092e-01,8.023527860641479492e-01,-1.967003010213375092e-02,2.575910687446594238e-01,7.813123464584350586e-01,-2.076722122728824615e-02,2.192684262990951538e-01,7.473863363265991211e-01,-4.090750217437744141e-02,2.011910974979400635e-01,7.838146090507507324e-01,-3.457616269588470459e-02,2.084737420082092285e-01,8.084858059883117676e-01,-2.416045963764190674e-02
1.831727176904678345e-01,9.399654865264892578e-01,-2.504154394955548923e-07,1.475069522857666016e-01,8.933783769607543945e-01,-8.608757518231868744e-03,1.332282721996307373e-01,8.112463355064392090e-01,-1.393083855509757996e-02,1.464653313159942627e-01,7.449745535850524902e-01,-2.350847609341144562e-02,1.731242835521697998e-01,6.987661123275756836e-01,-3.288956731557846069e-02,1.839928478002548218e-01,7.526111006736755371e-01,1.291379705071449280e-02,1.917986124753952026e-01,6.814537644386291504e-01,-2.654237207025289536e-03,1.908272951841354370e-01,6.313173770904541016e-01,-1.055464241653680801e-02,1.940637826919555664e-01,5.900928974151611328e-01,-1.710904389619827271e-02,2.099358290433883667e-01,7.595390081405639648e-01,4.074301104992628098e-03,1.848333328962326050e-01,7.031112313270568848e-01,-2.780240587890148163e-02,1.645129770040512085e-01,7.534673213958740234e-01,-3.405839204788208008e-02,1.691356599330902100e-01,7.922097444534301758e-01,-2.839003503322601318e-02,2.324550300836563110e-01,7.746678590774536133e-01,-8.689026348292827606e-03,2.003999799489974976e-01,7.297126650810241699e-01,-4.216730967164039612e-02,1.809161454439163208e-01,7.859898805618286133e-01,-3.504084423184394836e-02,1.903613209724426270e-01,8.183976411819458008e-01,-2.023913152515888214e-02,2.554905116558074951e-01,7.981466054916381836e-01,-2.266876213252544403e-02,2.156341075897216797e-01,7.614155411720275879e-01,-4.395277053117752075e-02,1.965921968221664429e-01,8.000532388687133789e-01,-3.849817812442779541e-02,2.047269195318222046e-01,8.272643089294433594e-01,-2.864071354269981384e-02
1.825043410062789917e-01,9.541268944740295410e-01,-2.138946939567176742e-07,1.485232710838317871e-01,9.031661748886108398e-01,-4.639650695025920868e-03,1.334816515445709229e-01,8.192164897918701172e-01,-8.950738236308097839e-03,1.456020474433898926e-01,7.528344988822937012e-01,-1.887230202555656433e-02,1.735163182020187378e-01,7.084268331527709961e-01,-2.879665978252887726e-02,1.833381056785583496e-01,7.614223957061767578e-01,1.947466842830181122e-02,1.898145228624343872e-01,6.901330947875976562e-01,5.187348462641239166e-03,1.893943399190902710e-01,6.417213678359985352e-01,-1.492031035013496876e-03,1.937203705310821533e-01,6.018776893615722656e-01,-7.218859158456325531e-03,2.086749821901321411e-01,7.682884931564331055e-01,8.477635681629180908e-03,1.812946200370788574e-01,7.141398787498474121e-01,-2.219399064779281616e-02,1.630543768405914307e-01,7.666485905647277832e-01,-2.731037326157093048e-02,1.713418066501617432e-01,8.026611804962158203e-01,-2.066089399158954620e-02,2.305759489536285400e-01,7.833758592605590820e-01,-6.552460603415966034e-03,1.959643214941024780e-01,7.400128245353698730e-01,-3.888223320245742798e-02,1.786346286535263062e-01,7.977274656295776367e-01,-3.111343644559383392e-02,1.911577284336090088e-01,8.258841037750244141e-01,-1.615988649427890778e-02,2.517814636230468750e-01,8.071954846382141113e-01,-2.262531593441963196e-02,2.102006226778030396e-01,7.739179730415344238e-01,-4.293799400329589844e-02,1.944523006677627563e-01,8.145256042480468750e-01,-3.723182529211044312e-02,2.068601697683334351e-01,8.375890851020812988e-01,-2.746042050421237946e-02
1.806400418281555176e-01,9.640159010887145996e-01,-1.799136413183077821e-07,1.475003659725189209e-01,9.076286554336547852e-01,-5.133124534040689468e-03,1.338582187891006470e-01,8.254249691963195801e-01,-1.092303916811943054e-02,1.442738920450210571e-01,7.615119218826293945e-01,-2.227395586669445038e-02,1.694414615631103516e-01,7.143673896789550781e-01,-3.338578715920448303e-02,1.810841560363769531e-01,7.661996483802795410e-01,1.701603457331657410e-02,1.874988675117492676e-01,6.951221227645874023e-01,8.560417918488383293e-04,1.877007633447647095e-01,6.474406123161315918e-01,-6.929603870958089828e-03,1.935809254646301270e-01,6.084522604942321777e-01,-1.289657223969697952e-02,2.059672176837921143e-01,7.743560075759887695e-01,5.746605806052684784e-03,1.810011863708496094e-01,7.190150022506713867e-01,-2.579758130013942719e-02,1.620776951313018799e-01,7.731626629829406738e-01,-3.072255104780197144e-02,1.707980334758758545e-01,8.089024424552917480e-01,-2.378893457353115082e-02,2.279440462589263916e-01,7.908858060836791992e-01,-9.592349641025066376e-03,1.945986598730087280e-01,7.491050362586975098e-01,-4.171800240874290466e-02,1.774390935897827148e-01,8.060378432273864746e-01,-3.268406167626380920e-02,1.902901083230972290e-01,8.328388333320617676e-01,-1.689629256725311279e-02,2.487174719572067261e-01,8.161944150924682617e-01,-2.610784955322742462e-02,2.096178531646728516e-01,7.842598557472229004e-01,-4.480463638901710510e-02,1.945663392543792725e-01,8.230945467948913574e-01,-3.723173588514328003e-02,2.069707661867141724e-01,8.442139625549316406e-01,-2.631599828600883484e-02
1.746064126491546631e-01,9.688345193862915039e-01,-2.002098824505083030e-07,1.439661532640457153e-01,9.092970490455627441e-01,-3.842776641249656677e-03,1.331420242786407471e-01,8.265770077705383301e-01,-7.637680042535066605e-03,1.442681699991226196e-01,7.646795511245727539e-01,-1.736761629581451416e-02,1.686289459466934204e-01,7.180479168891906738e-01,-2.694501355290412903e-02,1.797172725200653076e-01,7.683962583541870117e-01,2.039402350783348083e-02,1.867190748453140259e-01,6.988095641136169434e-01,4.696642514318227768e-03,1.867656856775283813e-01,6.517614722251892090e-01,-3.447528462857007980e-03,1.929585635662078857e-01,6.125649213790893555e-01,-9.705342352390289307e-03,2.040641605854034424e-01,7.767647504806518555e-01,8.776092901825904846e-03,1.804187744855880737e-01,7.227317094802856445e-01,-2.316703088581562042e-02,1.606635600328445435e-01,7.755086421966552734e-01,-2.979705855250358582e-02,1.686513423919677734e-01,8.115414381027221680e-01,-2.380138821899890900e-02,2.262112498283386230e-01,7.937584519386291504e-01,-6.822884548455476761e-03,1.935857236385345459e-01,7.536534070968627930e-01,-3.961272165179252625e-02,1.760016530752182007e-01,8.107267618179321289e-01,-3.144526854157447815e-02,1.886681169271469116e-01,8.374024033546447754e-01,-1.576816476881504059e-02,2.474723309278488159e-01,8.202231526374816895e-01,-2.347308583557605743e-02,2.086538374423980713e-01,7.890935540199279785e-01,-4.241714626550674438e-02,1.926122158765792847e-01,8.286712765693664551e-01,-3.464193269610404968e-02,2.046416848897933960e-01,8.502441644668579102e-01,-2.327861264348030090e-02
1.724208593368530273e-01,9.710471630096435547e-01,-1.930398667582267080e-07,1.412414461374282837e-01,9.119020104408264160e-01,-3.818553872406482697e-03,1.286029517650604248e-01,8.317829966545104980e-01,-9.340972639620304108e-03,1.396752744913101196e-01,7.683737277984619141e-01,-2.097249962389469147e-02,1.655134111642837524e-01,7.210035920143127441e-01,-3.257906809449195862e-02,1.773021221160888672e-01,7.745214104652404785e-01,1.943550817668437958e-02,1.849291771650314331e-01,7.026160955429077148e-01,4.005931317806243896e-03,1.844794005155563354e-01,6.543073058128356934e-01,-3.605260048061609268e-03,1.902043074369430542e-01,6.144871711730957031e-01,-9.673294611275196075e-03,2.017474472522735596e-01,7.831286191940307617e-01,7.452042307704687119e-03,1.789086610078811646e-01,7.228344082832336426e-01,-2.492349036037921906e-02,1.589903235435485840e-01,7.765938639640808105e-01,-3.065513633191585541e-02,1.666152626276016235e-01,8.170100450515747070e-01,-2.385505661368370056e-02,2.243426144123077393e-01,7.998268008232116699e-01,-8.541043847799301147e-03,1.917509585618972778e-01,7.527834177017211914e-01,-4.071467369794845581e-02,1.732448786497116089e-01,8.099130392074584961e-01,-3.169750049710273743e-02,1.853940635919570923e-01,8.403570652008056641e-01,-1.575075648725032806e-02,2.469490170478820801e-01,8.255724310874938965e-01,-2.563370950520038605e-02,2.078881859779357910e-01,7.898377180099487305e-01,-4.452997073531150818e-02,1.901156455278396606e-01,8.286145925521850586e-01,-3.702290728688240051e-02,2.011179924011230469e-01,8.535560369491577148e-01,-2.609374932944774628e-02
1.854331493377685547e-01,9.855629205703735352e-01,-1.804222193868554314e-07,1.460933089256286621e-01,9.272841215133666992e-01,-1.346501172520220280e-03,1.282758861780166626e-01,8.444238305091857910e-01,-7.055359892547130585e-03,1.359242796897888184e-01,7.790035605430603027e-01,-1.993817836046218872e-02,1.606041193008422852e-01,7.286052703857421875e-01,-3.280238434672355652e-02,1.761931777000427246e-01,7.816174626350402832e-01,2.372588589787483215e-02,1.838976740837097168e-01,7.088996171951293945e-01,7.748879957944154739e-03,1.822825074195861816e-01,6.580507755279541016e-01,4.117483331356197596e-04,1.877991110086441040e-01,6.165168881416320801e-01,-5.378115922212600708e-03,2.000093162059783936e-01,7.879446744918823242e-01,9.357500821352005005e-03,1.729980409145355225e-01,7.239108085632324219e-01,-2.340751513838768005e-02,1.514770835638046265e-01,7.806384563446044922e-01,-2.757813408970832825e-02,1.617268919944763184e-01,8.205054998397827148e-01,-1.902830973267555237e-02,2.223649322986602783e-01,8.036769628524780273e-01,-9.297794662415981293e-03,1.852389276027679443e-01,7.552516460418701172e-01,-4.202486947178840637e-02,1.667621433734893799e-01,8.169559836387634277e-01,-3.153520822525024414e-02,1.832502335309982300e-01,8.469530940055847168e-01,-1.434733252972364426e-02,2.459273636341094971e-01,8.294066190719604492e-01,-2.899225801229476929e-02,2.033412158489227295e-01,7.941925525665283203e-01,-4.810811579227447510e-02,1.856670379638671875e-01,8.369289040565490723e-01,-3.977765515446662903e-02,1.996665447950363159e-01,8.625224828720092773e-01,-2.815898507833480835e-02
1.618580520153045654e-01,9.845972061157226562e-01,-2.060723431895894464e-07,1.319327056407928467e-01,9.161847233772277832e-01,1.825793413445353508e-03,1.236350536346435547e-01,8.361067175865173340e-01,-1.446654554456472397e-03,1.349748969078063965e-01,7.751272916793823242e-01,-1.246140152215957642e-02,1.595910489559173584e-01,7.281054258346557617e-01,-2.406431362032890320e-02,1.734425127506256104e-01,7.815372943878173828e-01,2.491652593016624451e-02,1.811087876558303833e-01,7.080634236335754395e-01,8.910636417567729950e-03,1.789792925119400024e-01,6.587805151939392090e-01,5.145443137735128403e-04,1.846630871295928955e-01,6.189588904380798340e-01,-5.487530492246150970e-03,1.964607387781143188e-01,7.894204258918762207e-01,1.022521220147609711e-02,1.713859289884567261e-01,7.317460179328918457e-01,-2.261704020202159882e-02,1.487093567848205566e-01,7.853567600250244141e-01,-2.896105125546455383e-02,1.561884731054306030e-01,8.237764239311218262e-01,-2.190925367176532745e-02,2.180142104625701904e-01,8.054106235504150391e-01,-8.095708675682544708e-03,1.823737770318984985e-01,7.627044320106506348e-01,-3.988917544484138489e-02,1.637887358665466309e-01,8.206775784492492676e-01,-3.025414980947971344e-02,1.774352639913558960e-01,8.485270738601684570e-01,-1.335357502102851868e-02,2.402034401893615723e-01,8.312124013900756836e-01,-2.709796465933322906e-02,1.977441608905792236e-01,7.996832132339477539e-01,-4.427668824791908264e-02,1.812154948711395264e-01,8.403009772300720215e-01,-3.467362746596336365e-02,1.948335915803909302e-01,8.626581430435180664e-01,-2.187891304492950439e-02
1.643912792205810547e-01,9.868730902671813965e-01,-2.138558272690715967e-07,1.333513259887695312e-01,9.206513166427612305e-01,-2.679154276847839355e-03,1.219851151108741760e-01,8.407198190689086914e-01,-8.365481160581111908e-03,1.319723576307296753e-01,7.782188653945922852e-01,-2.060718461871147156e-02,1.572022587060928345e-01,7.308415174484252930e-01,-3.264022991061210632e-02,1.708164066076278687e-01,7.831664085388183594e-01,2.203556708991527557e-02,1.761619448661804199e-01,7.114972472190856934e-01,5.367602221667766571e-03,1.734843552112579346e-01,6.628721356391906738e-01,-3.294492373242974281e-03,1.779264360666275024e-01,6.229599118232727051e-01,-9.795880876481533051e-03,1.942609399557113647e-01,7.919326424598693848e-01,9.199172258377075195e-03,1.699049472808837891e-01,7.321684956550598145e-01,-2.487159706652164459e-02,1.484524458646774292e-01,7.865054011344909668e-01,-3.212795779109001160e-02,1.558427959680557251e-01,8.275547027587890625e-01,-2.576172351837158203e-02,2.154945433139801025e-01,8.093278408050537109e-01,-7.695015985518693924e-03,1.805920600891113281e-01,7.632900476455688477e-01,-4.184313863515853882e-02,1.622728556394577026e-01,8.223034739494323730e-01,-3.373480215668678284e-02,1.757688373327255249e-01,8.537235260009765625e-01,-1.765326783061027527e-02,2.357124686241149902e-01,8.366243839263916016e-01,-2.547997049987316132e-02,1.931103169918060303e-01,8.029277324676513672e-01,-4.554454982280731201e-02,1.778945922851562500e-01,8.441843390464782715e-01,-3.818424791097640991e-02,1.921479701995849609e-01,8.691872358322143555e-01,-2.681103534996509552e-02
1.609214246273040771e-01,9.885488152503967285e-01,-2.383656720894578029e-07,1.313659846782684326e-01,9.237431287765502930e-01,-2.574365818873047829e-03,1.215862184762954712e-01,8.438940048217773438e-01,-5.934847518801689148e-03,1.324300020933151245e-01,7.826641798019409180e-01,-1.530026085674762726e-02,1.544927656650543213e-01,7.352067828178405762e-01,-2.456680871546268463e-02,1.687025129795074463e-01,7.868347167968750000e-01,2.059045433998107910e-02,1.748671680688858032e-01,7.153025865554809570e-01,5.199811886996030807e-03,1.749262362718582153e-01,6.678054332733154297e-01,-3.991944249719381332e-03,1.805278360843658447e-01,6.287044882774353027e-01,-1.108161639422178268e-02,1.925800442695617676e-01,7.968725562095642090e-01,8.834254927933216095e-03,1.695450991392135620e-01,7.447087764739990234e-01,-2.324930950999259949e-02,1.498805731534957886e-01,7.928801178932189941e-01,-3.206070512533187866e-02,1.545613110065460205e-01,8.322479128837585449e-01,-2.816738560795783997e-02,2.138366699218750000e-01,8.144558668136596680e-01,-6.498756352812051773e-03,1.819277405738830566e-01,7.727084755897521973e-01,-3.863902017474174500e-02,1.642755717039108276e-01,8.257543444633483887e-01,-3.214186057448387146e-02,1.739175617694854736e-01,8.569071888923645020e-01,-1.805219240486621857e-02,2.345974445343017578e-01,8.416042923927307129e-01,-2.267743460834026337e-02,1.947171539068222046e-01,8.089250922203063965e-01,-4.218294471502304077e-02,1.785335540771484375e-01,8.469374775886535645e-01,-3.555301204323768616e-02,1.885650008916854858e-01,8.720616698265075684e-01,-2.485997788608074188e-02
1.616378724575042725e-01,9.941952228546142578e-01,-2.363888427225901978e-07,1.311712414026260376e-01,9.314262866973876953e-01,-2.678223885595798492e-03,1.194384843111038208e-01,8.501302599906921387e-01,-7.293289992958307266e-03,1.296629905700683594e-01,7.867041230201721191e-01,-1.809321343898773193e-02,1.535069197416305542e-01,7.396225929260253906e-01,-2.884022891521453857e-02,1.674285382032394409e-01,7.932538986206054688e-01,2.072306349873542786e-02,1.729091703891754150e-01,7.208304405212402344e-01,5.098780151456594467e-03,1.717370748519897461e-01,6.721109747886657715e-01,-2.882174681872129440e-03,1.770010888576507568e-01,6.320278644561767578e-01,-9.029471315443515778e-03,1.913555413484573364e-01,8.018400669097900391e-01,8.802288211882114410e-03,1.639427095651626587e-01,7.466567158699035645e-01,-2.389227412641048431e-02,1.442023813724517822e-01,7.996792793273925781e-01,-3.051939420402050018e-02,1.523409932851791382e-01,8.390854597091674805e-01,-2.429795265197753906e-02,2.126883417367935181e-01,8.187964558601379395e-01,-6.902037188410758972e-03,1.776546537876129150e-01,7.748314738273620605e-01,-3.949633985757827759e-02,1.597606837749481201e-01,8.315483927726745605e-01,-3.145587816834449768e-02,1.723159849643707275e-01,8.615723848342895508e-01,-1.607620157301425934e-02,2.336943298578262329e-01,8.454759120941162109e-01,-2.348617464303970337e-02,1.907551586627960205e-01,8.138749003410339355e-01,-4.323203116655349731e-02,1.744676977396011353e-01,8.541510105133056641e-01,-3.639281168580055237e-02,1.869064122438430786e-01,8.784925341606140137e-01,-2.550000511109828949e-02
1.524065732955932617e-01,9.986363053321838379e-01,-2.965479097838397138e-07,1.236099004745483398e-01,9.327841401100158691e-01,-8.464992861263453960e-04,1.153284981846809387e-01,8.532186746597290039e-01,-4.307762254029512405e-03,1.261834651231765747e-01,7.924809455871582031e-01,-1.402171701192855835e-02,1.493478864431381226e-01,7.481444478034973145e-01,-2.387724444270133972e-02,1.663270294666290283e-01,7.976943850517272949e-01,2.078347094357013702e-02,1.698026061058044434e-01,7.259772419929504395e-01,4.919345490634441376e-03,1.665627211332321167e-01,6.809129118919372559e-01,-4.511303734034299850e-03,1.707987487316131592e-01,6.442405581474304199e-01,-1.168309245258569717e-02,1.888736933469772339e-01,8.079069852828979492e-01,8.251345716416835785e-03,1.598579734563827515e-01,7.522373199462890625e-01,-2.490176260471343994e-02,1.389588713645935059e-01,8.056824803352355957e-01,-3.368073701858520508e-02,1.454712003469467163e-01,8.474119305610656738e-01,-2.936161123216152191e-02,2.092710286378860474e-01,8.248196840286254883e-01,-7.682134862989187241e-03,1.722892373800277710e-01,7.797893881797790527e-01,-4.045820608735084534e-02,1.541988253593444824e-01,8.358771204948425293e-01,-3.310246393084526062e-02,1.650817692279815674e-01,8.690615296363830566e-01,-1.820879988372325897e-02,2.294678688049316406e-01,8.519309759140014648e-01,-2.429461106657981873e-02,1.856702119112014771e-01,8.183664679527282715e-01,-4.467212036252021790e-02,1.707116365432739258e-01,8.585016131401062012e-01,-3.795713931322097778e-02,1.829624772071838379e-01,8.844317197799682617e-01,-2.699768729507923126e-02
1.512509733438491821e-01,1.002467393875122070e+00,-2.603512996302015381e-07,1.228697896003723145e-01,9.359662532806396484e-01,-3.491213545203208923e-03,1.126187294721603394e-01,8.574367761611938477e-01,-1.045234501361846924e-02,1.231049150228500366e-01,7.959839105606079102e-01,-2.327377162873744965e-02,1.489021629095077515e-01,7.516192197799682617e-01,-3.583966195583343506e-02,1.671197414398193359e-01,8.009051084518432617e-01,1.737859286367893219e-02,1.673675626516342163e-01,7.297444939613342285e-01,2.915341756306588650e-04,1.634332388639450073e-01,6.805096864700317383e-01,-8.748900145292282104e-03,1.662752628326416016e-01,6.397771835327148438e-01,-1.566354930400848389e-02,1.906019449234008789e-01,8.103471994400024414e-01,5.430206656455993652e-03,1.577833145856857300e-01,7.542396187782287598e-01,-2.818414196372032166e-02,1.365492939949035645e-01,8.100972771644592285e-01,-3.450196981430053711e-02,1.447441279888153076e-01,8.502793312072753906e-01,-2.809472009539604187e-02,2.101771086454391479e-01,8.281083106994628906e-01,-1.022369880229234695e-02,1.695451289415359497e-01,7.841296792030334473e-01,-4.294356703758239746e-02,1.507660448551177979e-01,8.403848409652709961e-01,-3.386441245675086975e-02,1.631577163934707642e-01,8.712999820709228516e-01,-1.792540214955806732e-02,2.270588576793670654e-01,8.560876846313476562e-01,-2.691226080060005188e-02,1.814729422330856323e-01,8.249365687370300293e-01,-4.633620008826255798e-02,1.658128201961517334e-01,8.646463751792907715e-01,-3.876124694943428040e-02,1.787843853235244751e-01,8.897778391838073730e-01,-2.735980413854122162e-02
1.479985564947128296e-01,1.001526117324829102e+00,-2.596752324279805180e-07,1.206401288509368896e-01,9.340035319328308105e-01,-2.262915950268507004e-03,1.118598729372024536e-01,8.565192222595214844e-01,-8.207933045923709869e-03,1.221614331007003784e-01,7.967683672904968262e-01,-2.026569470763206482e-02,1.465988755226135254e-01,7.522230148315429688e-01,-3.210683166980743408e-02,1.637798398733139038e-01,8.029494285583496094e-01,1.763079874217510223e-02,1.668063998222351074e-01,7.314630746841430664e-01,1.551269670017063618e-04,1.623828113079071045e-01,6.826212406158447266e-01,-8.999457582831382751e-03,1.644499748945236206e-01,6.422247290611267090e-01,-1.588954217731952667e-02,1.871532201766967773e-01,8.121037483215332031e-01,5.158366635441780090e-03,1.563479006290435791e-01,7.551423907279968262e-01,-2.866295911371707916e-02,1.353747248649597168e-01,8.109780550003051758e-01,-3.493806347250938416e-02,1.446886509656906128e-01,8.496150970458984375e-01,-2.851873822510242462e-02,2.077338099479675293e-01,8.300657272338867188e-01,-1.092745084315538406e-02,1.679159700870513916e-01,7.874200940132141113e-01,-4.364873468875885010e-02,1.495129317045211792e-01,8.448952436447143555e-01,-3.397899493575096130e-02,1.629685163497924805e-01,8.745763301849365234e-01,-1.772522553801536560e-02,2.262512445449829102e-01,8.584616184234619141e-01,-2.800389006733894348e-02,1.814891248941421509e-01,8.280000686645507812e-01,-4.712637141346931458e-02,1.652274131774902344e-01,8.684149384498596191e-01,-3.896947577595710754e-02,1.784793585538864136e-01,8.929586410522460938e-01,-2.732528559863567352e-02
1.472159177064895630e-01,1.001581907272338867e+00,-3.524817486777465092e-07,1.183296144008636475e-01,9.332563877105712891e-01,-2.853392623364925385e-03,1.099176928400993347e-01,8.565014600753784180e-01,-8.445171639323234558e-03,1.199957430362701416e-01,7.967749834060668945e-01,-1.968010514974594116e-02,1.450591385364532471e-01,7.517234086990356445e-01,-3.001962043344974518e-02,1.654398739337921143e-01,8.022685050964355469e-01,1.870062388479709625e-02,1.624126285314559937e-01,7.300965785980224609e-01,-9.598162723705172539e-04,1.525720506906509399e-01,6.955814957618713379e-01,-1.150699518620967865e-02,1.534846872091293335e-01,6.708480119705200195e-01,-1.823339052498340607e-02,1.877133995294570923e-01,8.113859295845031738e-01,7.223794236779212952e-03,1.594304144382476807e-01,7.508431077003479004e-01,-2.821880020201206207e-02,1.371102333068847656e-01,8.064512014389038086e-01,-3.666655346751213074e-02,1.448815315961837769e-01,8.463619351387023926e-01,-3.132437542080879211e-02,2.087602466344833374e-01,8.281529545783996582e-01,-8.172340691089630127e-03,1.694299280643463135e-01,7.815285921096801758e-01,-4.292675852775573730e-02,1.500613689422607422e-01,8.410081267356872559e-01,-3.533415496349334717e-02,1.625671535730361938e-01,8.736232519149780273e-01,-1.962692849338054657e-02,2.283591777086257935e-01,8.562671542167663574e-01,-2.439986541867256165e-02,1.823748946189880371e-01,8.253592252731323242e-01,-4.624306410551071167e-02,1.667082607746124268e-01,8.675875663757324219e-01,-4.046409577131271362e-02,1.808880418539047241e-01,8.931656479835510254e-01,-2.974161133170127869e-02
